:020000040800F2
:1000000000000220793F0008D13D0008D93D0008DA
:10001000E13D0008E93D0008F13D00080000000056
:100020000000000000000000000000005170000807
:10003000F93D000800000000B172000819730008C3
:10004000C93F0008C93F0008C93F0008C93F000870
:10005000C93F0008C93F0008C93F0008C93F000860
:10006000C93F0008C93F0008C93F0008C93F000850
:10007000C93F0008C93F0008C93F0008C93F000840
:10008000C93F0008C93F0008C93F0008C93F000830
:10009000FD470008C93F0008C93F0008C93F0008E4
:1000A000C93F0008C93F0008C93F0008C93F000810
:1000B000C93F0008314E0008C93F0008C93F000889
:1000C000C93F0008C93F0008C93F0008C93F0008F0
:1000D000C93F0008C93F0008C93F0008C93F0008E0
:1000E000C93F0008C93F0008C93F0008C93F0008D0
:1000F000C93F0008C93F0008C93F0008C93F0008C0
:10010000C93F0008C93F0008C93F0008C93F0008AF
:10011000C93F0008C93F0008093E0008C93F000860
:10012000C93F0008C93F0008C93F0008C93F00088F
:10013000C93F00080000000000000000C93F00089F
:10014000C93F0008C93F0008C93F0008C93F00086F
:10015000C93F0008C93F0008C93F0008C93F00085F
:10016000C93F0008C93F0008C93F0008C93F00084F
:10017000C93F0008C93F0008C93F0008000000004F
:1001800000000000C93F000800000000000000005F
:10019000C93F00080000000000000000C93F00083F
:1001A000000000000000000000000000C93F00083F
:1001B000C93F0008C93F0008C93F0008C93F0008FF
:0401C000C93F00082B
:1001D00010B5054C237833B9044B13B10448AFF381
:1001E00000800123237010BDD80100200000000012
:1001F00090CB000808B5034B1BB103490348AFF38C
:10020000008008BD00000000DC01002090CB000849
:1002100001F0FF01102A2BDB10F0070F08D010F8B7
:10022000013B013A8B422DD010F0070F42B3F6D1BB
:10023000F0B441EA012141EA014122F007047FF0D4
:1002400000070023F0E80256083C85EA010586EA2B
:10025000010685FA47F5A3FA87F586FA47F6A5FA67
:1002600087F68EB9EED1F0BC01F0FF0102F0070273
:1002700032B110F8013B013A83EA010313B1F8D11E
:100280000020704701387047002D06BF35460338FF
:10029000073815F0010F07D1013015F4807F02BF38
:1002A000013015F4C03F0130F0BC0138704700BF89
:1002B000034613F8012B002AFBD1181A01387047A6
:1002C00081F0004102E000BF83F0004330B54FEA07
:1002D00041044FEA430594EA050F08BF90EA020F74
:1002E0001FBF54EA000C55EA020C7FEA645C7FEA07
:1002F000655C00F0E2804FEA5454D4EB5555B8BF2A
:100300006D420CDD2C4480EA020281EA030382EA9A
:10031000000083EA010180EA020281EA0303362D2C
:1003200088BF30BD11F0004F4FEA01314FF4801CFF
:100330004CEA113102D0404261EB410113F0004F11
:100340004FEA03334CEA133302D0524263EB4303C8
:1003500094EA050F00F0A780A4F10104D5F1200E66
:100360000DDB02FA0EFC22FA05F2801841F10001C1
:1003700003FA0EF2801843FA05F359410EE0A5F195
:1003800020050EF1200E012A03FA0EFC28BF4CF0C6
:10039000020C43FA05F3C01851EBE37101F000457C
:1003A00007D54FF0000EDCF1000C7EEB00006EEB89
:1003B0000101B1F5801F1BD3B1F5001F0CD3490813
:1003C0005FEA30004FEA3C0C04F101044FEA44526A
:1003D00012F5800F80F09A80BCF1004F08BF5FEAF1
:1003E000500C50F1000041EB045141EA050130BDD1
:1003F0005FEA4C0C404141EB0101013C28BFB1F5E3
:10040000801FE9D291F0000F04BF01460020B1FA2D
:1004100081F308BF2033A3F10B03B3F120020CDA00
:100420000C3208DD02F1140CC2F10C0201FA0CF0DE
:1004300021FA02F10CE002F11402D8BFC2F1200C43
:1004400001FA02F120FA0CFCDCBF41EA0C019040F9
:10045000E41AA2BF01EB0451294330BD6FEA040442
:100460001F3C1CDA0C340EDC04F11404C4F120022D
:1004700020FA04F001FA02F340EA030021FA04F33F
:1004800045EA030130BDC4F10C04C4F1200220FA96
:1004900002F001FA04F340EA0300294630BD21FAD4
:1004A00004F0294630BD94F0000F83F4801306BF9A
:1004B00081F480110134013D4EE77FEA645C18BF8E
:1004C0007FEA655C29D094EA050F08BF90EA020F25
:1004D00005D054EA000C04BF1946104630BD91EA1D
:1004E000030F1EBF0021002030BD5FEA545C05D120
:1004F0004000494128BF41F0004130BD14F580045F
:100500003CBF01F5801130BD01F0004545F0FE41D2
:1005100041F470014FF0000030BD7FEA645C1ABF07
:10052000194610467FEA655C1CBF0B46024650EA3E
:10053000013406BF52EA033591EA030F41F400216A
:1005400030BD00BF90F0000F04BF0021704730B5F0
:100550004FF4806404F132044FF000054FF00001C5
:1005600050E700BF90F0000F04BF0021704730B586
:100570004FF4806404F1320410F0004548BF40425B
:100580004FF000013EE700BF42004FEAE2014FEAB0
:1005900031014FEA02701FBF12F07F4393F07F4F8B
:1005A00081F06051704732F07F4208BF704793F08E
:1005B0007F4F04BF41F40021704730B54FF46074A1
:1005C00001F0004521F000411CE700BF50EA0102A4
:1005D00008BF704730B54FF000050AE050EA01024D
:1005E00008BF704730B511F0004502D5404261EBBD
:1005F00041014FF4806404F132045FEA915C3FF4FE
:10060000D8AE4FF003025FEADC0C18BF03325FEA9A
:10061000DC0C18BF033202EBDC02C2F1200300FA4B
:1006200003FC20FA02F001FA03FE40EA0E0021FA70
:1006300002F11444BDE600BF70B54FF0FF0C4CF45E
:10064000E06C1CEA11541DBF1CEA135594EA0C0F10
:1006500095EA0C0F00F0DEF82C4481EA030621EA4B
:100660004C5123EA4C5350EA013518BF52EA033586
:1006700041F4801143F4801338D0A0FB02CE4FF038
:100680000005E1FB02E506F00042E0FB03E54FF068
:100690000006E1FB03569CF0000F18BF4EF0010E60
:1006A000A4F1FF04B6F5007F64F5407404D25FEA5C
:1006B0004E0E6D4146EB060642EAC62141EA55510F
:1006C0004FEAC52040EA5E504FEACE2EB4F1FD0C51
:1006D00088BFBCF5E06F1ED8BEF1004F08BF5FEACF
:1006E000500E50F1000041EB045170BD06F0004681
:1006F00046EA010140EA020081EA0301B4EB5C042E
:10070000C2BFD4EB0C0541EA045170BD41F4801125
:100710004FF0000E013C00F3AB8014F1360FDEBF4A
:10072000002001F0004170BDC4F10004203C35DA26
:100730000C341BDC04F11404C4F1200500FA05F3A9
:1007400020FA04F001FA05F240EA020001F000424A
:1007500021F0004110EBD37021FA04F642EB0601C0
:100760005EEA430E08BF20EAD37070BDC4F10C04EA
:10077000C4F1200500FA04F320FA05F001FA04F2AE
:1007800040EA020001F0004110EBD37041F100019A
:100790005EEA430E08BF20EAD37070BDC4F12005A5
:1007A00000FA05F24EEA020E20FA04F301FA05F20D
:1007B00043EA020321FA04F001F0004121FA04F2B5
:1007C00020EA020000EBD3705EEA430E08BF20EA85
:1007D000D37070BD94F0000F0FD101F000464000BF
:1007E00041EB010111F4801F08BF013CF7D041EA41
:1007F000060195F0000F18BF704703F00046520045
:1008000043EB030313F4801F08BF013DF7D043EA15
:100810000603704794EA0C0F0CEA135518BF95EACB
:100820000C0F0CD050EA410618BF52EA4306D1D152
:1008300081EA030101F000414FF0000070BD50EA71
:10084000410606BF1046194652EA430619D094EAFB
:100850000C0F02D150EA013613D195EA0C0F05D1E5
:1008600052EA03361CBF104619460AD181EA030139
:1008700001F0004141F0FE4141F470014FF00000F1
:1008800070BD41F0FE4141F4780170BD70B54FF08C
:10089000FF0C4CF4E06C1CEA11541DBF1CEA13550C
:1008A00094EA0C0F95EA0C0F00F0A7F8A4EB0504EE
:1008B00081EA030E52EA03354FEA013100F08880E5
:1008C0004FEA03334FF0805545EA131343EA1263AE
:1008D0004FEA022245EA111545EA10654FEA002663
:1008E0000EF000419D4208BF964244F1FD0404F51C
:1008F000407402D25B084FEA3202B61A65EB030578
:100900005B084FEA32024FF480104FF4002CB6EB34
:10091000020E75EB030E22BFB61A754640EA0C00B4
:100920005B084FEA3202B6EB020E75EB030E22BFF4
:10093000B61A754640EA5C005B084FEA3202B6EB35
:10094000020E75EB030E22BFB61A754640EA9C00F4
:100950005B084FEA3202B6EB020E75EB030E22BFC4
:10096000B61A754640EADC0055EA060E18D04FEA82
:10097000051545EA16754FEA06164FEAC30343EA22
:1009800052734FEAC2025FEA1C1CC0D111F4801FEF
:100990000BD141EA00014FF000004FF0004CB6E7E8
:1009A00011F4801F04BF01430020B4F1FD0C88BF87
:1009B000BCF5E06F3FF6AFAEB5EB030C04BFB6EB92
:1009C000020C5FEA500C50F1000041EB045170BD85
:1009D0000EF0004E4EEA113114EB5C04C2BFD4EBB2
:1009E0000C0541EA045170BD41F480114FF0000E36
:1009F000013C90E645EA060E8DE60CEA135594EAB2
:100A00000C0F08BF95EA0C0F3FF43BAF94EA0C0FB4
:100A10000AD150EA01347FF434AF95EA0C0F7FF429
:100A200025AF104619462CE795EA0C0F06D152EA7D
:100A300003353FF4FDAE1046194622E750EA410661
:100A400018BF52EA43067FF4C5AE50EA41047FF472
:100A50000DAF52EA43057FF4EBAE12E74FF0FF3CD7
:100A600006E000BF4FF0010C02E000BF4FF0010CA8
:100A70004DF804CD4FEA410C7FEA6C5C4FEA430C21
:100A800018BF7FEA6C5C1BD001B050EA410C0CBF70
:100A900052EA430C91EA030F02BF90EA020F0020D2
:100AA000704710F1000F91EA030F58BF994208BF39
:100AB00090422CBFD8176FEAE37040F001007047F6
:100AC0004FEA410C7FEA6C5C02D150EA013C07D14D
:100AD0004FEA430C7FEA6C5CD6D152EA033CD3D098
:100AE0005DF8040B704700BF8446104662468C4692
:100AF0001946634600E000BF01B5FFF7B7FF0028C5
:100B000048BF10F1000F01BD4DF808EDFFF7F4FFED
:100B10000CBF012000205DF808FB00BF4DF808ED78
:100B2000FFF7EAFF34BF012000205DF808FB00BF9B
:100B30004DF808EDFFF7E0FF94BF012000205DF8BD
:100B400008FB00BF4DF808EDFFF7CEFF94BF012072
:100B500000205DF808FB00BF4DF808EDFFF7C4FF6B
:100B600034BF012000205DF808FB00BF4FEA410CB4
:100B70007FEA6C5C02D150EA013C0AD14FEA430C97
:100B80007FEA6C5C02D152EA033C02D14FF00000D4
:100B900070474FF0010070474FEA410212F5001212
:100BA00015D211D56FF47873B3EB625212D94FEAB4
:100BB000C12343F0004343EA505311F0004F23FA9E
:100BC00002F018BF404270474FF00000704750EAF3
:100BD000013005D111F0004008BF6FF000407047B0
:100BE0004FF00000704700BF4A0011D212F500120A
:100BF00011D20DD56FF47873B3EB62520ED44FEA75
:100C0000C12343F0004343EA505323FA02F07047F4
:100C10004FF00000704750EA013002D14FF0FF3032
:100C200070474FF0000070474FEA4102B2F1E043D5
:100C300024BFB3F5001CDCF1FE5C0DD901F0004CC3
:100C40004FEAC0024CEA5070B2F1004F40EB830013
:100C500008BF20F00100704711F0804F21D113F13F
:100C60003872BCBF01F00040704741F480114FEA78
:100C70005252C2F11802C2F1200C10FA0CF320FA01
:100C800002F018BF40F001004FEAC1234FEAD3231E
:100C900003FA0CFC40EA0C0023FA02F34FEA430388
:100CA000CCE77FEA625307D150EA01331EBF4FF011
:100CB000FE4040F44000704701F0004040F0FE402C
:100CC00040F40000704700BF38B5002200230446FE
:100CD0000D46FFF723FF28B920462946BDE83840D6
:100CE00000F00AB8204605F1004100F005F8404246
:100CF00061EB410138BD00BFD0B50C4B0022064668
:100D00000F46FFF799FCFFF76FFF0446FFF71AFC49
:100D1000074B0022FFF790FC02460B46304639464F
:100D2000FFF7D2FAFFF760FF2146D0BD0000F03D8B
:100D30000000F04180B489B000AFF8600B467A60E3
:100D40007B810023FB6143E0FB695B007A6813440D
:100D50001B889B089BB2BB61FB6901335B007A680F
:100D600013441B889B089BB27B61BB699B00FA689C
:100D700013441B683B617B699B00FA681A44BB699A
:100D80009B00F9680B4412681A607B699B00FA6843
:100D900013443A691A60BB6901339B00FA68134433
:100DA0001B683B617B6901339B00FA681A44BB698D
:100DB00001339B00F9680B4412681A607B690133A8
:100DC0009B00FA6813443A691A60FB690233FB61BD
:100DD0007B89FA699A42B7D300BF00BF2437BD466A
:100DE0005DF8047B704780B5A0B000AF78603960D3
:100DF0007B681B88BB66BB6E9B003A6813447B67AD
:100E00007B685B683B673B687B667B6F3B66BB6E62
:100E10005B08BB66BB6E9B003A681344FB67BB6E06
:100E20009B007A6F1344BB67BB6E9B08FB66B6E101
:100E30003B681B68BB633B685B68FB633B689B6804
:100E40003B643B68DB687B647B6F1B68BB627B6FCA
:100E50005B68FB627B6F9B683B637B6FDB687B63DC
:100E6000FB6F1B68BB61FB6F5B68FB61FB6F9B6883
:100E70003B62FB6FDB687B62BB6F1B68BB60BB6F59
:100E80005B68FB60BB6F9B683B61BB6FDB687B6132
:100E900097ED0E7AD7ED0A7A3B681A1D3A6077EE25
:100EA000277AC3ED007A97ED0F7AD7ED0B7A3B687E
:100EB0001A1D3A6077EE277AC3ED007A97ED107A23
:100EC000D7ED0C7A3B681A1D3A6077EE277AC3EDAE
:100ED000007A97ED117AD7ED0D7A3B681A1D3A60CA
:100EE00077EE277AC3ED007A97ED0E7AD7ED0A7A7E
:100EF00077EE677AC7ED0A7A97ED0F7AD7ED0B7A1E
:100F000077EE677AC7ED0B7A97ED107AD7ED0C7A0A
:100F100077EE677AC7ED0C7A97ED117AD7ED0D7AF7
:100F200077EE677AC7ED0D7A97ED067AD7ED027AFC
:100F3000FB6F1A1DFA6777EE277AC3ED007A97EDFB
:100F4000077AD7ED037AFB6F1A1DFA6777EE277AD7
:100F5000C3ED007A97ED087AD7ED047AFB6F1A1D7E
:100F6000FA6777EE277AC3ED007A97ED097AD7ED25
:100F7000057AFB6F1A1DFA6777EE277AC3ED007AC0
:100F800097ED027AD7ED067A77EE677AC7ED027AA7
:100F900097ED037AD7ED077A77EE677AC7ED037A94
:100FA00097ED047AD7ED087A77EE677AC7ED047A81
:100FB00097ED057AD7ED097A77EE677AC7ED057A6E
:100FC0003B6F1A1D3A671B68FB653B6F1A1D3A673A
:100FD0001B68BB65D7ED0A7A97ED177A67EE277A1B
:100FE000C7ED157AD7ED0B7A97ED167A67EE277A6B
:100FF000C7ED147AD7ED0B7A97ED177A67EE277A5B
:10100000C7ED137AD7ED0A7A97ED167A67EE277A4D
:10101000C7ED127A7B6F1A1D7A6797ED157AD7EDB7
:10102000147A77EE277AC3ED007A7B6F1A1D7A6700
:1010300097ED137AD7ED127A77EE677AC3ED007ADF
:10104000D7ED027A97ED167A67EE277AC7ED157A13
:10105000D7ED037A97ED177A67EE277AC7ED147A02
:10106000D7ED037A97ED167A67EE277AC7ED137AF4
:10107000D7ED027A97ED177A67EE277AC7ED127AE5
:10108000BB6F1A1DBA6797ED157AD7ED147A77EE14
:10109000677AC3ED007ABB6F1A1DBA6797ED137AB2
:1010A000D7ED127A77EE277AC3ED007A3B6F1A1DDF
:1010B0003A671B68FB653B6F1A1D3A671B68BB6587
:1010C000D7ED0C7A97ED177A67EE277AC7ED157A88
:1010D000D7ED0D7A97ED167A67EE277AC7ED147A79
:1010E000D7ED0D7A97ED177A67EE277AC7ED137A69
:1010F000D7ED0C7A97ED167A67EE277AC7ED127A5C
:101100007B6F1A1D7A6797ED157AD7ED147A77EE13
:10111000277AC3ED007A7B6F1A1D7A6797ED137AF1
:10112000D7ED127A77EE677AC3ED007AD7ED047ABD
:1011300097ED167A67EE277AC7ED157AD7ED057A1F
:1011400097ED177A67EE277AC7ED147AD7ED057A0F
:1011500097ED167A67EE277AC7ED137AD7ED047A02
:1011600097ED177A67EE277AC7ED127ABB6F1A1DD3
:10117000BA6797ED157AD7ED147A77EE677AC3EDF3
:10118000007ABB6F1A1DBA6797ED137AD7ED127A02
:1011900077EE277AC3ED007AFB6E013BFB66FB6EB0
:1011A000002B7FF445AEBB6E99B27B685A68022370
:1011B000786E01F00FF8BB6E99B27B685A68022313
:1011C000386E01F007F800BF8037BD4680BD80B59E
:1011D000ACB000AF786039607B681B885B089BB25D
:1011E000C7F88030D7F880309B003A681344C7F8BE
:1011F0009030D7F880309B00D7F890201344C7F880
:101200008C30D7F880309B00D7F88C201344C7F877
:1012100088303B68FB67D7F89030BB67D7F88C30D5
:101220007B67D7F888303B67D7F89030043BC7F826
:10123000AC30D7F88C30043BC7F8A830D7F88830EA
:10124000043BC7F8A430D7F880309B00D7F8A4201F
:101250001344C7F8A0307B685B68C7F89430D7F8B0
:101260009430C7F89830D7F89830C7F89C30D7F842
:1012700080305B08C7F880300223FB660423BB661E
:1012800006237B663B6893ED007AD7F88C30D3ED6C
:10129000007A77EE277AC7ED187A3B6893ED007AEB
:1012A000D7F88C30D3ED007A77EE677AC7ED177AEE
:1012B0003B68043393ED007AD7F88C300433D3EDD8
:1012C000007A77EE277AC7ED167A3B68043393ED00
:1012D000007AD7F88C300433D3ED007A77EE677A52
:1012E000C7ED157AD7F89030043393ED007AD7ED37
:1012F000177A37EE277AD7F888300433D3ED007A9F
:1013000077EE677AC7ED0B7AD7F89030D3ED007A95
:1013100097ED157A37EE677AD7F88830D3ED007AF3
:1013200077EE277AC7ED0C7AD7F89030D3ED007AB4
:1013300097ED187A37EE677AD7F88830D3ED007AD0
:1013400077EE677AC7ED077AD7F890300433D3ED9C
:10135000007A97ED167A37EE677AD7F8883004333B
:10136000D3ED007A77EE677AC7ED087AD7F8903038
:101370000433D3ED007A97ED177A37EE677AD7F812
:1013800088300433D3ED007A77EE277AC7ED037AFD
:10139000D7F8903093ED007AD7ED157A37EE277AAB
:1013A000D7F88830D3ED007A77EE677AC7ED047A04
:1013B000D7F8903093ED007AD7ED187A37EE277A88
:1013C000D7F88830D3ED007A3B681A1D3A6077EE83
:1013D000277AC3ED007AD7F89030043393ED007A82
:1013E000D7ED167A37EE277AD7F888300433D3ED65
:1013F000007A3B681A1D3A6077EE277AC3ED007ACF
:10140000D7F890301A1DC7F89020FA6A1A60D7F8FA
:1014100090301A1DC7F890203A6B1A60D7F88C30BC
:101420001A1DC7F88C20FA691A60D7F88C301A1D7B
:10143000C7F88C203A6A1A60D7F888301A1DC7F8A6
:101440008820FA681A60D7F888301A1DC7F88820F3
:101450003A691A60FB6E9B00D7F89C201344C7F8CA
:101460009C30BB6E9B00D7F898201344C7F8983087
:101470007B6E9B00D7F894201344C7F89430D7F8BC
:101480008030023B5B08C7F884301CE33B6893ED77
:10149000007AD7F88C30D3ED007A77EE277AC7ED53
:1014A000187A3B6893ED007AD7F88C30D3ED007A48
:1014B00077EE677AC7ED177A3B68043393ED007ACD
:1014C000D7F88C300433D3ED007A77EE277AC7ED66
:1014D000167A3B68043393ED007AD7F88C300433E6
:1014E000D3ED007A77EE677AC7ED157AD7F89030AA
:1014F000043393ED007AD7ED177A37EE277AD7F8D1
:1015000088300433D3ED007A77EE677AC7ED0B7A33
:10151000D7F89030D3ED007A97ED157A37EE677AE9
:10152000D7F88830D3ED007A77EE277AC7ED0C7ABA
:10153000D7F89030D3ED007A97ED187A37EE677AC6
:10154000D7F88830D3ED007A77EE677AC7ED077A5F
:10155000D7F890300433D3ED007A97ED167A37EE52
:10156000677AD7F888300433D3ED007A77EE677A5C
:10157000C7ED087AD7F890300433D3ED007A97EDB1
:10158000177A37EE677AD7F888300433D3ED007ACC
:1015900077EE277AC7ED037AD7F8903093ED007A8B
:1015A000D7ED157A37EE277AD7F88830D3ED007A61
:1015B00077EE677AC7ED047AD7F8903093ED007A2A
:1015C000D7ED187A37EE277AD7F88830D3ED007A3E
:1015D0003B681A1D3A6077EE277AC3ED007AD7F898
:1015E0009030043393ED007AD7ED167A37EE277AF0
:1015F000D7F888300433D3ED007A3B681A1D3A607F
:1016000077EE277AC3ED007AD7F8AC30043B93ED40
:10161000007AD7F8A430043BD3ED007A77EE277A2E
:10162000C7ED167AD7F8AC30043B93ED007AD7F8C3
:10163000A430043BD3ED007A77EE677AC7ED157AD4
:10164000D7F8AC3093ED007AD7F8A430D3ED007A18
:1016500077EE277AC7ED187AD7F8AC3093ED007A99
:10166000D7F8A430D3ED007A77EE677AC7ED177A12
:10167000D7F8A83093ED007AD7F8A030D3ED007AF0
:1016800037EE677AD7ED157A77EE277AC7ED0D7AC0
:10169000D7F8AC3093ED007AD7F8A430D3ED007AC8
:1016A00037EE677AD7F8A830043BD3ED007A37EEEF
:1016B000677AD7F8A030043BD3ED007A77EE277A2B
:1016C000C7ED0E7AD7F8A830043BD3ED007A97ED3A
:1016D000167A37EE677AD7F8A030043BD3ED007A5C
:1016E00077EE677AC7ED097AD7F8A830D3ED007A9C
:1016F00097ED187A37EE677AD7F8A030D3ED007AF5
:1017000077EE677AC7ED0A7AD7F8A83093ED007ABA
:10171000D7F8A030D3ED007A37EE677AD7ED157A97
:1017200077EE677AC7ED057AD7F8A030043B93EDE2
:10173000007AD7F8A830043BD3ED007A37EE677A09
:10174000D7ED177A77EE677AC7ED067AD7F8A83023
:1017500093ED007AD7ED187A37EE277AD7F8A030D4
:10176000D3ED007AD7F8AC301A1FC7F8AC2077EE6B
:10177000277AC3ED007AD7F8A830043B93ED007ABE
:10178000D7ED167A37EE277AD7F8A030043BD3EDA1
:10179000007AD7F8AC301A1FC7F8AC2077EE277A5A
:1017A000C3ED007AD7F89C301A1DC7F89C201B683F
:1017B0003B65D7F89C301A1DC7F89C201B68FB645A
:1017C000D7ED0B7A97ED147A67EE277AC7ED127A88
:1017D000D7ED0C7A97ED137A67EE277AC7ED117A79
:1017E000D7ED0C7A97ED147A67EE277AC7ED107A69
:1017F000D7ED0B7A97ED137A67EE277AC7ED0F7A5C
:10180000D7F890301A1DC7F8902097ED127AD7EDCF
:10181000117A77EE277AC3ED007AD7F890301A1D47
:10182000C7F8902097ED107AD7ED0F7A77EE677AA8
:10183000C3ED007AD7ED0E7A97ED137A67EE277A2B
:10184000C7ED127AD7ED0D7A97ED147A67EE277A05
:10185000C7ED117AD7ED0D7A97ED137A67EE277AF7
:10186000C7ED107AD7ED0E7A97ED147A67EE277AE6
:10187000C7ED0F7AD7F8A8301A1FC7F8A82097ED40
:10188000127AD7ED117A77EE677AC3ED007AD7F83E
:10189000A8301A1FC7F8A82097ED107AD7ED0F7A55
:1018A00077EE277AC3ED007AD7F898301B683B654E
:1018B000D7F8983004331B68FB64BB6E9B00D7F8E5
:1018C00098201344C7F89830D7ED077A97ED147A2B
:1018D00067EE277AC7ED127AD7ED087A97ED137A7B
:1018E00067EE277AC7ED117AD7ED087A97ED147A6B
:1018F00067EE277AC7ED107AD7ED077A97ED137A5E
:1019000067EE277AC7ED0F7AD7F88C301A1DC7F823
:101910008C2097ED127AD7ED117A77EE277AC3ED06
:10192000007AD7F88C301A1DC7F88C2097ED107A02
:10193000D7ED0F7A77EE677AC3ED007AD7ED0A7AA2
:10194000F1EE677A97ED147A67EE277AC7ED127A8F
:10195000D7ED097A97ED137A67EE277AC7ED117AFA
:10196000D7ED097A97ED147A67EE277AC7ED107AEA
:10197000D7ED0A7A97ED137A67EE277AC7ED0F7ADB
:10198000D7F8A4301A1FC7F8A42097ED127AD7ED24
:10199000117A77EE677AC3ED007AD7F8A4301A1F70
:1019A000C7F8A42097ED0F7AD7ED107A77EE677A13
:1019B000C3ED007AD7F894301B683B65D7F89430B4
:1019C00004331B68FB647B6E9B00D7F894201344A0
:1019D000C7F89430D7ED037A97ED147A67EE277A3B
:1019E000C7ED127AD7ED047A97ED137A67EE277A6E
:1019F000C7ED117AD7ED047A97ED147A67EE277A5E
:101A0000C7ED107AD7ED037A97ED137A67EE277A50
:101A1000C7ED0F7AD7F888301A1DC7F8882097EDE0
:101A2000127AD7ED117A77EE277AC3ED007AD7F8DC
:101A300088301A1DC7F8882097ED107AD7ED0F7AF5
:101A400077EE677AC3ED007AD7ED067A97ED137AD1
:101A500067EE277AC7ED127AD7ED057A97ED147AFB
:101A600067EE277AC7ED117AD7ED057A97ED137AED
:101A700067EE277AC7ED107AD7ED067A97ED147ADC
:101A800067EE277AC7ED0F7AD7F8A0301A1FC7F88C
:101A9000A02097ED127AD7ED117A77EE677AC3ED31
:101AA000007AD7F8A0301A1FC7F8A02097ED107A57
:101AB000D7ED0F7A77EE277AC3ED007AD7F8843026
:101AC000013BC7F88430D7F88430002B7FF4DEACBC
:101AD0003B6893ED007AD7F88C30D3ED007A77EE3F
:101AE000277AC7ED187A3B6893ED007AD7F88C30E7
:101AF000D3ED007A77EE677AC7ED177A3B68043347
:101B000093ED007AD7F88C300433D3ED007A77EE7A
:101B1000277AC7ED167A3B68043393ED007AD7F83D
:101B20008C300433D3ED007A77EE677AC7ED157AFF
:101B3000D7F89030043393ED007AD7ED177A37EE6B
:101B4000277AD7F888300433D3ED007A77EE677AB6
:101B5000C7ED0B7AD7F89030D3ED007A97ED157A70
:101B600037EE677AD7F88830D3ED007A77EE277AA8
:101B7000C7ED0C7AD7F89030D3ED007A97ED187A4C
:101B800037EE677AD7F88830D3ED007A77EE677A48
:101B9000C7ED077AD7F890300433D3ED007A97ED8C
:101BA000167A37EE677AD7F888300433D3ED007AA7
:101BB00077EE677AC7ED087AD7F890300433D3ED23
:101BC000007A97ED177A37EE677AD7F888300433C2
:101BD000D3ED007A77EE277AC7ED037AD7F8903005
:101BE00093ED007AD7ED157A37EE277AD7F888305B
:101BF000D3ED007A77EE677AC7ED047AD7F89030A4
:101C000093ED007AD7ED187A37EE277AD7F8883037
:101C1000D3ED007A3B681A1D3A6077EE277AC3ED60
:101C2000007AD7F89030043393ED007AD7ED167A26
:101C300037EE277AD7F888300433D3ED007A3B6843
:101C40001A1D3A6077EE277AC3ED007AD7F89C30F8
:101C50001B683B65D7F89C3004331B68FB64D7EDE9
:101C60000B7A97ED147A67EE277AC7ED127AD7EDE3
:101C70000C7A97ED137A67EE277AC7ED117AD7EDD4
:101C80000C7A97ED147A67EE277AC7ED107AD7EDC4
:101C90000B7A97ED137A67EE277AC7ED0F7AD7F8AC
:101CA00090301A1DC7F8902097ED127AD7ED117A6F
:101CB00077EE277AC3ED007AD7F890301A1DC7F86F
:101CC000902097ED107AD7ED0F7A77EE677AC3ED13
:101CD000007AD7F898301B683B65D7F89830043302
:101CE0001B68FB64D7ED077A97ED147A67EE277AC5
:101CF000C7ED127AD7ED087A97ED137A67EE277A57
:101D0000C7ED117AD7ED087A97ED147A67EE277A46
:101D1000C7ED107AD7ED077A97ED137A67EE277A39
:101D2000C7ED0F7AD7F88C301A1DC7F88C2097EDC5
:101D3000127AD7ED117A77EE277AC3ED007AD7F8C9
:101D40008C301A1DC7F88C2097ED107AD7ED0F7ADA
:101D500077EE677AC3ED007AD7F894301B683B655D
:101D6000D7F8943004331B68FB64D7ED037A97ED02
:101D7000147A67EE277AC7ED127AD7ED047A97EDD9
:101D8000137A67EE277AC7ED117AD7ED047A97EDCB
:101D9000147A67EE277AC7ED107AD7ED037A97EDBC
:101DA000137A67EE277AC7ED0F7AD7F888301A1DB5
:101DB000C7F8882097ED127AD7ED117A77EE277A57
:101DC000C3ED007AD7F888301A1DC7F8882097ED40
:101DD000107AD7ED0F7A77EE677AC3ED007AD7F8ED
:101DE000803099B27B685A680423F86F00F0F2F9EA
:101DF000D7F8803099B27B685A680423B86F00F036
:101E0000E9F9D7F8803099B27B685A680423786F73
:101E100000F0E0F9D7F8803099B27B685A68042363
:101E2000386F00F0D7F900BFB037BD4680BD80B530
:101E300088B000AFF860B96011461A460B46FB71D6
:101E40001346BB71FB681B887B61FB79012B17D1A3
:101E5000BB680433BB610023FB610DE0BB69D3EDBC
:101E6000007AF1EE677ABB69C3ED007ABB6908338B
:101E7000BB61FB690133FB61FA697B699A42EDD36F
:101E80007B69B3F5805F40D07B69B3F5805F45D84F
:101E90007B69B3F5006F33D07B69B3F5006F3DD834
:101EA0007B69B3F5806F26D07B69B3F5806F35D839
:101EB0007B69B3F5007F28D07B69B3F5007F2DD80F
:101EC0007B69B3F5807F1BD07B69B3F5807F25D814
:101ED0007B69802B0FD07B69802B1FD87B69402BBF
:101EE00013D07B69402B19D87B69102B03D07B69F9
:101EF000202B05D012E0B968F868FEF774FF0DE0FA
:101F0000B968F868FFF763F908E07B6999B2FB6884
:101F10005A680123B86800F05DF900BFBB79002B57
:101F200007D0FB689989FB689B681A46B868FEF77A
:101F300001FFFB79012B30D17B6907EE903AB8EEB7
:101F4000677AF7EE006AC6EE877AC7ED047ABB6857
:101F5000BB610023FB611CE0BB691A1DBA6193EDF4
:101F6000007AD7ED047A67EE277AC3ED007ABB6971
:101F7000D3ED007AB1EE677AD7ED047A67EE277A6F
:101F8000BB69C3ED007ABB690433BB61FB690133F4
:101F9000FB61FA697B699A42DED300BF2037BD46F8
:101FA00080BD000080B485B000AF78600023FB7373
:101FB0007B684FF400621A807B6800225A600A4BEB
:101FC0009A897B689A81084B9A687B689A60064B6D
:101FD0005A687B685A6097F90F3018461437BD4627
:101FE0005DF8047B704700BFB001020880B485B083
:101FF00000AF78600023FB737B684FF480621A8027
:102000007B6800225A600A4B9A897B689A81084B48
:102010009A687B689A60064B5A687B685A6097F9A1
:102020000F3018461437BD465DF8047B704700BF7B
:10203000A001020880B485B000AF78600023FB7374
:102040007B684FF400721A807B6800225A600A4B4A
:102050009A897B689A81084B9A687B689A60064BDC
:102060005A687B685A6097F90F3018461437BD4696
:102070005DF8047B704700BF9001020880B485B012
:1020800000AF78600023FB737B684FF480721A8086
:102090007B6800225A600A4B9A897B689A81084BB8
:1020A0009A687B689A60064B5A687B685A6097F911
:1020B0000F3018461437BD465DF8047B704700BFEB
:1020C0008001020880B485B000AF78600023FB7304
:1020D0007B6880221A807B6800225A60094B9A89AB
:1020E0007B689A81074B9A687B689A60054B5A68AF
:1020F0007B685A6097F90F3018461437BD465DF873
:10210000047B70477001020880B485B000AF78602E
:102110000023FB737B6840221A807B6800225A6090
:10212000094B9A897B689A81074B9A687B689A6009
:10213000054B5A687B685A6097F90F301846143778
:10214000BD465DF8047B70476001020880B485B02D
:1021500000AF78600023FB737B6820221A807B68C5
:1021600000225A60094B9A897B689A81074B9A68CA
:102170007B689A60054B5A687B685A6097F90F3004
:1021800018461437BD465DF8047B704750010208BD
:1021900080B485B000AF78600023FB737B681022A9
:1021A0001A807B6800225A60094B9A897B689A8161
:1021B000074B9A687B689A60054B5A687B685A603F
:1021C00097F90F3018461437BD465DF8047B704709
:1021D0004001020880B4BDB000AFF8607A601A46D2
:1021E0000B467B8113463B81094BC7F8DC307B896A
:1021F000C7F8E430D7F8E430C7F8D830D7F8E4307F
:10220000DB08C7F8E4300023C7F8E83002E000BF7D
:10221000F304353FD7F8E820D7F8E4301344C7F883
:10222000D430D7F8D420D7F8E4301344C7F8D030EE
:10223000D7F8D020D7F8E4301344C7F8CC30D7F81B
:10224000CC20D7F8E4301344C7F8C830D7F8C820FA
:10225000D7F8E4301344C7F8C430D7F8C420D7F80F
:10226000E4301344C7F8C030D7F8C020D7F8E430C2
:102270001344C7F8BC30D7F8E830DB00FA681344E1
:1022800093ED007AD7F8C830DB00FA681344D3ED39
:10229000007A77EE277AC7ED2E7AD7F8E830DB00A0
:1022A000FA68134493ED007AD7F8C830DB00FA6877
:1022B0001344D3ED007A77EE677AC7ED2D7AD7F81D
:1022C000D430DB00FA68134493ED007AD7F8C430B9
:1022D000DB00FA681344D3ED007A77EE277AC7ED76
:1022E0002C7AD7F8D430DB00FA68134493ED007AE7
:1022F000D7F8C430DB00FA681344D3ED007A77EEE8
:10230000677AC7ED2B7AD7F8D030DB00FA68134430
:1023100093ED007AD7F8C030DB00FA681344D3EDB0
:10232000007A77EE277AC7ED2A7AD7F8D030DB002B
:10233000FA68134493ED007AD7F8C030DB00FA68EE
:102340001344D3ED007A77EE677AC7ED297AD7F890
:10235000CC30DB00FA68134493ED007AD7F8BC3038
:10236000DB00FA681344D3ED007A77EE277AC7EDE5
:10237000287AD7F8CC30DB00FA68134493ED007A62
:10238000D7F8BC30DB00FA681344D3ED007A77EE5F
:10239000677AC7ED277A97ED2E7AD7ED2A7A77EE0E
:1023A000677AC7ED267A97ED2E7AD7ED2A7A77EEFF
:1023B000277AC7ED2E7A97ED2C7AD7ED287A77EE2B
:1023C000677AC7ED2A7A97ED2C7AD7ED287A77EEDF
:1023D000277AC7ED2C7AD7F8E830DB00FA68134487
:1023E00097ED2E7AD7ED2C7A77EE277AC3ED007A27
:1023F000D7F8C830DB00FA68134497ED2E7AD7ED92
:102400002C7A77EE677AC3ED007AD7F8E830DB00F4
:102410000433FA68134493ED007AD7F8C830DB0030
:102420000433FA681344D3ED007A77EE277AC7EDC8
:102430002E7AD7F8E830DB000433FA68134493EDC2
:10244000007AD7F8C830DB000433FA681344D3EDC0
:10245000007A77EE677AC7ED257AD7F8D430DB00BB
:102460000433FA68134493ED007AD7F8C430DB00E4
:102470000433FA681344D3ED007A77EE277AC7ED78
:102480002C7AD7F8D430DB000433FA68134493ED88
:10249000007AD7F8C430DB000433FA681344D3ED74
:1024A000007A77EE677AC7ED247AD7F8D030DB0070
:1024B0000433FA68134493ED007AD7F8C030DB0098
:1024C0000433FA681344D3ED007A77EE277AC7ED28
:1024D000237AD7F8D030DB000433FA68134493ED45
:1024E000007AD7F8C030DB000433FA681344D3ED28
:1024F000007A77EE677AC7ED227AD7F8CC30DB0026
:102500000433FA68134493ED007AD7F8BC30DB004B
:102510000433FA681344D3ED007A77EE277AC7EDD7
:10252000287AD7F8CC30DB000433FA68134493EDF3
:10253000007AD7F8BC30DB000433FA681344D3EDDB
:10254000007A77EE677AC7ED217A97ED2E7AD7ED8C
:10255000237A77EE677AC7ED207A97ED2E7AD7ED5A
:10256000237A77EE277AC7ED2E7A97ED2C7AD7ED7E
:10257000287A77EE677AC7ED237A97ED2C7AD7ED34
:10258000287A77EE277AC7ED2C7AD7F8E830DB0087
:102590000433FA68134497ED2E7AD7ED2C7A77EE50
:1025A000277AC3ED007AD7F8C830DB000433FA6825
:1025B000134497ED2E7AD7ED2C7A77EE677AC3ED38
:1025C000007AD7F8D030DB00FA68134497ED267A0A
:1025D000D7ED237A77EE277AC3ED007AD7F8C030AB
:1025E000DB00FA68134497ED267AD7ED237A77EE6D
:1025F000677AC3ED007AD7F8D030DB000433FA688D
:10260000134497ED207AD7ED2A7A77EE677AC3EDF7
:10261000007AD7F8C030DB000433FA68134497ED32
:10262000207AD7ED2A7A77EE277AC3ED007A97EDF4
:102630002B7AD7ED277A77EE677A97ED377A67EEC0
:10264000277AC7ED2E7A97ED2B7AD7ED277A77EE9A
:10265000277A97ED377A67EE277AC7ED2B7A97EDD1
:10266000247AD7ED217A77EE677A97ED377A67EE9D
:10267000277AC7ED2C7A97ED247AD7ED217A77EE79
:10268000277A97ED377A67EE277AC7ED247A97EDA8
:102690002D7AD7ED2E7A77EE677AC7ED267A97ED09
:1026A0002D7AD7ED2E7A77EE277AC7ED2D7A97ED32
:1026B000297AD7ED2B7A77EE677AC7ED277A97EDEF
:1026C000297AD7ED2B7A77EE277AC7ED297A97ED1D
:1026D000257AD7ED2C7A77EE677AC7ED207A97EDD9
:1026E000257AD7ED2C7A77EE277AC7ED257A97ED04
:1026F000227AD7ED247A77EE677AC7ED217A97EDC3
:10270000227AD7ED247A77EE277AC7ED227AD7F8A6
:10271000D430DB00FA68134497ED2D7AD7ED227A96
:1027200077EE277AC3ED007AD7F8BC30DB00FA6881
:10273000134497ED2D7AD7ED227A77EE677AC3EDC1
:10274000007AD7F8C430DB00FA68134497ED267A94
:10275000D7ED217A77EE277AC3ED007AD7F8CC301F
:10276000DB00FA68134497ED267AD7ED217A77EEED
:10277000677AC3ED007AD7F8D430DB000433FA6807
:10278000134497ED257AD7ED297A77EE677AC3ED72
:10279000007AD7F8BC30DB000433FA68134497EDB5
:1027A000257AD7ED297A77EE277AC3ED007AD7F824
:1027B000C430DB000433FA68134497ED207AD7ED78
:1027C000277A77EE677AC3ED007AD7F8CC30DB0052
:1027D0000433FA68134497ED207AD7ED277A77EE21
:1027E000277AC3ED007AD7F8E820D7F8D830134419
:1027F000C7F8E8307B89D7F8E8209A42FFF40AADA1
:10280000D7F8E430072B40F2E3840023C7F8EC301C
:102810000123C7F8E0303B89D7F8EC201344FB676D
:10282000FB6FC7F8EC30D7F8EC20FB6F1344BB67A5
:10283000BA6FFB6F13447B677A6FFB6F13443B6780
:102840003A6FFB6F1344FB66FA6EFB6F1344BB6673
:10285000BA6EFB6F13447B66D7F8EC30DB007A6806
:1028600013441B683B66BB6FDB007A6813441B682C
:10287000FB657B6FDB007A6813441B68BB653B6FAD
:10288000DB007A6813441B687B65FB6EDB007A68AB
:1028900013441B683B65BB6EDB007A6813441B68FE
:1028A000FB647B6EDB007A6813441B68BB64D7F85B
:1028B000EC30DB0004337A6813441B687B64BB6F25
:1028C000DB0004337A6813441B683B647B6FDB00D6
:1028D00004337A6813441B68FB633B6FDB000433EB
:1028E0007A6813441B68BB63FB6EDB0004337A68B1
:1028F00013441B687B63BB6EDB0004337A681344AC
:102900001B683B637B6EDB0004337A6813441B68EF
:10291000FB62D7F8E030C7F8E830D7F8E820D7F8FE
:10292000E4301344C7F8D430D7F8D420D7F8E430D3
:102930001344C7F8D030D7F8D020D7F8E430134488
:10294000C7F8CC30D7F8CC20D7F8E4301344C7F818
:10295000C830D7F8C820D7F8E4301344C7F8C430DB
:10296000D7F8C420D7F8E4301344C7F8C030D7F8FC
:10297000C020D7F8E4301344C7F8BC30D7F8E830AB
:10298000DB00FA68134493ED007AD7F8C830DB0017
:10299000FA681344D3ED007A77EE277AC7ED2E7AE2
:1029A000D7F8E830DB00FA68134493ED007AD7F8E3
:1029B000C830DB00FA681344D3ED007A77EE677A0B
:1029C000C7ED2D7AD7F8D430DB00FA68134493EDC5
:1029D000007AD7F8C430DB00FA681344D3ED007AEC
:1029E00077EE277AC7ED2C7AD7F8D430DB00FA6877
:1029F000134493ED007AD7F8C430DB00FA6813442F
:102A0000D3ED007A77EE677AC7ED2B7AD7F8D0301E
:102A1000DB00FA68134493ED007AD7F8C030DB008E
:102A2000FA681344D3ED007A77EE277AC7ED2A7A55
:102A3000D7F8D030DB00FA68134493ED007AD7F86A
:102A4000C030DB00FA681344D3ED007A77EE677A82
:102A5000C7ED297AD7F8CC30DB00FA68134493ED40
:102A6000007AD7F8BC30DB00FA681344D3ED007A63
:102A700077EE277AC7ED287AD7F8CC30DB00FA68F2
:102A8000134493ED007AD7F8BC30DB00FA681344A6
:102A9000D3ED007A77EE677AC7ED277A97ED2E7A35
:102AA000D7ED2A7A77EE677AC7ED267A97ED2E7AF8
:102AB000D7ED2A7A77EE277AC7ED2E7A97ED2C7A22
:102AC000D7ED287A77EE677AC7ED2A7A97ED2C7AD8
:102AD000D7ED287A77EE277AC7ED2C7AD7F8E83049
:102AE000DB00FA68134497ED2E7AD7ED2C7A77EE57
:102AF000277AC3ED007A97ED2E7AD7ED2C7A77EE10
:102B0000677AC7ED2C7AD7F8E830DB000433FA682F
:102B1000134493ED007AD7F8C830DB000433FA6829
:102B20001344D3ED007A77EE277AC7ED0A7AD7F807
:102B3000E830DB000433FA68134493ED007AD7F8E9
:102B4000C830DB000433FA681344D3ED007A77EE23
:102B5000677AC7ED257AD7F8D430DB000433FA68FA
:102B6000134493ED007AD7F8C430DB000433FA68DD
:102B70001344D3ED007A77EE277AC7ED097AD7F8B8
:102B8000D430DB000433FA68134493ED007AD7F8AD
:102B9000C430DB000433FA681344D3ED007A77EED7
:102BA000677AC7ED247AD7F8D030DB000433FA68AF
:102BB000134493ED007AD7F8C030DB000433FA6891
:102BC0001344D3ED007A77EE277AC7ED237AD7F84E
:102BD000D030DB000433FA68134493ED007AD7F861
:102BE000C030DB000433FA681344D3ED007A77EE8B
:102BF000677AC7ED227AD7F8CC30DB000433FA6865
:102C0000134493ED007AD7F8BC30DB000433FA6844
:102C10001344D3ED007A77EE277AC7ED087AD7F818
:102C2000CC30DB000433FA68134493ED007AD7F814
:102C3000BC30DB000433FA681344D3ED007A77EE3E
:102C4000677AC7ED217A97ED0A7AD7ED237A77EE86
:102C5000677AC7ED207A97ED0A7AD7ED237A77EE77
:102C6000277AC7ED0A7A97ED097AD7ED087A77EED9
:102C7000677AC7ED237A97ED097AD7ED087A77EE70
:102C8000277AC7ED097A97ED267AD7ED237A77EE82
:102C9000277AC7ED2E7A97ED267AD7ED237A77EE4D
:102CA000677AC7ED267AD7F8E830DB000433FA6894
:102CB000134497ED0A7AD7ED097A77EE277AC3EDB8
:102CC000007A97ED0A7AD7ED097A77EE677AC7ED41
:102CD000097A97ED207AD7ED2A7A77EE677AC7EDF1
:102CE0000A7A97ED207AD7ED2A7A77EE277AC7ED20
:102CF000207A97ED157AD7ED2C7A67EE277AC7ED13
:102D0000077A97ED0E7AD7ED097A67EE277AC7ED45
:102D1000067A97ED157AD7ED097A67EE277AC7ED2F
:102D2000057A97ED0E7AD7ED2C7A67EE277AC7ED04
:102D3000047AD7F8C830DB00FA68134497ED077AB5
:102D4000D7ED067A77EE277AC3ED007AD7F8C83048
:102D5000DB000433FA68134497ED057AD7ED047A63
:102D600077EE677AC3ED007A97ED177AD7ED2E7A72
:102D700067EE277AC7ED077A97ED107AD7ED0A7AD2
:102D800067EE277AC7ED067A97ED177AD7ED0A7ABC
:102D900067EE277AC7ED057A97ED107AD7ED2E7A90
:102DA00067EE277AC7ED047AD7F8D030DB00FA68EF
:102DB000134497ED077AD7ED067A77EE277AC3EDBD
:102DC000007AD7F8D030DB000433FA68134497ED6B
:102DD000057AD7ED047A77EE677AC3ED007A97ED3E
:102DE000137AD7ED267A67EE277AC7ED077A97ED43
:102DF0000C7AD7ED207A67EE277AC7ED067A97ED41
:102E0000137AD7ED207A67EE277AC7ED057A97ED2A
:102E10000C7AD7ED267A67EE277AC7ED047AD7F8D1
:102E2000C030DB00FA68134497ED077AD7ED067AD5
:102E300077EE277AC3ED007AD7F8C030DB00043391
:102E4000FA68134497ED057AD7ED047A77EE677A3E
:102E5000C3ED007A97ED2B7AD7ED277A77EE677A74
:102E600097ED377A67EE277AC7ED2E7A97ED2B7AB2
:102E7000D7ED277A77EE277A97ED377A67EE277ABC
:102E8000C7ED2B7A97ED247AD7ED217A77EE677A22
:102E900097ED377A67EE277AC7ED0A7A97ED247AAD
:102EA000D7ED217A77EE277A97ED377A67EE277A92
:102EB000C7ED247A97ED2D7AD7ED2E7A77EE677AE3
:102EC000C7ED267A97ED2D7AD7ED2E7A77EE277A11
:102ED000C7ED2D7A97ED297AD7ED2B7A77EE677AC1
:102EE000C7ED277A97ED297AD7ED2B7A77EE277AF7
:102EF000C7ED297A97ED257AD7ED0A7A77EE677ACA
:102F0000C7ED207A97ED257AD7ED0A7A77EE277A02
:102F1000C7ED257A97ED227AD7ED247A77EE677A96
:102F2000C7ED217A97ED227AD7ED247A77EE277ACA
:102F3000C7ED227A97ED2D7AD7ED227A77EE277AB0
:102F4000C7ED2E7A97ED2D7AD7ED227A77EE677A54
:102F5000C7ED2D7A97ED267AD7ED217A77EE277A8D
:102F6000C7ED2B7A97ED267AD7ED217A77EE677A3F
:102F7000C7ED267A97ED257AD7ED297A77EE677A2D
:102F8000C7ED0A7A97ED257AD7ED297A77EE277A79
:102F9000C7ED257A97ED207AD7ED277A77EE677A15
:102FA000C7ED247A97ED207AD7ED277A77EE277A46
:102FB000C7ED207A97ED187AD7ED2E7A67EE277A4B
:102FC000C7ED077A97ED117AD7ED0A7A67EE277A7F
:102FD000C7ED067A97ED187AD7ED0A7A67EE277A69
:102FE000C7ED057A97ED117AD7ED2E7A67EE277A3D
:102FF000C7ED047AD7F8D430DB00FA68134497EDB4
:10300000077AD7ED067A77EE277AC3ED007AD7F8FC
:10301000D430DB000433FA68134497ED057AD7ED1A
:10302000047A77EE677AC3ED007A97ED127AD7EDDE
:103030002D7A67EE277AC7ED077A97ED0B7AD7EDF1
:10304000257A67EE277AC7ED067A97ED127AD7EDE3
:10305000257A67EE277AC7ED057A97ED0B7AD7EDDB
:103060002D7A67EE277AC7ED047AD7F8BC30DB00FB
:10307000FA68134497ED077AD7ED067A77EE277A48
:10308000C3ED007AD7F8BC30DB000433FA68134490
:1030900097ED057AD7ED047A77EE677AC3ED007A7B
:1030A00097ED147AD7ED2B7A67EE277AC7ED077A7A
:1030B00097ED0D7AD7ED247A67EE277AC7ED067A79
:1030C00097ED147AD7ED247A67EE277AC7ED057A63
:1030D00097ED0D7AD7ED2B7A67EE277AC7ED047A54
:1030E000D7F8C430DB00FA68134497ED077AD7EDC0
:1030F000067A77EE277AC3ED007AD7F8C430DB0082
:103100000433FA68134497ED057AD7ED047A77EE25
:10311000677AC3ED007A97ED167AD7ED267A67EED7
:10312000277AC7ED077A97ED0F7AD7ED207A67EE09
:10313000277AC7ED067A97ED167AD7ED207A67EEF3
:10314000277AC7ED057A97ED0F7AD7ED267A67EEE5
:10315000277AC7ED047AD7F8CC30DB00FA6813443D
:1031600097ED077AD7ED067A77EE277AC3ED007AE6
:10317000D7F8CC30DB000433FA68134497ED057AB6
:10318000D7ED047A77EE677AC3ED007AD7F8E820B6
:10319000D7F8D8301344C7F8E8307B89D7F8E8204F
:1031A0009A42FFF4BAABD7F8E0300133C7F8E03009
:1031B000D7F8E020D7F8E4309A42FFF42CAB3B89F3
:1031C000DB003B81D7F8E430072B3FF613A800E083
:1031D00000BF00BFF437BD465DF8047B704700BFF9
:1031E00080B495B000AFF860B9607A60FB685B6945
:1031F000BB64BB687B64BB683B64FB681B88013BAA
:10320000FB643B6C1B68FB633B6C04331B68BB6358
:103210007B6C1B687B637B6C04331B683B63BB6C00
:103220001A1DBA641B68FB62BB6C1A1DBA641B686A
:10323000BB6297ED0F7AD7ED0D7A77EE277AC7ED5F
:10324000097A97ED0E7AD7ED0C7A77EE277AC7EDEB
:10325000087A97ED097AD7ED087A77EE277A7B68B6
:103260001A1D7A60B6EE007A67EE877AC3ED007AAF
:1032700097ED097AD7ED087A77EE677A7B681A1DA1
:103280007A60B6EE007A67EE877AC3ED007AFB6C5F
:10329000DB00BA6813443B647B6C08337B643B6C93
:1032A00004331B68BB633B6C1B68FB637B6C1B6854
:1032B0007B637B6C04331B683B63BB6C1A1DBA6475
:1032C0001B68FB62BB6C1A1DBA641B68BB6297ED7E
:1032D0000F7AD7ED0D7A77EE677AC7ED097A97ED19
:1032E0000E7AD7ED0C7A77EE277AC7ED087A97ED4C
:1032F0000B7AD7ED097A67EE277AC7ED077A97ED53
:103300000A7AD7ED097A67EE277AC7ED067A97ED44
:103310000B7AD7ED087A67EE277AC7ED057A97ED35
:103320000A7AD7ED087A67EE277AC7ED047A97ED27
:103330000D7AD7ED0F7A37EE277AD7ED077A37EE89
:10334000277AD7ED047A77EE277A7B681A1D7A60A0
:10335000B6EE007A67EE877AC3ED007A97ED0C7AC5
:10336000D7ED0E7A37EE677AD7ED067A37EE277A01
:10337000D7ED057A77EE677A7B681A1D7A60B6EE2C
:10338000007A67EE877AC3ED007A7B6C08337B6442
:103390003B6C083B3B64FB6C013BFB64FB6C002B10
:1033A0003FF77DAF00BF00BF5437BD465DF8047BDB
:1033B000704780B495B000AFF860B9607A60FB6880
:1033C0005B69BB64BB687B64BB683B64FB681B8850
:1033D000013BFB647B6C1B68FB637B6C04331B68E9
:1033E000BB63BB6C0833BB6497ED0F7AD7ED0E7AE5
:1033F00077EE277A7B681A1D7A60B6EE007A67EE60
:10340000877AC3ED007A97ED0F7AD7ED0E7A77EED3
:10341000677A7B681A1D7A60B6EE007A67EE877A63
:10342000C3ED007AFB6CDB00BA6813443B647B6C31
:1034300008337B647EE03B6C04331B687B633B6C2E
:103440001B683B637B6C1B68FB637B6C04331B68F2
:10345000BB63BB6C1A1DBA641B68FB62BB6C1A1D94
:10346000BA641B68BB6297ED0F7AD7ED0C7A77EEE2
:10347000677AC7ED097A97ED0E7AD7ED0D7A77EE78
:10348000277AC7ED087A97ED0B7AD7ED097A67EEC0
:10349000277AC7ED077A97ED0A7AD7ED087A67EEB3
:1034A000277AC7ED067A97ED0A7AD7ED097A67EEA3
:1034B000277AC7ED057A97ED0B7AD7ED087A67EE94
:1034C000277AC7ED047A97ED0F7AD7ED0C7A37EEAD
:1034D000277AD7ED077A37EE677AD7ED067A77EE57
:1034E000677A7B681A1D7A60B6EE007A67EE877A93
:1034F000C3ED007A97ED0E7AD7ED0D7A37EE677A45
:10350000D7ED057A37EE277AD7ED047A77EE677A2A
:103510007B681A1D7A60B6EE007A67EE877AC3ED93
:10352000007A7B6C08337B643B6C083B3B64FB6C30
:10353000013BFB64FB6C002B3FF77DAF00BF00BF7E
:103540005437BD465DF8047B704780B586B000AF48
:10355000F860B9607A60FB70FB687B61FB78002BD8
:103560000BD07A68B968F868FFF723FFFA7801236F
:1035700079687869FEF75BFC0AE0FA780123B9689C
:103580007869FEF754FC7A68B968F868FFF728FE96
:1035900000BF1837BD4680BD80B584B000AF7860ED
:1035A0007B68002B02D14FF0FF3313E07B68184695
:1035B000FEF7EEFD0346FB7397F90F30002B02D0A8
:1035C00097F90F3006E07B6820221A827B68034A55
:1035D0005A61002318461037BD4680BDC0810108DE
:1035E00080B584B000AF78607B68002B02D14FF0CB
:1035F000FF3313E07B681846FEF7A8FD0346FB7314
:1036000097F90F30002B02D097F90F3006E07B6856
:1036100040221A827B68034A5A61002318461037F9
:10362000BD4680BD4082010880B584B000AF78609F
:103630007B68002B02D14FF0FF3313E07B68184604
:10364000FEF762FD0346FB7397F90F30002B02D0A3
:1036500097F90F3006E07B6880221A827B68034A64
:103660005A61002318461037BD4680BD40830108CB
:1036700080B584B000AF78607B68002B02D14FF03A
:10368000FF3314E07B681846FEF71CFD0346FB730E
:1036900097F90F30002B02D097F90F3007E07B68C5
:1036A0004FF480721A827B68034A5A6100231846DD
:1036B0001037BD4680BD00BF4085010880B584B08D
:1036C00000AF78607B68002B02D14FF0FF3314E02D
:1036D0007B681846FEF7D2FC0346FB7397F90F3060
:1036E000002B02D097F90F3007E07B684FF400728F
:1036F0001A827B68034A5A61002318461037BD4678
:1037000080BD00BF4089010880B584B000AF7860FB
:103710007B68002B02D14FF0FF3314E07B68184622
:10372000FEF788FC0346FB7397F90F30002B02D09D
:1037300097F90F3007E07B684FF480621A827B684C
:10374000034A5A61002318461037BD4680BD00BFAA
:103750004091010880B584B000AF78607B68002B91
:1037600002D14FF0FF3314E07B681846FEF73EFCB1
:103770000346FB7397F90F30002B02D097F90F30F7
:1037800007E07B684FF400621A827B68034A5A6143
:10379000002318461037BD4680BD00BF40A1010878
:1037A00080B584B000AF78607B68002B02D14FF009
:1037B000FF3314E07B681846FEF7F4FB0346FB7307
:1037C00097F90F30002B02D097F90F3007E07B6894
:1037D0004FF480521A827B68034A5A6100231846CC
:1037E0001037BD4680BD00BF40C1010880B584B020
:1037F00000AF78600B467B807B88B3F5805F23D079
:10380000B3F5805F50DCB3F5006F23D0B3F5006FE4
:103810004ADCB3F5806F23D0B3F5806F44DCB3F599
:10382000007F23D0B3F5007F3EDCB3F5807F23D04B
:10383000B3F5807F38DC802B24D0802B34DC202B28
:103840002CD0402B24D02FE07868FFF7A9FF034647
:10385000FB732CE07868FFF77DFF0346FB7326E0DF
:103860007868FFF751FF0346FB7320E07868FFF7A5
:1038700025FF0346FB731AE07868FFF7F9FE03465D
:10388000FB7314E07868FFF7CFFE0346FB730EE08E
:103890007868FFF7A5FE0346FB7308E07868FFF73A
:1038A0007BFE0346FB7302E04FF0FF3301E097F924
:1038B0000F3018461037BD4680BD000080B400AF01
:1038C000094BD3F88830084A43F47003C2F88830B3
:1038D000BFF34F8F00BFBFF36F8F00BF00BFBD4668
:1038E0005DF8047B704700BF00ED00E080B582B05A
:1038F00000AF786001F082FD012002F0E9FC00BF1A
:10390000F8E780B582B000AF78604FF0FF32012158
:10391000002003F089F901F073FC00BFF5E780B5E2
:1039200082B000AF78604FF0FF320121002003F039
:103930007BF901F095FC00BFF5E780B582B000AFE0
:103940007860642002F0C4FC01F0B8FC00BFF8E726
:1039500080B582B000AF786001F0CEFA322002F07C
:10396000B7FC00BFF8E700002DE9B04FA8B000AFEA
:10397000F8664FF000024FF00003C7E9242300234C
:103980007B677D4B186807F184034FF0FF321946BF
:1039900002F07EF90346012B43D1D7F884307B67D0
:1039A0007B6F0022BB62FA62D7E90A23C7E92423AE
:1039B000D7E9240100F0F2FE0A2002F089FCD7F8D2
:1039C00088307B677B6F0022BB65FA65D7E91612EA
:1039D000134601337B620B463B62D7E90823C7E9F4
:1039E0002423D7E9240100F0D9FE0A2002F070FC5C
:1039F000D7F88C307B677B6F00223B657A65D7E90F
:103A0000141213460233FB610B46BB61D7E9062350
:103A1000C7E92423D7E9240100F0C0FE0A2002F000
:103A200057FC002387F89F3082E0544B186807F159
:103A300078034FF0FF32194602F02AF90346012BB2
:103A400071D1BB6F7B6797F89F305A1C13465B00A0
:103A50001344DA17BB64FA644FF000024FF000031E
:103A6000B96C0B000022796F002039667866396ED8
:103A700051183961796E4B417B61D7E90423C7E95D
:103A80002423D7E9240100F089FE0A2002F020FC5B
:103A9000FB6F7B6797F89F2013465B00134404334A
:103AA000DA173B647A644FF000024FF00003396C80
:103AB0000B000022796F00208A46834612EB0A0130
:103AC000B96043EB0B03FB60D7E90223C7E924236A
:103AD000D7E9240100F062FE0A2002F0F9FBD7F8D2
:103AE00080307B6797F89F2013465B0013440533B3
:103AF000DA17BB63FA634FF000024FF00003B96BB3
:103B00000B000022796F00200C46054612EB0408DA
:103B100043EB0509C7E92489D7E9240100F03EFEFB
:103B20000A2002F0D5FB97F89F30013387F89F30C9
:103B300097F89F30022B7FF678AF01F0CFF9F0EEC7
:103B4000407AC7ED1C7A3B6F7B677B6F00223B633B
:103B50007A63D7E90C1213460C337B600B463B604B
:103B6000D7E90023C7E92423D7E9240100F016FE92
:103B70000A2002F0ADFB04E7240200202802002006
:103B800080B485B000AF786039604FF0500383F3A4
:103B90001188BFF36F8FBFF34F8FFB6000BF00BF73
:103BA000FDE7000080B58CB002AFFFF787FE00F0A4
:103BB000C3FC01F0C7F901F0ADF801F0ADFA00F077
:103BC000C3FF03461A466D4B1A7000220C210A20CF
:103BD00001F0EEFE03466A4A136000220C210A201F
:103BE00001F0E6FE0346674A1360654B1B68002B35
:103BF0000BD14FF0500383F31188BFF36F8FBFF3E6
:103C00004F8F3B6200BF00BFFDE75E4B1B68002B80
:103C10000BD14FF0500383F31188BFF36F8FBFF3C5
:103C20004F8FFB6100BF00BFFDE7574B019301239E
:103C3000009300234FF480625449554802F002FA81
:103C400078627B6A012B0BD04FF0500383F311880D
:103C5000BFF36F8FBFF34F8FBB6100BF00BFFDE7A6
:103C60004C4B01930223009300234FF480624A4996
:103C70004A4802F0E7F978627B6A012B0BD04FF0DB
:103C8000500383F31188BFF36F8FBFF34F8F7B61B6
:103C900000BF00BFFDE7424B0193022300930023C6
:103CA0004FF480623F49404802F0CCF978627B6A69
:103CB000012B0BD04FF0500383F31188BFF36F8FAC
:103CC000BFF34F8F3B6100BF00BFFDE7374B019350
:103CD0000123009300234FF480623549354802F0F8
:103CE000B1F978627B6A012B0BD04FF0500383F35C
:103CF0001188BFF36F8FBFF34F8FFB6000BF00BF12
:103D0000FDE72D4B01930323009300234FF48072B2
:103D10002A492B4802F096F978627B6A012B0BD076
:103D20004FF0500383F31188BFF36F8FBFF34F8FB2
:103D3000BB6000BF00BFFDE7224B0193022300934D
:103D400000234FF480622049204802F07BF978621A
:103D50007B6A012B0BD04FF0500383F31188BFF324
:103D60006F8FBFF34F8F7B6000BF00BFFDE702F096
:103D7000E5FA002318462837BD4680BD0902002019
:103D800024020020280200200C020020A8CB0008FA
:103D9000ED38000810020020B0CB000803390008FD
:103DA00014020020B4CB00081F39000818020020BC
:103DB000B8CB00083B3900081C020020C0CB00082B
:103DC0005139000820020020C8CB000869390008DA
:103DD00080B400AF00BFFDE780B400AF00BFFDE7D7
:103DE00080B400AF00BFFDE780B400AF00BFFDE7C7
:103DF00080B400AF00BFFDE780B400AF00BFBD4698
:103E00005DF8047B7047000080B500AF024800F009
:103E1000DCF800BF80BD00BF2C02002080B483B05E
:103E200000AF0346FB710F4B1B680E4A43F08073D3
:103E300013600D4B1B680C4A43F00103136000BF75
:103E40004FF060431B6803F00103002BF8D04FF0E4
:103E50006042FB79136000BF0C37BD465DF8047B00
:103E6000704700BFFCED00E0000E00E080B400AF42
:103E700001231846BD465DF8047B704780B582B0CB
:103E800000AF7860396004F07FFC034616221A60A8
:103E90004FF0FF3318460837BD4680BD80B582B06D
:103EA00000AF78604FF0FF317868FFF7E7FF00BFA1
:103EB000FDE780B586B000AFF860B9607A60002396
:103EC0007B6109E0BB685A1CBA601B781846FFF793
:103ED000A5FF7B6901337B617A697B689A42F1DBDC
:103EE0007B6818461837BD4680BD80B483B000AFEC
:103EF00078604FF0FF3318460C37BD465DF8047B01
:103F0000704780B483B000AF786039603B684FF48D
:103F100000525A60002318460C37BD465DF8047BFA
:103F2000704780B483B000AF7860012318460C3727
:103F3000BD465DF8047B704780B485B000AFF86083
:103F4000B9607A60002318461437BD465DF8047BDB
:103F50007047000080B400AF064BD3F88830054AA4
:103F600043F47003C2F8883000BFBD465DF8047B9F
:103F7000704700BF00ED00E0DFF834D0FFF7EAFF44
:103F80000C480D490D4A002302E0D458C4500433B4
:103F9000C4188C42F9D30A4A0A4C002301E013608A
:103FA0000432A242FBD304F0F5FBFFF7FBFD7047A0
:103FB0000000022000000020D4010020CC090208EB
:103FC000D80100205C540120FEE780B584B000AF2A
:103FD00078607B681B68DB68FB607B681B681B691B
:103FE000BB60BB6803F00203002B20D0FB6803F02A
:103FF0000203002B1BD07B681B686FF002021A6162
:104000007B6801221A777B681B689B6903F00303B6
:10401000002B03D0786800F0DCF805E0786800F049
:10402000CEF8786800F0DFF87B6800221A77BB686A
:1040300003F00403002B20D0FB6803F00403002BE3
:104040001BD07B681B686FF004021A617B68022238
:104050001A777B681B689B6903F44073002B03D0BD
:10406000786800F0B6F805E0786800F0A8F878689D
:1040700000F0B9F87B6800221A77BB6803F00803E8
:10408000002B20D0FB6803F00803002B1BD07B68BB
:104090001B686FF008021A617B6804221A777B683C
:1040A0001B68DB6903F00303002B03D0786800F082
:1040B00090F805E0786800F082F8786800F093F8EE
:1040C0007B6800221A77BB6803F01003002B20D016
:1040D000FB6803F01003002B1BD07B681B686FF09C
:1040E00010021A617B6808221A777B681B68DB69FB
:1040F00003F44073002B03D0786800F06AF805E001
:10410000786800F05CF8786800F06DF87B68002251
:104110001A77BB6803F00103002B0CD0FB6803F097
:104120000103002B07D07B681B686FF001021A6146
:10413000786800F03AF8BB6803F08003002B0CD0DD
:10414000FB6803F08003002B07D07B681B686FF0CF
:1041500080021A61786800F064F8BB6803F04003DD
:10416000002B0CD0FB6803F04003002B07D07B68CA
:104170001B686FF040021A61786800F03EF8BB6877
:1041800003F02003002B0CD0FB6803F02003002B6E
:1041900007D07B681B686FF020021A61786800F016
:1041A00036F800BF1037BD4680BD80B483B000AF85
:1041B000786000BF0C37BD465DF8047B704780B463
:1041C00083B000AF786000BF0C37BD465DF8047B5C
:1041D000704780B483B000AF786000BF0C37BD4635
:1041E0005DF8047B704780B483B000AF786000BF97
:1041F0000C37BD465DF8047B704780B483B000AFD8
:10420000786000BF0C37BD465DF8047B704780B412
:1042100083B000AF786000BF0C37BD465DF8047B0B
:10422000704780B483B000AF786000BF0C37BD46E4
:104230005DF8047B7047000080B400AF2B4B1B6B14
:104240002A4A43F001031363284B5B6C274A43F46B
:1042500080535364264B1B68254A23F47C43136028
:10426000234B1B68224A43F428431360204B1B6AEC
:104270001F4AC3F3130313621D4B1B6A1C4A43F00E
:10428000AA4343F4A00313621A4B00221A60194B8D
:104290001B68184A43F004031360164B1B68154A49
:1042A00043F400731360134B1B68124A43F480738A
:1042B0001360104B1B680F4A43F0020313600D4B51
:1042C0001B680C4A43F0010313600A4B1B68094A40
:1042D00043F010031360074B1B68064A43F040038A
:1042E000136000BFBD465DF8047B70470038024094
:1042F000000002400030014080B483B000AF0346AC
:10430000FB7100BF0C4B9B6803F00203002BF9D03C
:104310000A4AFB79137000BF074B9B6803F0010347
:10432000002BF9D0054B1B78DBB218460C37BD4685
:104330005DF8047B704700BF003001400C30014045
:1043400080B582B000AF184B1B6B174A43F00203D5
:104350001363164B1B68154A23F440531360134B29
:104360001B68124A43F480531360FFF765FF0F4B3D
:1043700040229A61002000F039F80346FB71FB7976
:10438000E52B0CD10C212C2000F012F80921312052
:1043900000F00EF808212D2000F00AF800E000BF20
:1043A0000837BD4680BD00BF00380240000402400F
:1043B00080B582B000AF03460A46FB711346BB715D
:1043C000094B4FF480029A61FB791846FFF794FF7E
:1043D000BB791846FFF790FF034B40229A6100BF5C
:1043E0000837BD4680BD00BF0004024080B584B0E0
:1043F00000AF0346FB710C4B4FF480029A61FB79CE
:1044000063F07F03DBB21846FFF776FF0020FFF76B
:1044100073FF0346FB73044B40229A61FB7B1846F3
:104420001037BD4680BD00BF0004024080B584B097
:1044300000AF7860244B4FF480029A61F220FFF7BE
:104440005BFF0020FFF758FF0346FB730020FFF7D8
:1044500053FF0346BB730020FFF74EFF03467B73F9
:104460000020FFF749FF03463B730020FFF744FF9E
:104470000346FB720020FFF73FFF0346BB72124B5F
:1044800040229A61BB7B1BB21B021AB2FB7B1BB2A0
:1044900013431AB27B681A803B7B1BB21B021AB211
:1044A0007B7B1BB213431AB27B685A80BB7A1BB268
:1044B0001B021AB2FB7A1BB213431AB27B689A80B2
:1044C00000BF1037BD4680BD0004024080B483B0F9
:1044D00000AF0346FB80B7F9063007EE903AF8EEDE
:1044E000E77A9FED057A67EE877AB0EE670A0C37B8
:1044F000BD465DF8047B704724977F3B80B483B052
:1045000000AF0346FB7197F90730002B0BDBFB79FB
:1045100003F01F02074997F907305B09012000FAF1
:1045200002F241F8232000BF0C37BD465DF8047B42
:10453000704700BF00E100E080B500AF584B1B6C36
:10454000574A43F000731364554B1B6B544A43F0B6
:1045500001031363534B1B68524A43F028631360F3
:10456000504B5B6A4F4A23F47F2353624D4B5B6A87
:104570004C4A43F4192353624B4B1B684A4A43F09D
:104580000103136000BF484B5B6803F00103002B7D
:10459000F9D0454B1B68444A23F00203136000BF67
:1045A000414B5B6803F00203002BF9D13E4B5B6982
:1045B0003D4A43F0020353613B4B5B693A4A43F087
:1045C00010035361384B5B69374A43F4004353612E
:1045D000354B364ADA61344BD3F80032324A43F075
:1045E0000103C2F80032304BD3F800322E4A23F4D4
:1045F0007F43C2F800322C4BD3F800322A4A43F4EE
:10460000901343F41063C2F800321420FFF776FFD2
:104610001520FFF773FF244BD3F81C32224A23F0F6
:104620000103C2F81C32204BD3F804321E4A43F077
:104630000103C2F804321C4BD3F80C321A4A23F09F
:104640000103C2F80C32184BD3F81432164A23F087
:104650000103C2F81432144B6022C3F84022124BFB
:10466000D3F81C32104A43F00103C2F81C320E4B3F
:10467000D3F800320C4A23F00103C2F800320A4B8F
:104680001B68094A23F001031360074B1B68064AA5
:1046900023F00203136062B600BF00BF80BD00BFFD
:1046A00000380240000002400064004001002B017D
:1046B0002DE9F00386B000AF7860F9704FF000008C
:1046C0004FF00001C7E904013149096879810021EF
:1046D000F96022E0F968786801440978C9B20020DD
:1046E0000C460546F968C900A1F12006C1F1200079
:1046F00005FA01F304FA06F6334324FA00F0034303
:1047000004FA01F2D7E9040140EA020841EA030988
:10471000C7E90489F9680131F960F978F8688842D5
:10472000D8DB00BF1B4B9B6803F08063002BF9D0E4
:10473000194B4FF480021A60174B1B68164A23F07E
:1047400004031360144B1B68134A23F00203136025
:104750007B891A04FB781A430F4B5A600E4A3B6957
:104760009360D7E904014FF000024FF000030A0004
:10477000002309491346CB60074B1B68064A43F0E8
:104780000103136000BF1837BD46BDE8F003704752
:10479000A00C00200064004080650040F0B585B0AA
:1047A00000AFC7E900010021F9731AE0F97BCC00E2
:1047B000D7E90001C4F12006A4F1200520FA04F293
:1047C00001FA06F6324321FA05F52A4321FA04F3E9
:1047D000F97BD0B21031394401F8080CF97B013172
:1047E000F973F97B0429E1D907F10803052118467B
:1047F000FFF75EFF00BF1437BD46F0BD2DE9F003A3
:1048000000AF214B01221A70204BD3F8B0315B0D61
:104810009BB2C3F30A039AB21D4B1A801B4BD3F809
:10482000B431DBB203F00F03DAB21A4B1A70174B34
:10483000D3F8B4311B0C9AB2174B1A80134BD3F830
:10484000BC310022984691464FF000024FF0000321
:10485000434600220D4ED6F8B8614FF0000C3046AA
:10486000614642EA000443EA01050C4BC3E90045F6
:10487000064BDB68054A43F02003D36000BFBD460A
:10488000BDE8F003704700BF08020020006400404C
:10489000F4010020F6010020F801002000020020B1
:1048A00080B485B000AF78604FF00003FB60002358
:1048B000BB600EE0BB689B007A681344D3ED007ABE
:1048C00097ED037A77EE277AC7ED037ABB68013359
:1048D000BB60BB68FF2BEDD9D7ED037A9FED067A5D
:1048E000C7EE876AF0EE667AB0EE670A1437BD4607
:1048F0005DF8047B704700BF0000804380B582B044
:1049000000AF78607B6807EE903AF8EE677A9FED2B
:104910000D7A67EE877ADFED0C6A87EEA67AB0EE45
:10492000470A07F0E5FAF0EE407AB7EE007A77EE44
:10493000677AB6EE007A67EE877AB0EE670A0837D4
:10494000BD4680BDDB0FC94000007F4380B584B009
:1049500000AF2D4BD3ED007AB0EEE77ADFED2B6A96
:10496000C7EE267A2A4BC3ED007A0123FB6037E0BD
:10497000FB685B00244A9B0013441B68BB60FB6818
:104980005B000133204A9B0013441B687B60D7ED1A
:10499000027A27EEA77AD7ED017A67EEA77A77EE4B
:1049A000277AB0EE670A07F081FAF0EE407A184AEB
:1049B000FB689B001344C3ED007A154AFB689B001B
:1049C0001344D3ED007A9FED137A67EE877A104A8D
:1049D000FB689B001344C3ED007AFB680133FB6066
:1049E000FB687F2BC4D9084BD3ED017AB0EEE77A90
:1049F000DFED066AC7EE267A054BC3ED807A00BF6D
:104A00001037BD4680BD00BF8C06002000008043EB
:104A10008C0A00200000003C80B483B000AF7860B6
:104A20007B6807EE903AF8EE677A9FED087A67EEBA
:104A3000877A9FED077AC7EE876AF0EE667AB0EE66
:104A4000670A0C37BD465DF8047B70470000484498
:104A50000000804380B588B000AF786039607B6823
:104A6000002B64D07868FFF71BFF87ED030A002353
:104A7000FB611FE0FB699B007A68134493ED007AA9
:104A8000D7ED037A77EE677AC7ED027AF869FFF718
:104A900035FFB0EE407AD7ED027A67EE877AC7ED40
:104AA000027A254AFB699B001344BA681A60FB69C5
:104AB0000133FB61FB69FF2BDCD900231F4A1E4930
:104AC0001F48FEF742FDFFF741FF4FF00003BB61B7
:104AD00001237B6101233B6117E01A4A3B699B007C
:104AE0001344D3ED007A97ED067AB4EEE77AF1EE4F
:104AF00010FA07D5134A3B699B0013441B68BB613E
:104B00003B697B613B6901333B613B697F2BE4D9A6
:104B10003B687A699A607869FFF77EFFF0EE407A29
:104B20003B68C3ED007A3B68BA695A6000E000BF99
:104B30002037BD4680BD00BF8C0200208C060020BF
:104B4000740200208C0A002080B500AF4FF4807101
:104B50000248FEF74BFE0346184680BD7402002053
:104B600080B5ADF5416D00AF07F54163A3F60C4389
:104B7000186007F54163A3F54163196007F54163C8
:104B8000A3F60C431B68002B77D00023C7F80C3C1E
:104B900049E0D7F80C2C13465B0013449B001A46DF
:104BA00007F54163A3F60C431B6813441A6807F525
:104BB0004163A3F20441D7F80C3C9B000B441A60FC
:104BC000D7F80C2C13465B0013449B001A4607F5DC
:104BD0004163A3F60C431B6813445A6807F541630D
:104BE000A3F60401D7F80C3C9B000B441A60D7F8DD
:104BF0000C2C13465B0013449B001A4607F54163D7
:104C0000A3F60C431B6813449A6807F54163A3F6A7
:104C10000441D7F80C3C9B000B441A60D7F80C3CBD
:104C20000133C7F80C3CD7F80C3CFF2BB1D907F582
:104C30004163A3F541631A6807F60C031146184651
:104C4000FFF708FF07F54163A3F541631B6803F114
:104C50000C0207F20C4311461846FFF7FBFE07F55E
:104C60004163A3F541631B6803F1180207F10C03CC
:104C700011461846FFF7EEFE00E000BF07F541675A
:104C8000BD4680BD80B483B000AF0346FB7197F989
:104C90000730002B0BDBFB7903F01F02074997F964
:104CA00007305B09012000FA02F241F8232000BF1F
:104CB0000C37BD465DF8047B704700BF00E100E0A3
:104CC00080B483B000AF03463960FB7197F90730B9
:104CD000002B0ADB3B68DAB20C4997F90730120166
:104CE000D2B20B4483F800230AE03B68DAB20849E9
:104CF000FB7903F00F03043B1201D2B20B441A7686
:104D000000BF0C37BD465DF8047B704700E100E052
:104D100000ED00E080B500AF164B1B6B154A43F069
:104D200002031363144B1B68134A23F4407313608C
:104D3000114B1B68104A43F4007313600E4B1B6A3F
:104D40000D4A23F4702313620B4B1B6A0A4A43F487
:104D500000331362084BDB68074A23F44073D360C7
:104D6000054BDB68044A43F48073D36000F006F817
:104D700000BF80BD003802400004024080B500AF93
:104D8000294B1B6C284A43F002031364274B002273
:104D90001A60264B42F2CF029A62244B4FF6FF7202
:104DA000DA62224B00225A62204B9B691F4A23F091
:104DB000030393611D4B9B691C4A43F001039361FC
:104DC0001A4B9B69194A23F0F0039361174B9B69B7
:104DD000164A43F030039361144B9B69134A23F046
:104DE0000C039361114B1B6A104A23F00A031362F0
:104DF0000E4B1B6A0D4A43F0010313620B4BDB6839
:104E00000A4A43F00203D36005211D20FFF758FF33
:104E10001D20FFF737FF054B1B68044A43F00103D1
:104E2000136000BF80BD00BF003802400004004096
:104E300080B483B000AF224B1B6903F00203002B48
:104E400038D01F4B5B6B7B601E4B1B687A689A42A5
:104E500006D31C4B1B687A68D31A1B4A136007E001
:104E6000184B1B687A68D31A03F58033164A13600F
:104E7000144A7B681360144B1B68002B0FD0124B35
:104E80001B6807EE903AB8EE677ADFED106AC6EE5F
:104E9000877A0F4BC3ED007A0E4B01221A700E4B2E
:104EA0001B6801330C4A1360054B1B69044A23F04D
:104EB0000203136100BF0C37BD465DF8047B7047E9
:104EC00000040040900C0020940C0020007C12494B
:104ED00004000020980C00209C0C002080B400AF3F
:104EE000044B1B6807EE903AB0EE670ABD465DF8CA
:104EF000047B70470400002080B400AF044B4AF6E6
:104F0000AA221A6000BFBD465DF8047B704700BF4F
:104F10000030004080B487B000AFF860B9607A60BC
:104F20007B685A08BB681A447B68B2FBF3F3FB82C8
:104F3000FA8AFB689A6000BF1C37BD465DF8047BA7
:104F40007047000080B500AF324B1B6B314A43F015
:104F500001031363304B1B682F4A23F010031360C7
:104F60002D4B1B682C4A43F0200313602A4B1B6A0D
:104F7000294A43F480731362274B1B6A264A43F481
:104F800000731362244B1B6A234A43F48063136249
:104F9000214B1B6A204A23F4006313621E4B1B68DB
:104FA0001D4A23F0400313601B4B1B681A4A43F051
:104FB00080031360184B1B6A174A43F48053136233
:104FC000154B1B6A144A43F400531362124B1B6ABD
:104FD000114A43F4804313620F4B1B6A0E4A23F4B9
:104FE000004313620B4B1B6C0A4A43F400331364F7
:104FF0004FF4E13209490A48FFF78CFF084B0C22B5
:10500000DA60074BDB68064A43F40053D36000BF05
:1050100080BD00BF00380240000002400024F400C0
:105020000044004080B400AF00BF074B1B6803F092
:105030002003002BF9D0044B5B68DBB21846BD4659
:105040005DF8047B704700BF0044004080B483B02B
:1050500000AF786000BF084B1B6803F08003002B93
:10506000F9D07B68044ADBB2536000BF0C37BD4601
:105070005DF8047B704700BF0044004080B586B0F7
:1050800000AFF860B9607A6000237B6121E0FFF730
:10509000C9FF0346FB74FB7C0D2B0ED10D20FFF7DF
:1050A000D5FF0A20FFF7D2FF7B695A1C7A611A46A6
:1050B000BB6813440A221A700FE0FB7C1846FFF706
:1050C000C5FF7B695A1C7A611A46BB681344FA7C97
:1050D0001A707A697B689A42D9DB7B69184618375F
:1050E000BD4680BD80B584B000AF786039600023D4
:1050F000FB6009E0FB687A6813441B781846FFF7E9
:10510000A5FFFB680133FB60FA683B689A42F1DB5C
:1051100000BF1037BD4680BD80B582B000AF002310
:10512000FB8042E0FA88304913465B0013449B0041
:105130000B444FF000021A60FA882B4913465B00BB
:1051400013449B000B4404334FF000021A60FA88AA
:10515000254913465B0013449B000B4408334FF072
:1051600000021A60FA88214913465B0013449B0031
:105170000B444FF000021A60FA881C4913465B008A
:1051800013449B000B4404334FF000021A60FA886A
:10519000164913465B0013449B000B4408334FF041
:1051A00000021A60FB880133FB80FB88FF2BB9D912
:1051B0000F4B00221A700F4B00221A800E4B002258
:1051C0001A700E4B4FF000021A600C4B4FF00002A9
:1051D0005A600A4B4FF000029A60FFF7B1F800BF27
:1051E0000837BD4680BD00BFA40D0020A4190020D3
:1051F000A4250020A6250020A8250020AC250020FD
:1052000080B584B000AF00F0E3F9F860F86800F012
:1052100021FA87ED020AF86800F056FA87ED010AD4
:10522000D7ED020A97ED010A00F07EFA87ED000A39
:10523000094ABB681360084A7B685360064A3B68AA
:105240009360064B186800230022034900F036FCE7
:1052500000BF1037BD4680BDAC25002024020020D1
:1052600080B500AF00F0B4F903460F4A13600E4B4F
:105270001B680E491846FFF773FC0D4B1868002396
:1052800000220A4900F01AFC094B1868002300228A
:10529000084900F013FC064B186800230022064959
:1052A00000F00CFC00BF80BDB8250020BC2500200C
:1052B00028020020C8250020D42500202DE9B04375
:1052C00084B004AF464B1B681846FBF75DF9804677
:1052D0008946434B5B681846FBF756F904460D4672
:1052E0003F4B9B681846FBF74FF902460B46CDE94A
:1052F0000223CDE9004542464B463A493A4803F07D
:105300008BF93948FAF7D4FF034619463648FFF7B8
:10531000E9FE364B1B681846FBF736F904460D4686
:10532000324B5B681846FBF72FF902460B462F49B4
:1053300089680291CDE9002322462B462C492A4850
:1053400003F06AF92848FAF7B3FF034619462648DE
:10535000FFF7C8FE254BDB681846FBF715F9044636
:105360000D46224B1B691846FBF70EF902460B4609
:105370001E4949690291CDE9002322462B461D4969
:10538000194803F049F91848FAF792FF03461946FD
:105390001548FFF7A7FE154B9B691846FBF7F4F875
:1053A00004460D46114BDB691846FBF7EDF8024643
:1053B0000B460E49096A0291CDE9002322462B468D
:1053C0000D49094803F028F90748FAF771FF034629
:1053D00019460548FFF786FE00BFBD46BDE8B0830D
:1053E000AC250020CCCB0008A40C0020BC2500205C
:1053F00008CC000850CC000880CC000880B586B0EE
:1054000000AF3B1D1846FFF711F8B7F904301846F6
:10541000FFF75CF887ED050AB7F906301846FFF785
:1054200055F887ED040AB7F908301846FFF74EF82B
:1054300087ED030A97ED031AD7ED040A97ED050AE5
:1054400000F004F800BF1837BD4680BD2DE9B04319
:1054500088B004AF87ED030AC7ED020A87ED011A91
:10546000524B1B78DBB2002B26D1514B1B889BB2D1
:105470001946504A0B465B000B449B001344FA68E4
:105480001A604B4B1B889BB219464A4A0B465B007D
:105490000B449B0013440433BA681A60444B1B88C6
:1054A0009BB21946434A0B465B000B449B001344D6
:1054B00008337A681A6025E03D4B1B889BB2194679
:1054C0003D4A0B465B000B449B001344FA681A608C
:1054D000374B1B889BB21946374A0B465B000B447F
:1054E0009B0013440433BA681A60314B1B889BB28B
:1054F0001946314A0B465B000B449B0013440833AA
:105500007A681A602A4B1B889BB201339AB2284BE7
:105510001A80274B1B889BB2FF2B42D9234B1B7849
:10552000DAB2264B1A70214B1B78DBB283F00103F1
:10553000DAB21E4B1A701E4B00221A80F868FBF775
:1055400023F880468946B868FBF71EF804460D46E6
:105550007868FBF719F802460B46CDE90223CDE93E
:10556000004542464B461649164803F055F8154883
:10557000FAF79EFE034619461248FFF7B3FD124B99
:1055800018680023009302230022002101F0B4FBDD
:105590000E4B18680023009302230022002101F023
:1055A000ABFB00BF1037BD46BDE8B083A42500208B
:1055B000A6250020A40D0020A4190020A825002065
:1055C000B0CC0008A40C002010020020140200201F
:1055D00080B400AF064B1B78DBB2002B01D1054B2A
:1055E00000E0054B1846BD465DF8047B704700BFE0
:1055F000A8250020A40D0020A419002080B582B0A9
:1056000000AF78607B6893ED007A7B68D3ED007A19
:1056100027EE277A7B68D3ED016A7B68D3ED017AA8
:1056200066EEA77A37EE277A7B68D3ED026A7B684D
:10563000D3ED027A66EEA77A77EE277AB0EE670AA4
:1056400006F034FCF0EE407AB0EE670A0837BD464B
:1056500080BD000080B586B000AF78604FF00003D9
:105660007B6100237B8219E07A8A13465B00134436
:105670009B001A467B6813441846FFF7BFFF87ED6F
:10568000030AD7ED037A67EEA77A97ED057A77EEEE
:10569000277AC7ED057A7B8A01337B827B8AFF2BD1
:1056A000E2D9D7ED057ADFED076A87EEA67AB0EE8C
:1056B000470A06F0FBFBF0EE407AB0EE670A1837B7
:1056C000BD4680BD0000804380B586B000AF7860E5
:1056D0004FF000037B6100237B821AE07A8A134635
:1056E0005B0013449B001A467B6813441846FFF77F
:1056F00085FF87ED030A97ED037AD7ED057AB4EEBF
:10570000E77AF1EE10FA01DDFB687B617B8A0133F9
:105710007B827B8AFF2BE1D97B6907EE903AB0EE62
:10572000670A1837BD4680BD80B483B000AF87EDEF
:10573000010AC7ED000AD7ED007A9FED0C7AF4EE6E
:10574000C77AF1EE10FA02D5DFED096A05E097EDB0
:10575000017AD7ED007AC7EE276AF0EE667AB0EEEE
:10576000670A0C37BD465DF8047B704717B7D13820
:105770000000000080B483B000AF78607B6803F164
:1057800008027B685A607B684FF0FF329A607B6842
:1057900003F108027B68DA607B6803F108027B682A
:1057A0001A617B6800221A6000BF0C37BD465DF8A5
:1057B000047B704780B483B000AF78607B680022C0
:1057C0001A6100BF0C37BD465DF8047B704780B49A
:1057D00085B000AF786039607B685B68FB603B68D0
:1057E000FA685A60FB689A683B689A60FB689B6835
:1057F0003A685A60FB683A689A603B687A681A614E
:105800007B681B685A1C7B681A6000BF1437BD4652
:105810005DF8047B704780B485B000AF7860396074
:105820003B681B68BB60BB68B3F1FF3F03D17B687B
:105830001B69FB600CE07B680833FB6002E0FB68DF
:105840005B68FB60FB685B681B68BA689A42F6D2CB
:10585000FB685A683B685A603B685B683A689A60C4
:105860003B68FA689A60FB683A685A603B687A68F5
:105870001A617B681B685A1C7B681A6000BF14376A
:10588000BD465DF8047B704780B485B000AF78609A
:105890007B681B69FB607B685B687A6892689A60CA
:1058A0007B689B687A6852685A60FB685B687A68B4
:1058B0009A4203D17B689A68FB685A607B68002231
:1058C0001A61FB681B685A1EFB681A60FB681B683C
:1058D00018461437BD465DF8047B704780B584B028
:1058E00000AF786039607B68FB60FB68002B0BD1F0
:1058F0004FF0500383F31188BFF36F8FBFF34F8FC7
:10590000BB6000BF00BFFDE701F070FCFB681A68D8
:10591000FB68DB6BF968096C01FB03F31A44FB6855
:105920009A60FB6800229A63FB681A68FB685A60F9
:10593000FB681A68FB68DB6B013BF968096C01FBCB
:1059400003F31A44FB68DA60FB68FF2283F8442003
:10595000FB68FF2283F845203B68002B14D1FB68CD
:105960001B69002B1AD0FB681033184600F040FF6B
:105970000346002B12D00D4B4FF080521A60BFF33C
:105980004F8FBFF36F8F09E0FB6810331846FFF7A6
:10599000F1FEFB6824331846FFF7ECFE01F058FCDB
:1059A000012318461037BD4680BD00BF04ED00E05E
:1059B00080B58CB002AFF860B9601346FB71FB682C
:1059C000002B0BD14FF0500383F31188BFF36F8F7F
:1059D000BFF34F8FBB6100BF00BFFDE7FB68BA6834
:1059E00002FB03F37B62BB68002B06D07A6ABB68BC
:1059F000B2FBF3F3FA689A4201D1012300E00023DD
:105A0000002B0BD14FF0500383F31188BFF36F8F3E
:105A1000BFF34F8F7B6100BF00BFFDE77B6A13F1CF
:105A2000510F0BD94FF0500383F31188BFF36F8FE1
:105A3000BFF34F8F3B6100BF00BFFDE77B6A503370
:105A4000184601F0BBFC38623B6A002B0DD03B6A64
:105A5000FB61FB695033FB61FA793B6A00931346A3
:105A6000FA69B968F86800F005F83B6A1846283703
:105A7000BD4680BD80B584B000AFF860B9607A6083
:105A8000FB70BB68002B03D1BB69BA691A6002E0E6
:105A9000BB697A681A60BB69FA68DA63BB69BA687D
:105AA0001A640121B869FFF719FFBB69FA7883F816
:105AB0004C2000BF1037BD4680BD000080B58CB0C3
:105AC00000AFF860B9607A603B600023FB62FB685E
:105AD000BB62BB6A002B0BD14FF0500383F31188DC
:105AE000BFF36F8FBFF34F8F3B6200BF00BFFDE777
:105AF000BB68002B03D1BB6A1B6C002B01D10123B7
:105B000000E00023002B0BD14FF0500383F31188EA
:105B1000BFF36F8FBFF34F8FFB6100BF00BFFDE787
:105B20003B68022B03D1BB6ADB6B012B01D1012344
:105B300000E00023002B0BD14FF0500383F31188BA
:105B4000BFF36F8FBFF34F8FBB6100BF00BFFDE797
:105B500001F04CFBBB6A9A6BBB6ADB6B9A4202D3C7
:105B60003B68022B29D13A68B968B86A00F05AF943
:105B70007862BB6A5B6A002B10D0BB6A243318467C
:105B800000F036FE0346002B13D0404B4FF08052FE
:105B90001A60BFF34F8FBFF36F8F0AE07B6A002B51
:105BA00007D03A4B4FF080521A60BFF34F8FBFF3CC
:105BB0006F8F01F04DFB012363E07B68002B03D165
:105BC00001F046FB00235CE0FB6A002B06D107F1E5
:105BD0001003184600F070FE0123FB6201F038FB51
:105BE00000F0F8FB01F002FBBB6A93F844305BB2B3
:105BF000B3F1FF3F03D1BB6A002283F84420BB6AA4
:105C000093F845305BB2B3F1FF3F03D1BB6A00228A
:105C100083F8452001F01CFB3A1D07F110031146E3
:105C2000184600F05FFE0346002B24D1B86A00F04E
:105C3000F1F90346002B18D0BB6A10337A6811467D
:105C4000184600F0AFFDB86A00F07CF900F0D0FB18
:105C50000346002B7FF47CAF0C4B4FF080521A6050
:105C6000BFF34F8FBFF36F8F72E7B86A00F06AF926
:105C700000F0BEFB6CE7B86A00F064F900F0B8FB16
:105C8000002318463037BD4680BD00BF04ED00E05C
:105C900080B58CB000AFF860B9607A600023FB6219
:105CA000FB68BB62BB6A002B0BD14FF0500383F340
:105CB0001188BFF36F8FBFF34F8F3B6200BF00BFF0
:105CC000FDE7BB68002B03D1BB6A1B6C002B01D125
:105CD000012300E00023002B0BD14FF0500383F38E
:105CE0001188BFF36F8FBFF34F8FFB6100BF00BF01
:105CF000FDE701F07BFABB6A9B6B7B627B6A002B42
:105D00001FD0B968B86A00F0F7F87B6A5A1EBB6A00
:105D10009A63BB6A1B69002B0FD0BB6A103318460D
:105D200000F066FD0346002B07D03D4B4FF080523C
:105D30001A60BFF34F8FBFF36F8F01F089FA012311
:105D400069E07B68002B03D101F082FA002362E056
:105D5000FB6A002B06D107F11403184600F0ACFDD6
:105D60000123FB6201F074FA00F034FB01F03EFA0B
:105D7000BB6A93F844305BB2B3F1FF3F03D1BB6A17
:105D8000002283F84420BB6A93F845305BB2B3F13C
:105D9000FF3F03D1BB6A002283F8452001F058FA87
:105DA0003A1D07F114031146184600F09BFD034607
:105DB000002B23D1B86A00F017F90346002B17D047
:105DC000BB6A24337A681146184600F0EBFCB86AC7
:105DD00000F0B8F800F00CFB0346002B89D1104B03
:105DE0004FF080521A60BFF34F8FBFF36F8F80E781
:105DF000B86A00F0A7F800F0FBFA7AE7B86A00F09A
:105E0000A1F800F0F5FAB86A00F0EEF80346002BAE
:105E10003FF46FAF002318463037BD4680BD00BF4A
:105E200004ED00E080B586B000AFF860B9607A603C
:105E300000237B61FB689B6B3B61FB681B6C002B49
:105E40000DD1FB681B68002B4DD1FB689B68184681
:105E500000F06EFE7861FB6800229A6043E07B6888
:105E6000002B19D1FB685868FB681B6C1A46B9688F
:105E700002F0B7FCFB685A68FB681B6C1A44FB68AD
:105E80005A60FB685A68FB689B689A422BD3FB6890
:105E90001A68FB685A6026E0FB68D868FB681B6CD0
:105EA0001A46B96802F09DFCFB68DA68FB681B6C57
:105EB0005B421A44FB68DA60FB68DA68FB681B68BF
:105EC0009A4207D2FB689A68FB681B6C5B421A44D3
:105ED000FB68DA607B68022B05D13B69002B02D09E
:105EE0003B69013B3B613B695A1CFB689A637B69D8
:105EF00018461837BD4680BD80B582B000AF7860C7
:105F000039607B681B6C002B18D07B68DA687B6873
:105F10001B6C1A447B68DA607B68DA687B689B6874
:105F20009A4203D37B681A687B68DA607B68D96819
:105F30007B681B6C1A46386802F053FC00BF0837B8
:105F4000BD4680BD80B584B000AF786001F04EF9E9
:105F50007B6893F84530FB7311E07B685B6A002B2C
:105F600012D07B682433184600F042FC0346002B15
:105F700001D000F01FFDFB7B013BDBB2FB7397F907
:105F80000F30002BE9DC00E000BF7B68FF2283F8C4
:105F9000452001F05DF901F029F97B6893F8443060
:105FA000BB7311E07B681B69002B12D07B68103338
:105FB000184600F01DFC0346002B01D000F0FAFC4F
:105FC000BB7B013BDBB2BB7397F90E30002BE9DCE6
:105FD00000E000BF7B68FF2283F8442001F038F91D
:105FE00000BF1037BD4680BD80B584B000AF78607B
:105FF00001F0FCF87B689B6B002B02D10123FB6056
:1060000001E00023FB6001F023F9FB68184610371C
:10601000BD4680BD80B584B000AF786001F0E6F881
:106020007B689A6B7B68DB6B9A4202D10123FB6031
:1060300001E00023FB6001F00BF9FB681846103704
:10604000BD4680BD80B58CB004AFF860B9603B60E0
:106050001346FB80FB889B00184601F0AFF978617E
:106060007B69002B0ED0582001F0A8F9F861FB697C
:10607000002B03D0FB697A691A6305E0786901F0A7
:106080007FFA01E00023FB61FB69002B13D0FA8843
:1060900000230393FB690293FB6A0193BB6A00939D
:1060A0003B68B968F86800F00EF8F86900F0A2F8EB
:1060B0000123BB6102E04FF0FF33BB61BB691846AF
:1060C0002037BD4680BD80B588B000AFF860B960AC
:1060D0007A603B603B6B186B7B689B001A46A5217E
:1060E00002F000FB3B6B1A6B7B6803F18043013BC2
:1060F0009B001344BB61BB6923F00703BB61BB6911
:1061000003F00703002B0BD04FF0500383F31188EB
:10611000BFF36F8FBFF34F8F7B6100BF00BFFDE701
:10612000BB68002B1FD00023FB6112E0BA68FB693B
:10613000134419783A6BFB69134434330A461A70D6
:10614000BA68FB6913441B78002B06D0FB69013346
:10615000FB61FB69092BE9D900E000BF3B6B002222
:1061600083F83D2003E03B6B002283F83420BB6AB8
:10617000042B01D90423BB623B6BBA6ADA623B6B26
:10618000BA6A9A643B6B0022DA643B6B04331846AC
:10619000FFF710FB3B6B18331846FFF70BFB3B6B0D
:1061A0003A6B1A61BB6AC3F105023B6B9A613B6BA8
:1061B0003A6B5A623B6B503304220021184602F0BE
:1061C00091FA3B6B543301220021184602F08AFAFF
:1061D0003A68F968B86900F0D9FE02463B6B1A606C
:1061E000FB6A002B02D0FB6A3A6B1A6000BF2037B3
:1061F000BD4680BD80B582B000AF786000F0F6FF8C
:106200002C4B1B6801332B4A13602B4B1B68002B54
:1062100009D1294A7B681360264B1B68012B10D1DA
:1062200000F0ECFB0DE0254B1B68002B09D1224B45
:106230001B68DA6A7B68DB6A9A4202D81E4A7B686E
:1062400013601F4B1B6801331D4A13601C4B1A68F7
:106250007B681A647B68DB6A01229A40194B1B68D1
:106260001343184A13607B68DA6A13469B00134491
:106270009B00154A1A447B68043319461046FFF701
:10628000A6FA00F0E5FF0D4B1B68002B0ED00A4B61
:106290001B68DA6A7B68DB6A9A4207D20B4B4FF0C5
:1062A00080521A60BFF34F8FBFF36F8F00BF083764
:1062B000BD4680BDB8260020E0250020C426002071
:1062C000D4260020C0260020E425002004ED00E0B4
:1062D00080B584B000AF78600023FB607B68002B42
:1062E00018D0144B1B68002B0BD04FF0500383F3D6
:1062F0001188BFF36F8FBFF34F8FBB6000BF00BF2C
:10630000FDE700F067F80021786800F0D9FD00F0A3
:106310006FF8F860FB68002B07D1074B4FF08052F5
:106320001A60BFF34F8FBFF36F8F00BF1037BD46AA
:1063300080BD00BFE026002004ED00E080B586B0FF
:1063400002AF1D4B019300230093002382221B49BF
:106350001B48FFF777FEF860FB68012B16D14FF062
:10636000500383F31188BFF36F8FBFF34F8FBB6070
:1063700000BF144B4FF0FF321A60134B01221A601A
:10638000124B00221A6000F08DFE0FE0FB68B3F1A3
:10639000FF3F0BD14FF0500383F31188BFF36F8F92
:1063A000BFF34F8F7B6000BF00BFFDE7084B1B684A
:1063B00000BF1037BD4680BDDC260020D0CC0008D1
:1063C000CD690008D8260020C4260020BC26002065
:1063D000C001020880B400AF044B1B680133034ABC
:1063E000136000BFBD465DF8047B7047E0260020C7
:1063F00080B584B000AF0023FB600023BB60424B3C
:106400001B68002B0BD14FF0500383F31188BFF3AF
:106410006F8FBFF34F8F3B6000BF00BFFDE700F001
:10642000E5FE394B1B68013B374A1360364B1B684E
:10643000002B61D1354B1B68002B5DD02EE0344B17
:10644000DB68DB68FB60FB6818331846FFF71CFA53
:10645000FB6804331846FFF717FAFB68DB6A012272
:106460009A402C4B1B6813432A4A1360FB68DA6A74
:1064700013469B0013449B00274A1A44FB680433CD
:1064800019461046FFF7A3F9FB68DA6A234B1B682D
:10649000DB6A9A4202D3224B01221A601C4B1B6812
:1064A000002BCCD1FB68002B01D000F025FB1D4B4D
:1064B0001B687B607B68002B10D000F037F8034628
:1064C000002B02D0164B01221A607B68013B7B60D7
:1064D0007B68002BF1D1134B00221A60104B1B6814
:1064E000002B09D00123BB600F4B4FF080521A6084
:1064F000BFF34F8FBFF36F8F00F0AAFEBB68184643
:106500001037BD4680BD00BFE0260020B826002021
:1065100078260020C0260020E4250020E025002069
:10652000CC260020C826002004ED00E080B586B00F
:1065300000AF00237B614F4B1B68002B40F08F8026
:106540004D4B1B6801333B614B4A3B6913603B6910
:10655000002B21D1494B1B681B68002B0BD04FF03F
:10656000500383F31188BFF36F8FBFF34F8F3B60EE
:1065700000BF00BFFDE7414B1B68FB60404B1B6841
:106580003E4A13603E4AFB6813603E4B1B68013372
:106590003C4A136000F0B0FA3B4B1B683A699A42E0
:1065A00048D3364B1B681B68002B04D1364B4FF089
:1065B000FF321A603EE0314B1B68DB68DB68BB6072
:1065C000BB685B687B603A697B689A4203D22E4A5B
:1065D0007B6813602EE0BB6804331846FFF754F95C
:1065E000BB689B6A002B04D0BB6818331846FFF7C2
:1065F0004BF9BB68DB6A01229A40244B1B681343AA
:10660000224A1360BB68DA6A13469B0013449B005E
:106610001F4A1A44BB68043319461046FFF7D7F8DF
:10662000BB68DA6A1B4B1B68DB6A9A42B9D3012349
:106630007B61B6E7174B1B68DA6A154913469B0066
:1066400013449B000B441B68012B01D901237B6180
:10665000114B1B68002B07D001237B6104E00F4B1B
:106660001B6801330D4A13607B6918461837BD4615
:1066700080BD00BFE0260020BC2600207026002040
:1066800074260020D0260020D8260020C026002016
:10669000E4250020E0250020CC260020C82600208C
:1066A00080B588B000AF3A4B1B68002B03D0394B44
:1066B00001221A6067E0374B00221A60364B1B68D4
:1066C0001B6BFB614FF0A533BB61FB691B68BA69AB
:1066D0009A4211D1FB6904331B68BA699A420BD103
:1066E000FB6908331B68BA699A4205D1FB690C3310
:1066F0001B68BA699A4208D0274B1A68264B1B6858
:10670000343319461046FDF73BFA244B1B68FB60F7
:10671000FB68B3FA83F3FB72FB7AC3F11F037B615F
:106720001F497A6913469B0013449B000B441B6866
:10673000002B0BD14FF0500383F31188BFF36F8F01
:10674000BFF34F8F7B6000BF00BFFDE77A69134640
:106750009B0013449B00124A13443B613B695B68F6
:106760005A683B695A603B695A683B6908339A42E8
:1067700004D13B695B685A683B695A603B695B6856
:10678000DB68054A136000BF2037BD4680BD00BFEF
:10679000E0260020CC260020E0250020C026002096
:1067A000E425002080B584B000AF786039607B6854
:1067B000002B0BD14FF0500383F31188BFF36F8F81
:1067C000BFF34F8FFB6000BF00BFFDE7074B1B68A7
:1067D000183319467868FFF71EF80121386800F071
:1067E0006FFB00BF1037BD4680BD00BFE025002015
:1067F00080B586B000AF78607B68DB68DB683B61A2
:106800003B69002B0BD14FF0500383F31188BFF38A
:106810006F8FBFF34F8FFB6000BF00BFFDE73B6989
:1068200018331846FFF730F81D4B1B68002B1CD19E
:106830003B6904331846FFF727F83B69DB6A0122FE
:106840009A40184B1B681343164A13603B69DA6A77
:1068500013469B0013449B00134A1A443B690433BC
:1068600019461046FEF7B3FF05E03B691833194699
:106870000E48FEF7ACFF3B69DA6A0D4B1B68DB6A1A
:106880009A4205D901237B610A4B01221A6001E07B
:1068900000237B617B6918461837BD4680BD00BF69
:1068A000E0260020C0260020E425002078260020D5
:1068B000E0250020CC26002080B483B000AF7860B3
:1068C000064B1A687B681A60054B1A687B685A6029
:1068D00000BF0C37BD465DF8047B7047D026002012
:1068E000BC26002080B588B000AF786039607B6836
:1068F000002B0BD14FF0500383F31188BFF36F8F40
:10690000BFF34F8F3B6100BF00BFFDE73B68002B2B
:106910000BD14FF0500383F31188BFF36F8FBFF398
:106920004F8FFB6000BF00BFFDE700F05FFC1F4B17
:106930001B68BB617B685B68BA69D31A7B613B6883
:106940001B68B3F1FF3F02D10023FB6126E07B68A7
:106950001A68174B1B689A420AD07B685B68BA6951
:106960009A4205D30123FB613B6800221A6015E0BF
:106970003B681B687A699A420BD23B681A687B694C
:10698000D21A3B681A607868FFF796FF0023FB6114
:1069900004E03B6800221A600123FB6100F058FC10
:1069A000FB6918462037BD4680BD00BFBC260020CD
:1069B000D026002080B400AF034B01221A6000BF34
:1069C000BD465DF8047B7047CC26002080B582B0C0
:1069D00000AF786000F052F8064B1B68012BF9D924
:1069E000054B4FF080521A60BFF34F8FBFF36F8F8C
:1069F000F0E700BFE425002004ED00E080B582B0A0
:106A000000AF00237B600CE07A6813469B001344C0
:106A10009B00124A13441846FEF7ACFE7B68013314
:106A20007B607B68042BEFD90D48FEF7A3FE0D4871
:106A3000FEF7A0FE0C48FEF79DFE0C48FEF79AFEFE
:106A40000B48FEF797FE0B4B054A1A600A4B054AA6
:106A50001A6000BF0837BD4680BD00BFE425002096
:106A6000482600205C260020782600208C26002066
:106A7000A4260020702600207426002080B582B055
:106A800000AF19E000F0B2FB104BDB68DB687B6005
:106A90007B6804331846FEF7F7FE0D4B1B68013B7D
:106AA0000B4A13600B4B1B68013B0A4A136000F052
:106AB000CFFB786800F010F8064B1B68002BE1D183
:106AC00000BF00BF0837BD4680BD00BF8C26002038
:106AD000B8260020A026002080B582B000AF7860E4
:106AE0007B681B6B184600F04BFD786800F048FD92
:106AF00000BF0837BD4680BD80B400AF0A4B1B689D
:106B00001B68002B04D1094B4FF0FF321A6005E0DF
:106B1000054B1B68DB681B68044A136000BFBD4659
:106B20005DF8047B704700BF70260020D826002047
:106B300080B586B000AF78607B683B6100237B61E5
:106B40007B68002B65D0354B1B683A699A420BD0A5
:106B50004FF0500383F31188BFF36F8FBFF34F8F54
:106B6000FB6000BF00BFFDE73B69DB6C002B0BD176
:106B70004FF0500383F31188BFF36F8FBFF34F8F34
:106B8000BB6000BF00BFFDE73B69DB6C5A1E3B6981
:106B9000DA643B69DA6A3B699B6C9A4239D03B699B
:106BA000DB6C002B35D13B6904331846FEF76CFED5
:106BB0000346002B0AD13B69DB6A012202FA03F388
:106BC000DA43174B1B681340154A13603B699A6CF4
:106BD0003B69DA623B69DB6AC3F105023B699A6192
:106BE0003B69DB6A01229A400D4B1B6813430C4A38
:106BF00013603B69DA6A13469B0013449B00094A01
:106C00001A443B69043319461046FEF7E0FD0123A0
:106C10007B617B6918461837BD4680BDE0250020A2
:106C2000C0260020E425002080B586B000AFF860C3
:106C3000B9607A60FB68002B0BD04FF0500383F3F0
:106C40001188BFF36F8FBFF34F8F3B6100BF00BF51
:106C5000FDE700F0CBFA264B1B68FA68143253F8B4
:106C60002230002B15D1224B1A68FB681344543391
:106C700001221A707B68002B0BD00121786800F08C
:106C80001FF91C4B4FF080521A60BFF34F8FBFF3B8
:106C90006F8F00F0DDFA00F0A9FA154B1B68FA6857
:106CA000143253F822307B617B69002B12D0BB6811
:106CB000002B07D00E4B1B68FA681432002143F8F2
:106CC000221007E00A4B1B687A69511EFA681432D9
:106CD00043F82210064B1A68FB6813445433002211
:106CE0001A7000F0B5FA7B6918461837BD4680BDAA
:106CF000E025002004ED00E080B58CB000AFF86026
:106D0000B9607A60FB700123FB62BB68002B0BD07B
:106D10004FF0500383F31188BFF36F8FBFF34F8F92
:106D20003B6200BF00BFFDE7FB68002B0BD14FF0BB
:106D3000500383F31188BFF36F8FBFF34F8FFB6155
:106D400000BF00BFFDE7FB68BB6200F04FFABB6B02
:106D5000002B06D0BB6ABA68143253F82220BB6BF2
:106D60001A60BA6ABB68134454331B7887F827301B
:106D7000BA6ABB681344543302221A70FB78042B9E
:106D80003BD801A252F823F01B6E00089D6D00084D
:106D9000B96D0008D16D0008DF6D0008BB6ABA68E4
:106DA000143253F822207B6842EA0301BB6ABA68B6
:106DB000143243F8221033E0BB6ABA68143253F835
:106DC0002230591CBB6ABA68143243F8221027E0FB
:106DD000BB6ABA681432796843F8221020E097F849
:106DE0002730022B06D0BB6ABA681432796843F8A0
:106DF000221015E00023FB6212E02C4B1B68002BD5
:106E00000DD04FF0500383F31188BFF36F8FBFF3A2
:106E10004F8FBB6100BF00BFFDE700BF00E000BFB8
:106E200097F82730012B3AD1BB6A04331846FEF796
:106E30002BFDBB6ADB6A01229A401D4B1B68134382
:106E40001B4A1360BB6ADA6A13469B0013449B001B
:106E5000184A1A44BB6A043319461046FEF7B7FCB9
:106E6000BB6A9B6A002B0BD04FF0500383F3118851
:106E7000BFF36F8FBFF34F8F7B6100BF00BFFDE794
:106E8000BB6ADA6A0C4B1B68DB6A9A4207D90B4B68
:106E90004FF080521A60BFF34F8FBFF36F8F00F037
:106EA000D7F9FB6A18463037BD4680BDBC260020A6
:106EB000C0260020E4250020E025002004ED00E0AD
:106EC00080B584B000AF78603960294B1B68FB60E7
:106ED000284B1B6804331846FEF7D6FC0346002BEC
:106EE0000BD1244B1B68DB6A012202FA03F3DA435D
:106EF000214B1B681340204A13607B68B3F1FF3FAE
:106F00000AD13B68002B07D01A4B1B680433194683
:106F10001A48FEF75CFC26E0FA687B681344BB6005
:106F2000144B1B68BA685A60BA68FB689A4209D267
:106F3000134B1A680F4B1B68043319461046FEF7B3
:106F40006AFC10E00F4B1A680A4B1B6804331946A1
:106F50001046FEF760FC0C4B1B68BA689A4202D2DE
:106F6000094ABB68136000BF1037BD4680BD00BF33
:106F7000BC260020E0250020C0260020A4260020FA
:106F80007426002070260020D826002080B485B00A
:106F900000AFF860B9607A60FB68043BFB60FB6897
:106FA0004FF080721A60FB68043BFB60BB6823F003
:106FB0000102FB681A60FB68043BFB600C4AFB683B
:106FC0001A60FB68143BFB607A68FB681A60FB6818
:106FD000043BFB60FB686FF002021A60FB68203B19
:106FE000FB60FB6818461437BD465DF8047B7047AC
:106FF000F56F000880B485B000AF00237B60134BB1
:107000001B68B3F1FF3F0BD04FF0500383F311889F
:10701000BFF36F8FBFF34F8FFB6000BF00BFFDE773
:107020004FF0500383F31188BFF36F8FBFF34F8F7F
:10703000BB6000BF00BF7B68002BFCD000BF00BF5F
:107040001437BD465DF8047B704700BF0800002080
:10705000074B19680868B0E8F04F80F30988BFF360
:107060006F8F4FF0000080F311887047AFF30080FE
:10707000E025002000BF00BF08480068006880F3DA
:1070800008884FF0000080F3148862B661B6BFF341
:107090004F8FBFF36F8F00DF00BF000008ED00E0EF
:1070A00000BF00BF80B586B000AF474B1B68474AA2
:1070B00093420BD14FF0500383F31188BFF36F8FCE
:1070C000BFF34F8FFB6000BF00BFFDE73E4B1B6867
:1070D0003F4A93420BD14FF0500383F31188BFF323
:1070E0006F8FBFF34F8F3B6100BF00BFFDE7394B90
:1070F0007B617B691B78DBB27B607B69FF221A7046
:107100007B691B78DBB2FB70FB78DBB203F05003CA
:10711000DAB2314B1A70314B07221A6009E02F4B5B
:107120001B68013B2D4A1360FB78DBB25B00DBB2CE
:10713000FB70FB78DBB203F08003802BEFD0274B92
:107140001B68C3F10703042B0BD04FF0500383F3EC
:107150001188BFF36F8FBFF34F8FBB6000BF00BFBD
:10716000FDE71E4B1B681B021C4A13601B4B1B6870
:1071700003F4E063194A13607B68DAB27B691A7022
:10718000174B1B68164A43F470031360144B1B68BB
:10719000134A43F07043136000F0E0F8114B0022F3
:1071A0001A6000F0FFF8104B1B680F4A43F0404391
:1071B0001360FFF761FFFFF773FAFFF71BFF002370
:1071C00018461837BD4680BD00ED00E071C20F4182
:1071D00070C20F4100E400E0E4260020E826002011
:1071E00020ED00E00800002034EF00E080B483B020
:1071F00000AF4FF0500383F31188BFF36F8FBFF3DD
:107200004F8F7B6000BF104B1B6801330E4A136029
:107210000D4B1B68012B10D10C4B1B68DBB2002BF4
:107220000BD04FF0500383F31188BFF36F8FBFF380
:107230004F8F3B6000BF00BFFDE700BF0C37BD466E
:107240005DF8047B704700BF0800002004ED00E0FB
:1072500080B483B000AF124B1B68002B0BD14FF0F2
:10726000500383F31188BFF36F8FBFF34F8F7B60A1
:1072700000BF00BFFDE70A4B1B68013B084A1360D3
:10728000074B1B68002B05D100233B603B6883F351
:10729000118800BF00BF0C37BD465DF8047B704706
:1072A00008000020000000000000000000000000B6
:1072B000EFF30980BFF36F8F154B1A681EF0100FA4
:1072C00008BF20ED108A20E9F04F106009B44FF09C
:1072D000500080F31188BFF34F8FBFF36F8FFFF71C
:1072E000DFF94FF0000080F3118809BC19680868C5
:1072F000B0E8F04F1EF0100F08BFB0EC108A80F31A
:107300000988BFF36F8F7047AFF30080AFF3008041
:10731000E025002000BF00BF80B582B000AF4FF075
:10732000500383F31188BFF36F8FBFF34F8F7B60E0
:1073300000BFFFF7FBF80346002B03D0064B4FF0CE
:1073400080521A6000233B603B6883F3118800BFC2
:1073500000BF0837BD4680BD04ED00E080B400AF3B
:107360000B4B00221A600B4B00221A600A4B1B6861
:107370000A4AA2FB03239B09094A013B1360044B01
:1073800007221A6000BFBD465DF8047B704700BF4E
:1073900010E000E018E000E000000020D34D621093
:1073A00014E000E0DFF80C00016841F470010160B6
:1073B0007047000088ED00E000BF00BF80B58AB0D4
:1073C00000AF78600023FB61FFF704F8664B1B6891
:1073D000002B01D100F038F9644B1A687B68134028
:1073E000002B40F0A9807B68002B2ED008227B6800
:1073F00013447A689A4228D208227B6813447B603F
:107400007B6803F00703002B22D07B6823F007037F
:1074100008337A689A4215D27B6823F00703083351
:107420007B607B6803F00703002B11D04FF0500303
:1074300083F31188BFF36F8FBFF34F8F7B6100BF62
:1074400000BFFDE700237B6002E000237B6000E0DB
:1074500000BF7B68002B6FD0454B1B687A689A424F
:107460006AD8444B3B62434B1B687B6204E07B6AF7
:107470003B627B6A1B687B627B6A5B687A689A42C4
:1074800003D97B6A1B68002BF1D1374B1B687A6AE2
:107490009A4251D03B6A1B6808221344FB617B6A05
:1074A0001A683B6A1A607B6A5A687B68D21A08239A
:1074B0005B009A4220D97A6A7B681344BB61BB693E
:1074C00003F00703002B0BD04FF0500383F3118818
:1074D000BFF36F8FBFF34F8F3B6100BF00BFFDE76E
:1074E0007B6A5A687B68D21ABB695A607B6A7A6881
:1074F0005A60B86900F00AF91D4B1A687B6A5B682C
:10750000D31A1B4A13601A4B1A681B4B1B689A420A
:1075100003D2174B1B68184A13607B6A5A68134BD7
:107520001B681A437B6A5A607B6A00221A60134BFD
:107530001B680133114A1360FEF75AFFFB6903F021
:107540000703002B0BD04FF0500383F31188BFF3D8
:107550006F8FBFF34F8FFB6000BF00BFFDE7FB697C
:1075600018462837BD4680BDF4520120085301203B
:10757000F8520120EC520120FC520120005301205E
:1075800080B586B000AF78607B687B617B68002B3C
:107590004FD008235B427A6913447B617B693B616E
:1075A0003B695A68254B1B681340002B0BD14FF0E9
:1075B000500383F31188BFF36F8FBFF34F8FFB60CE
:1075C00000BF00BFFDE73B691B68002B0BD04FF0ED
:1075D000500383F31188BFF36F8FBFF34F8FBB60EE
:1075E00000BF00BFFDE73B695A68144B1B6813409E
:1075F000002B1ED03B691B68002B1AD13B695A68CF
:107600000E4B1B68DB431A403B695A60FEF7E2FEF3
:107610003B695A680A4B1B681344094A136038696E
:1076200000F074F8074B1B680133064A1360FEF73D
:10763000DFFE00BF1837BD4680BD00BF08530120E4
:10764000F85201200453012080B485B000AF4FF4FC
:107650009633BB60274BFB60FB6803F00703002BEE
:107660000CD0FB680733FB60FB6823F00703FB606B
:10767000BA68FB68D31A1F4A1344BB60FB687B607F
:107680001D4A7B6813601C4B00225A607B68BA68F5
:107690001344FB600822FB689B1AFB60FB6823F025
:1076A0000703FB60FB68154A1360144B1B6800223C
:1076B0005A60124B1B6800221A607B683B603B6873
:1076C000FA68D21A3B685A600C4B1A683B681A6019
:1076D0003B685B680A4A13603B685B68094A136051
:1076E000094B4FF000421A6000BF1437BD465DF8E9
:1076F000047B7047EC260020EC520120F45201205C
:10770000FC520120F85201200853012080B485B0BA
:1077100000AF7860284BFB6002E0FB681B68FB60F1
:10772000FB681B687A689A42F7D8FB68BB60FB6805
:107730005B68BA6813447A689A4208D1FB685A6851
:107740007B685B681A44FB685A60FB687B607B68F7
:10775000BB607B685B68BA681A44FB681B689A4226
:1077600018D1FB681A68154B1B689A420DD07B68CC
:107770005A68FB681B685B681A447B685A60FB6840
:107780001B681A687B681A6008E00C4B1A687B68F3
:107790001A6003E0FB681A687B681A60FA687B6805
:1077A0009A4202D0FB687A681A6000BF1437BD465F
:1077B0005DF8047B704700BFEC520120F4520120B9
:1077C0002DE9FF4757EC106B002F0C4619463B463E
:1077D000BBBF07F100431F4600232D230B700D9BF9
:1077E000DDF830A0914623F02008BCBF3246164693
:1077F000B8F1460F05D0B8F1450F00D10134022190
:1078000000E0032103AB019302AB009347EC106B44
:107810005346224601F084F8B8F1470F054619D1C6
:1078200019F0010F0ED000EB0409002200233046AE
:107830003946F9F769F908B1CDF80C903022039B6D
:107840004B451ED3039B0E9A5B1B2846136004B066
:10785000BDE8F087B8F1460F00EB0409E5D10378E5
:10786000302B0AD10022002330463946F9F74CF973
:1078700018B9C4F10104CAF80040DAF8003099449C
:10788000D3E7591C03911A70D9E7F7B50029BABF9D
:1078900049422D232B2309290270437029DD0DF164
:1078A000070425460A272246B1FBF7F607FB161305
:1078B000303302F8013C0B46632B04F1FF343146B0
:1078C000F1DC3031931E04F8011C411C1C46AB4214
:1078D0000AD30DF109039B1AA54238BF0023821C6D
:1078E0001344181A03B0F0BD13F8016B01F8016FCF
:1078F000EDE7302330318370C170031DF1E70000E4
:107900002DE9F04F8DB00C46DDF8588016461F4625
:10791000054600F0EFFE036806931846F8F7C8FC2A
:1079200000230A93D8F8003094F818A0D4F800B0D7
:107930000790073323F00703B3EC027B8DED047B44
:10794000C8F80030DDE9048323F0004984ED127BA0
:107950009C4B4FF0FF3240464946F9F707F970BBA0
:10796000984B4FF0FF3240464946F9F7E1F830BBFB
:10797000DDE9040100220023F9F7D0F810B12D232E
:1079800084F84330904A914BBAF1470F8CBF904630
:107990009846032323612BF0040323604FF0000972
:1079A000009733460BAA2146284600F0D1F9013052
:1079B00040F08C804FF0FF300DB0BDE8F08FDDE976
:1079C000042310461946F9F7D1F840B1059B804AC7
:1079D000002BBCBF2D2384F843307E4BD4E7636873
:1079E0005A1C0AF0DF093BD1062363604BF4806226
:1079F0000023226003930AABCDE901A309AB0093F6
:107A000061689DED040B0DF123032846FFF7D8FEB6
:107A1000B9F1470F0999804629D1C81C02DB636878
:107A20008B4241DAAAF1020A5FFA8AFA0139524618
:107A300004F150000991FFF728FF0A9A1318012A50
:107A40008146236102DC2268D20701D5013323611C
:107A50009DF82330002BA3D02D2384F843309FE7DB
:107A6000B9F1470FC2D1002BC0D10123BDE7BAF154
:107A7000650FDBD9BAF1660F18D1002963680BDDF9
:107A8000216113B92268D00702D501330B44236169
:107A9000A1654FF00009DBE713B92268D20701D5D1
:107AA0000233F4E70123F2E74FF0670A0A9B8B42A7
:107AB00005DC23682161D807EAD54B1CE7E70029DC
:107AC000D4BFC1F1020201221344E0E723685A0542
:107AD00007D42369424631462846B84701302BD1A6
:107AE00068E7BAF1650F40F2DD80D4E912010022A7
:107AF0000023F9F709F8002833D0374A012331462B
:107B00002846B84701303FF455AFDDE90938434511
:107B100002DB2368D8070FD5DDE906233146284666
:107B2000B84701303FF446AF4FF0000908F1FF3885
:107B300004F11A0AC84509DC23689B0700F1038198
:107B4000E0680B9B9842B8BF184635E701235246C0
:107B500031462846B84701303FF42CAF09F10109FE
:107B6000E8E7099B002B39DC1B4A012331462846F4
:107B7000B84701303FF41EAFDDE9093959EA030384
:107B800002D12368D907D7D5DDE906233146284637
:107B9000B84701303FF40EAF4FF0000A04F11A0B62
:107BA000099B5B42534501DC4B4693E701235A4650
:107BB00031462846B84701303FF4FCAE0AF1010ACD
:107BC000EEE700BFFFFFEF7FC8010208C401020813
:107BD000D0010208CC010208D4010208A36DDDF82F
:107BE00028A05345A8BF5346002B994636DC4FF0DA
:107BF000000B29EAE97904F11A02A36D0493A3EBBF
:107C000009035B4531DC099B9A453ADC2368DA07B6
:107C100037D4099BAAEB0309049BAAEB03039945FC
:107C2000A8BF9946B9F1000F33DC4FF0000829EAEC
:107C3000E97904F11A0B099BAAEB0303A3EB0903EF
:107C400043457FF779AF01235A4631462846B84766
:107C500001303FF4AFAE08F10108ECE7424631468F
:107C60002846B8470130C2D1A4E601233146284650
:107C70000492B84701303FF49DAE049A0BF1010B1A
:107C8000BBE7DDE9062331462846B8470130C0D1BD
:107C900090E6049A4B46424431462846B8470130A4
:107CA000C3D187E6DDF828A0BAF1010F01DCDB07BC
:107CB00036D50123424631462846B84701303FF4C5
:107CC00079AEDDE9062331462846B84701303FF456
:107CD00071AED4E91201002200230AF1FF3AF8F74D
:107CE00013FFC0B9534608F1010231462846B84790
:107CF00001300CD15EE601235A4631462846B8478A
:107D000001303FF457AE08F10108D045F3DB4B4694
:107D100004F15002DFE64FF0000804F11A0BF4E71B
:107D200001234246E1E701234A4631462846B84747
:107D300001303FF43FAE08F10108E3680B995B1A8C
:107D40004345F0DCFCE64FF0000804F11909F4E7C4
:107D50002DE9F047164698468A680B69DDF82090B1
:107D60009342B8BF1346336091F8432007460C4650
:107D70000AB1013333602368990642BF3368023386
:107D80003360256815F0060506D104F1190AE36889
:107D900032689B1AAB4226DC94F843302268003BE1
:107DA00018BF012392062BD404F143024146384602
:107DB000C84701301ED02368226903F00603042B54
:107DC00002BFE5683368ED1AA3680CBF25EAE575C4
:107DD00000259342C4BF9B1AED1800261A34B54201
:107DE0001AD1002008E00123524641463846C847D0
:107DF000013003D14FF0FF30BDE8F0870135C6E711
:107E0000E1185A1C302081F84300224494F84510B0
:107E100082F843100233C7E7012322464146384621
:107E2000C8470130E6D00136D9E700002DE9F0431C
:107E30000D7E85B0782D90460C9E07460C469946DF
:107E400001F1430207D8622D0AD8002D00F0D78037
:107E5000582D00F0BC8004F1420684F842503BE00B
:107E6000A5F16303152BF6D801A151F823F000BF4B
:107E7000C97E0008DD7E0008577E0008577E000896
:107E8000577E0008577E0008DD7E0008577E0008F8
:107E9000577E0008577E0008577E0008E57F0008DF
:107EA000077F0008977F0008577E0008577E00086C
:107EB00007800008577E0008077F0008577E0008EB
:107EC000577E00089F7F000833681A1D1B683260C8
:107ED00004F1420684F842300123A1E033682068AF
:107EE000191D3160060601D51D6803E04506FBD566
:107EF000B3F90050002D03DA2D236D4284F843308E
:107F00005B480A2311E021683368080653F8045BD4
:107F100002D4490648BFADB23360237E54486F2B6C
:107F20005CD10823002184F843106668A660002E07
:107F300005DB21682E4321F00401216050D0164654
:107F4000B5FBF3F103FB115C10F80CC006F801CD92
:107F5000AC4663450D46F3D9082B0BD12368DB07EC
:107F600008D5236961689942DEBF302306F8013CD9
:107F700006F1FF36921B2261CDF80090434603AA1A
:107F800021463846FFF7E4FE01304ED14FF0FF3076
:107F900005B0BDE8F083236843F020032360354833
:107FA000782584F845502368316813F0800F51F824
:107FB000045B03D113F0400F18BFADB23160D90795
:107FC00044BF43F0200323601DB11023AAE72848D3
:107FD000E7E7236823F020032360F6E70A23A1E7FD
:107FE0001646B9E7336825686169181D30602E06AA
:107FF0001B6801D5196002E06806FBD519800023D3
:1080000023611646B8E733681A1D32601E6862683D
:1080100000213046F8F7FCF808B1801B6060636807
:108020002361002384F84330A6E7236932464146A2
:108030003846C8470130A9D023689B0713D4E068AD
:10804000039B9842B8BF1846A2E701233246414637
:108050003846C847013099D00135E36803995B1A67
:10806000AB42F2DCEBE7002504F11906F5E700BFAF
:10807000D6010208E70102082DE9F04F87B09146CA
:1080800003938B685A1EB2F5AE7F81BF6FF4AE7555
:1080900003EB050B40F25D138B600B680A464FF053
:1080A000000543F4F06342F81C3BCDE904558046DB
:1080B0000C4698BF4FF0000B01921646AA462F4679
:1080C0000295A2685AB1D9F800301B784E2B63D8BC
:1080D000402B3BD8A3F12B01C8B20E2839D91FB1D0
:1080E000236823F4807323600AF1FF3ABAF1010F89
:1080F00000F21481019B9E4200F20581012007B02D
:10810000BDE8F08FA3F161020D2AE8D801A151F872
:1081100022F000BF5D820008DF800008DF800008D9
:10812000DF800008B982000893820008DF80000821
:10813000DF8000086B820008DF800008DF80000815
:10814000DF800008DF80000827820008A3F14102D9
:10815000DAE70E29C3D801A050F821F017820008F1
:10816000DF80000817820008A7820008DF8000086F
:10817000B9810008FD810008FD810008FD8100082B
:10818000FD810008FD810008FD810008FD810008D7
:10819000FD810008FD8100086E2B09D8602BB1D845
:1081A000542B7BD0592B9AD1072D98D108252FE03D
:1081B000742B73D0792BF6E72168C8051ED521F002
:1081C000800121600137BBF1000F03D001320BF1B8
:1081D000FF3BA260A368013BA360236901332361D5
:1081E000D9F80430013B002BC9F8043040F38280F9
:1081F000D9F800300133C9F8003062E71AEB050105
:108200007FF46DAF226822F4C07222600D468A4668
:1082100006F8013BDEE7226810067FF560AF22F02A
:1082200080022260F4E7BAF1000F0CD177B922681E
:1082300002F4E061B1F5E06F08D122F4F06222604F
:108240004FF0010AE4E7BAF1020F50D0012D02D03D
:10825000042D7FF444AF0135EDB2D9E7BAF1010F37
:108260007FF43DAF4FF0020AD2E775B9002F7FF4DB
:1082700037AF226802F4E061B1F5E06F40F00281AF
:1082800022F4F06222600125C2E7032DE3D0052D20
:10829000DFE7022D7FF423AF0325B9E7062D7FF436
:1082A0001EAF0725B4E7226891057FF518AF22F4C9
:1082B000207222600297ABE7226802F4A061B1F558
:1082C000806F05D050057FF50AAF002F00F0DA80EF
:1082D000910558BF029922F4F06258BF791A42F40E
:1082E000C07258BFCDE904162260002790E74FF016
:1082F000030A8DE7D4F88031494640469847002864
:108300003FF4DFAEEBE6D4F87C3116F8011D4A46A7
:10831000404698472369013B2361EBE66B1E062B21
:1083200024D8022D36D8019B9E427FF6E7AED4F8C2
:108330007C3116F8011D4A46404698472369013BA7
:108340002361F0E7D4F87C311BF8011D4A46404612
:1083500098472369013B23610AF1FF3A5FFA8AFAE1
:10836000BAF1020FEED1033DEDB2761B2368DA05B8
:1083700030D55D0511D5019B9E427FF6BFAED4F886
:108380007C3116F8011D4A46404698472369013B57
:108390002361F0E7AA46B346DEE716F8011C23691D
:1083A000652903F1FF3306F1FF3523610CD0452920
:1083B0000AD0D4F87C314A4640469847236916F8DB
:1083C000021C013BB51E2361D4F87C314A4640466D
:1083D00098472E46226812F0100201D000208EE647
:1083E0003270236803F4C063B3F5806F24D1029B1D
:1083F0009F420AD0DA1B04F26F139E4228BF04F595
:10840000B7762149304600F007F90199002240462D
:1084100002F016FC039B21681B68880757EC106B61
:1084200003F1040215D503990A601B68C3E90067CC
:10843000E3680133E360D1E7049B002BE5D00599A5
:108440000A230131404602F07BFC049B059EC21AC0
:10845000D1E711F0040F03990A60E6D11D68324696
:108460003B4630463946F8F781FB28B1074800F013
:10847000C7F985ED000ADBE730463946F8F7D4FB4B
:108480002860D5E700272FE6F80102083903020823
:10849000002310B50446C0E90033C0E9043383600B
:1084A00081814366C2818361194608225C3000F0F5
:1084B00019F90D4B63620D4BA3620D4BE3620D4B3B
:1084C00023630D4B24629C4206D003F16802944260
:1084D00002D0D0339C4205D104F15800BDE81040D1
:1084E00000F07CB910BD00BF5D8600087F860008E3
:1084F000B7860008DD8600080C530120024A0349B4
:10850000034800F06BB800BF0C000020F9B0000871
:108510001C00002041680C4B994210B5044601D064
:1085200002F0EAFDA168094B994202D0204602F010
:10853000E3FDE168064B994204D02046BDE81040B7
:1085400002F0DABD10BD00BF0C53012074530120AE
:10855000DC5301200C4B0D4A0D4810B504211A6064
:108560000022FFF795FF0A4B01221C46092103F167
:108570006800FFF78DFF04F1D0000222BDE8104033
:108580001221FFF785BF00BF44540120FD8400087D
:108590000C530120014800F022B900BF4D540120C6
:1085A000014800F01DB900BF4D54012010B504462C
:1085B000FFF7F0FF236A1BB1BDE81040FFF7F0BFE3
:1085C000044B2362044B1B68002BF5D1FFF7C2FF5D
:1085D000F2E700BF15850008445401202DE9F84357
:1085E0000746884614460026D4E90195B9F10109E9
:1085F00005D52468002CF7D13046BDE8F883AB8957
:10860000012B07D9B5F90E30013303D0294638467E
:10861000C04706436835E9E70EB410B59DB01FABFF
:10862000029006906FF000410A48079104910A49B0
:1086300053F8042B0591002402A9006801931B94B0
:1086400002F0E0FB029B1C701DB0BDE8104003B0BF
:10865000704700BF180000200802FFFF10B50C464D
:10866000B1F90E1000F06CF80028ABBF636DA38960
:108670001B1823F48053ACBF6365A38110BD2DE9A3
:10868000F0411F468B89DB0505460C46164605D58D
:10869000B1F90E100223002200F040F8A389B4F9CA
:1086A0000E1023F48053A38132463B462846BDE892
:1086B000F04100F057B810B50C46B1F90E1000F0BB
:1086C0002DF8B4F90C30421C0BBF23F4805343F453
:1086D0008053A381A38118BF606510BDB1F90E104E
:1086E00000F00CB802440346934200D1704703F8EF
:1086F000011BF9E7004870475801002038B5064DC6
:108700000023044608462B60FBF7EFFB431C02D115
:108710002B6803B1236038BD4854012038B5074D9C
:1087200004460846114600222A601A46FBF704FC5C
:10873000431C02D12B6803B1236038BD485401208B
:1087400038B5074D04460846114600222A601A46ED
:10875000FCF794FC431C02D12B6803B1236038BDA5
:108760004854012038B5074D0446084611460022FA
:108770002A601A46FBF79DFB431C02D12B6803B10C
:10878000236038BD48540120014B1868704700BF72
:108790001800002070B50D4B0D4D5B1B9C10002682
:1087A000A64209D104F0F4F90A4D0B4B5B1B9C1057
:1087B0000026A64205D170BD55F8043B9847013606
:1087C000EEE755F8043B98470136F2E7C409020882
:1087D000C4090208C4090208C809020870477047A2
:1087E00070470A44914200F1FF3300D1704710B541
:1087F00011F8014B03F8014F9142F9D110BD00006F
:108800009FED010A704700BF0000C07F2DE9F74FC0
:1088100003690C69A34207467EDB013C01F11408A1
:10882000A30000F11405009305EB8403019358F8AD
:10883000243055F8242001339A4208EB8409B2FB16
:10884000F3F62ED34FF0000AC446AE46D3465CF88A
:10885000043B98B206FB00A0020C1B0C06FB032392
:10886000DEF8002080B292B2121A5A44DEF80000FC
:108870004FEA134A9BB2C3EB224303EB104392B27D
:1088800042EA0342E1454EF8042B4FEA234BDED285
:10889000009BEB582BB9019B043B9D421A462FD3FA
:1088A0003C61384601F0DEF9002825DB294600202E
:1088B00058F8042BD1F800C01FFA82FE1FFA8CF37F
:1088C000A3EB0E030344120CC2EB234202EB1C4247
:1088D0009BB243EA0243C14541F8043B4FEA2240C0
:1088E000E6D255F8242005EB840322B9043B9D42CF
:1088F0001A460BD33C610136304603B0BDE8F08F19
:108900001268043B002ACBD1013CC6E71268043B45
:10891000002AEFD1013CEAE70020EEE7000000006A
:108920002DE9F04F99B08DED0E0B0C92C269229C8F
:108930000A9157EC106B8146139382B9102000F016
:1089400015FE0246C9F81C0020B9AB4BEF21AB481D
:1089500002F03EFC0023C0E901330360C3601168EC
:1089600059B152684A60012393408B60484600F039
:10897000F1FED9F81C3000221A60B7F10008B5BF2B
:1089800001230023236023609D4BBCBF28F00048D7
:10899000CDF83C8033EA08031AD1139AC8F31308C0
:1089A00042F20F7358EA0608136000F06885239BB3
:1089B00053B9944B21E0944B00930833239A1360EE
:1089C000009819B0BDE8F08F8E4B00930333F5E7A4
:1089D0009DED0E7B002251EC170B00238DED067BE5
:1089E000F8F792F8824650B1139A01231360239B43
:1089F00013B1239A854B1360854B0093E0E79DEDFF
:108A0000060B16AA17A9484601F050FA5FEA185457
:108A1000169D019079D0079BCDF850A0C3F31303A6
:108A2000DDE9060143F07F5343F44013A4F2FF3421
:108A300019460022774BF7F747FC69A3D3E90023D7
:108A4000F7F7FAFD68A3D3E90023F7F73FFC0646E2
:108A500020460F46F7F786FD65A3D3E90023F7F715
:108A6000EBFD02460B4630463946F7F72FFC06462B
:108A70000F46F8F791F80022804600233046394629
:108A8000F8F74CF848B14046F7F76CFD32463B46E4
:108A9000F8F73AF808B908F1FF38B8F1160F51D8CD
:108AA0005D4B03EBC803D3E90023DDE90601F8F7CA
:108AB00035F8002848D008F1FF38002312932D1B09
:108AC0006B1E089343BF0023C5F1010708930027DD
:108AD000B8F1000F3ADB089BCDF83480434408938B
:108AE000002309930A9B092B62D8052BC4BF043BC2
:108AF0000A930A9BA3F10203CCBF00240124032B99
:108B000062D8DFE803F05153362B179C2C4404F253
:108B10003243202BC1BFC3F1400308FA03F804F22B
:108B2000124326FA03F3D6BFC3F1200348EA030039
:108B300006FA03F0F7F706FD0122A1F1F873013CF4
:108B4000149275E70123B9E71290B8E7C8F1000362
:108B500009930023A7EB08070D93C3E701230B93A9
:108B60000C9B434405930133012B0493B8BF0123AD
:108B700006E001230B930C9B002B28DDCDE9043389
:108B8000D9F81C000021042202F114059D4223D9CA
:108B90004160484600F0A0FD0090002840D11F4BE6
:108BA000024640F2AF11D2E60023E3E70023D6E706
:108BB00001240023CDE90A344FF0FF33CDE904331B
:108BC000002212230C92DBE701230B93F4E701232D
:108BD000CDE904331A46F5E701315200D4E700BF6E
:108BE00061436F63A787D23FB3C8608B288AC63FB3
:108BF000FB799F501344D33F0A0202082102020866
:108C00000000F07F06020208FD010208D5010208FB
:108C1000D40102080000F83FD003020879020208DC
:108C2000D9F81C30009A1A60049B0E2B00F2A18028
:108C3000002C00F09E80B8F1000F36DD9E4B08F04E
:108C40000F0203EBC20318F4807FD3E900AB4FEAB5
:108C5000281516D0994BDDE90601D3E90823F7F76B
:108C600015FECDE9020105F00F050324934E75B9F9
:108C7000DDE9020152465B46F7F708FE82468B4665
:108C80002DE09DED067B02248DED027BEEE7E907EA
:108C900008D550465946D6E90023F7F7CDFC0134F4
:108CA00082468B466D100836E1E700F0AD80C8F1D2
:108CB0000005814B814E05F00F0203EBC203D3E99F
:108CC0000023DDE90601F7F7B7FC2D1182468B463C
:108CD00000230224002D40F08C80002BCED1129B6B
:108CE000002B00F09580764B002250465946F7F74E
:108CF00015FF002800F08C80049B002B00F088807A
:108D0000059B002B35DD08F1FF3302935046594691
:108D10006C4B0022F7F790FC059E82468B4601348F
:108D20002046F7F71FFC52465B46F7F785FC664B7B
:108D30000022F7F7CBFA0446A1F15075CDE91045B2
:108D4000002E69D1614B002250465946F7F7BCFA14
:108D500022462B4682468B46F7F7FEFE002840F05F
:108D60009482224605F1004350465946F7F7D6FE55
:108D700020BB179B002BC0F26081B8F10E0F00F3EF
:108D80005C814D4B03EBC803D3E900AB0C9B002B7C
:108D900080F2EE80049B002B00F3EA800ED14B4B57
:108DA000002250465946F7F747FC02460B46DDE9DC
:108DB0000601F7F7BDFE002800F06A8200252C4668
:108DC0000C9B009EDB43029327460024294648461D
:108DD00000F0C0FC002F00F0C1802CB1BC4203D0D9
:108DE0002146484600F0B6FC3946484600F0B2FC41
:108DF000B4E0EA0705D5D6E90023F7F71DFC0134F6
:108E000001236D10083665E7DDE906AB022466E74D
:108E1000049ECDF8088083E7274B03EBC60353E994
:108E200002010B9B002B55D002460B46002028491F
:108E3000F7F72CFDDDE91023F7F746FA009BCDE9A3
:108E400010019D191E4659465046F7F7A5FE0446E7
:108E5000F7F788FB02460B4650465946F7F734FAB7
:108E60003034DDE9102306F8014B82468B46F7F7D4
:108E700055FE002872D152465B4611490020F7F793
:108E800023FADDE91023F7F749FE002840F0B68009
:108E9000AE423FF46EAFDDE910010A4B0022F7F756
:108EA000CBFB084BCDE91001002250465946F7F79D
:108EB000C3FB82468B46C6E7D0030208A80302081C
:108EC0000000F03F0000244000001C40000014405F
:108ED0000000E03FDDE91023F7F7AEFB009B009DAB
:108EE000CDE910013344159359465046F7F754FE27
:108EF0000446F7F737FB30340B46024659465046D6
:108F0000F7F7E2F905F8014B159B9D4282468B4627
:108F100027D1009B0022DDE910011E44B34BF7F777
:108F2000D5F902460B4650465946F7F715FE00287C
:108F300064D1DDE91023AD490020F7F7C5F90246F9
:108F40000B4650465946F7F7E9FD00283FF411AFAC
:108F5000334616F8012D302AFAD01E46DDF8088077
:108F60003AE0A34B0022F7F767FB82468B46BBE74C
:108F7000009E52465B46DDE90601F7F787FCF7F7EE
:108F80000BFE0746F7F7EEFA52465B46F7F754FB3F
:108F900002460B46DDE90601F7F796F907F1300CBA
:108FA000009C06F801CBA6EB040C049C6445024629
:108FB0000B4633D1F7F78AF952465B4604460D4615
:108FC000F7F7CAFDC0B952465B4620462946F7F777
:108FD0009BFD08B1FB070FD40199484600F0BAFB8E
:108FE0000023139A337008F101031360239B002BB5
:108FF0003FF4E6AC1E60E3E4CDF8088033461E463D
:1090000013F8012D392A06D1009A9A42F7D1029A13
:1090100001320292302201321A709FE7744B002213
:10902000F7F70AFB02460B46CDE906230022002390
:10903000F7F76AFD00289CD0CEE70B9A002A00F0D3
:10904000E3800A9A012A00F3C280149A002A00F0F1
:10905000BA8003F23343099D3E46089A01211A441F
:1090600048461F44089200F073FC044656B1089B22
:10907000002B07DDB342089AA8BF3346FF1AF61A41
:10908000D31A0893099B0BB30B9B002B00F0C380F2
:10909000002D00F0BD8021462A46484600F018FD0C
:1090A000019A01460446484600F068FC0199824650
:1090B000484600F04FFB099B5B1B099300F0AE8014
:1090C000099A5146484600F003FD019001214846A7
:1090D00000F03EFC0D9B0546002B00F0D7811A46A0
:1090E0000146484600F0F4FC0A9B012B054600F3BC
:1090F0009D800E9B002B40F094800F9BC3F31303C5
:10910000002B40F08E800F9B23F000431B0D1B05AE
:10911000002B00F08980089B0133013708934FF042
:10912000010A0D9B002B00F0B7812B6905EB83032F
:10913000186900F0C1FBC0F12000089B184410F032
:109140001F007ED0C0F12003042B72DD089BC0F10C
:109150001C000344074406440893002F05DD0199D1
:109160003A46484600F010FD0190089B002B05DDB3
:1091700029461A46484600F007FD0546129B002B7B
:1091800061D00198294600F06DFD00285BDA08F1F6
:10919000FF330293019900230A22484600F0FCFAAB
:1091A0000B9B0190002B00F07981002321460A22BD
:1091B000484600F0F1FA059B002B044672DC0A9B3E
:1091C000022B49DC6EE0169BC3F1360343E7049B98
:1091D0005D1E099BAB420DDB5D1B049B002BBFF6A4
:1091E0003BAF049BFE1A002337E700BF0000E03FBF
:1091F00000002440099B0D9A0995EB1A1A440D9220
:10920000049B3E46002528E7099D0B9C3E462DE722
:10921000DDF804A054E7099A019953E7CDF804A0BA
:1092200054E74FF0000A7CE79A467AE74FF0000ACD
:109230007BE792D0089A1C331A441F441E440892BC
:109240008BE70346F6E7049BCDF80880002B23DC70
:1092500005930A9B022B21DD059B002B7FF4B0AD0B
:1092600029460522484600F097FA0146054601982E
:1092700000F0F8FC00287FF7A3AD009E312306F82C
:10928000013B029B013302939EE535462C46F4E7F1
:10929000049DCDF80880F9E7049B05930B9B002BF8
:1092A00000F00081002E05DD21463246484600F0E0
:1092B0006BFC0446BAF1000F5AD06168484600F0D2
:1092C0000BFA064628B9824B024640F2EF21FFF71F
:1092D0003EBB22690232920004F10C010C30FFF710
:1092E00080FA01223146484600F04EFC0746009BBA
:1092F000009A03F1010B059B134406930E9B03F0A8
:10930000010308930BF1FF33294601980493FFF7FB
:109310007DFA2146059000F1300A019800F0A2FC88
:109320003A4680462946484600F0B8FCC2680646E0
:1093300002BB0146019800F095FC024631464846C2
:10934000099200F007FADDE9092342EA0301089BCC
:1093500019435E4610D1BAF1390F2BD0B8F1000F86
:1093600002DD059B03F1310A049B83F800A02DE583
:109370002746BCE70122E1E7B8F1000F06DB0A9BB4
:1093800048EA0308089B58EA030820D1002AEBDDCD
:1093900001990122484600F0F7FB2946019000F0B0
:1093A00061FC002803DCDFD11AF0010FDCD0BAF138
:1093B000390FD6D1049A3923137033461E46013B28
:1093C00016F8012C392A52D001321A70FEE4002A14
:1093D00007DDBAF1390FEDD0049A0AF101031370D9
:1093E000F4E4069B0BF801AC5B452AD001990023FD
:1093F0000A22484600F0D0F9BC4201904FF0000329
:109400004FF00A022146484606D100F0C5F904464D
:1094100007460BF1010B75E700F0BEF9394604462B
:1094200000230A22484600F0B7F90746F1E7059BFA
:109430005E1E002B009BD8BF00265A1C27461644F0
:10944000002401990122484600F09EFB2946019024
:1094500000F008FC0028B0DC02D11AF0010FACD1FA
:1094600033461E4613F8012D302AFAD0AEE4009A96
:109470009A42A3D1029B013302933123AFE7239B8E
:10948000002B7FF498AA134BFFF7B7BA0A9B012B66
:109490007FF72FAEDDF834A001204EE6059B002BB0
:1094A0007FF7D7AE009E01982946FFF7AFF900F18C
:1094B000300A009B06F801ABF21A059B9342B6DD19
:1094C000019900230A22484600F066F90190EAE774
:1094D00079020208FD01020838B50546002941D08D
:1094E00051F8043C0C1F002BB8BFE41800F0E8F85A
:1094F0001D4A136833B9636014602846BDE83840DC
:1095000000F0E4B8A34208D9206821188B4201BFBB
:1095100019685B6809182160EDE71A465B680BB1B2
:10952000A342FAD911685018A0420BD12068014417
:10953000501883421160E0D118685B68536008449A
:109540001060DAE702D90C232B60D6E720682118D7
:109550008B4204BF19685B68636004BF091821600F
:109560005460CAE738BD00BF54540120024B014685
:10957000186800F025B800BF1800002070B50F4E25
:109580000C463168054611B901F00AFE30602146EB
:10959000284601F005FE431C03D14FF0FF3420465E
:1095A00070BDC41C24F00304A042F8D0211A284640
:1095B00001F0F6FD0130F2D1EFE700BF5054012079
:1095C0002DE9F843CD1C25F0030508350C2D38BFD7
:1095D0000C25002D064601DBA94204D90C2333607B
:1095E0000020BDE8F883DFF8D48000F069F8D8F8EF
:1095F00000301C4644BB29463046FFF7BFFF431CE2
:10960000044658D1D8F800402746002F43D1002CFB
:109610004BD023683946304604EB030901F0C0FD06
:10962000814542D121686D1A29463046FFF7A6FFD1
:1096300001303AD023682B442360D8F800305A68B0
:1096400062BBC8F800700FE02268521B20D40B2ABE
:1096500017D96119A342256018BF5960636808BF14
:10966000C8F8001062514B60304600F02FF804F14A
:109670000B00231D20F00700C21A1CBF1B1AA350A9
:10968000AFE76268A3420CBFC8F800205A60EBE75E
:1096900023466468AEE73C467F68B6E71A465B68D7
:1096A000A342FBD100235360DEE70C233360304636
:1096B00000F00CF894E70560D6E700BF5454012091
:1096C0000148FFF78CB800BF4C5401200148FFF758
:1096D00087B800BF4C54012070B5C46905460E46DA
:1096E00084B91020FFF742FF0446E86128B902461A
:1096F000164B17486B2101F06BFD0023C0E90133C5
:109700000360C360E36853B921220421284601F0B5
:109710007DFDEB69E060DB680BB9002070BD53F89C
:10972000260030B1026843F826200023C0E9033345
:10973000F4E7012101FA06F4621D9200284601F0C7
:1097400065FD0028E9D0C0E90164EEE70A020208DD
:109750008A02020870B5C66905460C4676B9102023
:10976000FFF704FF0246E86120B9094B09488F2141
:1097700001F02EFDC0E901660660C6603CB1EB69F0
:109780006268DB6853F82210216043F8224070BD04
:109790000A0202088A0202082DE9F0410D69074613
:1097A0000C461E4601F1140C0020DCF8003099B282
:1097B00002FB01611E0C0B0C02FB063389B2013067
:1097C00001EB034185424CF8041B4FEA1346ECDCE5
:1097D0000EB3A368AB4219DC616838460131FFF76C
:1097E0007BFF804628B902460C4B0D48BA2101F098
:1097F000EFFC2269023204F10C0192000C30FEF7FA
:10980000F0FF21463846FFF7A5FF444604EB8503E9
:1098100001355E6125612046BDE8F08179020208CC
:109820008A0202082DE9F8430C4615461F46092214
:109830000833064693FBF2F3002101229A4209DB2A
:109840003046FFF749FF40B90246194B1948D3216A
:1098500001F0BEFC52000131F0E7089B4361092D85
:109860004FF00103036116DD04F10908C1462C44E1
:1098700019F8013B0146303B0A223046FFF78CFFC6
:10988000A145F5D1A844A8F108042D1B63199F42F6
:1098900004DCBDE8F8830A340925F6E714F8013B37
:1098A0000146303B0A223046FFF776FFEEE700BF65
:1098B000790202088A020208B0F5803F034636BFEB
:1098C000030400201020B3F1807F3CBF1B0208304E
:1098D000B3F1805F3CBF1B010430B3F1804F3CBF4C
:1098E0009B000230002B05DB13F0804F00F10100DC
:1098F00008BF202070470368024613F007000BD012
:10990000D90721D4980749BF5B089B080120136041
:109910005CBF13600220704799B209B91B0C10207C
:10992000D9B209B908301B0A190704BF1B09043052
:10993000990704BF9B080230D90703D45B0800F1E4
:10994000010003D01360704700207047202070474B
:1099500010B50C460121FFF7BFFE024628B9054BA2
:10996000054840F2451101F033FC012344610361D5
:1099700010BD00BF790202088A0202082DE9F04FEB
:10998000D1F81090D2F810A0D14585B08846144681
:1099900004DB53460C46CA4690469946A368616864
:1099A0000AEB0906B342B8BF0131FFF795FE30B9A3
:1099B0000246454B45484FF4B17101F009FC00F1F6
:1099C000140505EB86072B460022BB421FD304F18A
:1099D000140C08F114010CEB8A0301EB89020292CA
:1099E0001A1B153A22F0030215349C4288BF00224C
:1099F0000192029A03918A420CD8002E03DD57F897
:109A0000043D002B5DD0066105B0BDE8F08F43F842
:109A1000042BDAE7B1F800A0BAF1000F24D0E04639
:109A2000A9464FF0000E58F8042BD9F800401FFA51
:109A300082FBA4B20AFB0B444FEA124BD9F8002078
:109A400074444FEA124E0AFB0BE202EB1442A4B23A
:109A500044EA0244434549F8044B4FEA124EE2D827
:109A6000019AAA18C2F804E0039AB2F802800431FD
:109A7000B8F1000F23D02A68E6469146AA464FF077
:109A8000000BBEF8004008FB04B404EB194492B28A
:109A900042EA04424AF8042B5EF8042BDAF80090FC
:109AA0004FEA124B1FFA89F208FB0B2202EB144219
:109AB00073454FEA124BE4D8019C2C1962600435BF
:109AC00097E7013E99E700BF790202088A0202087F
:109AD0002DE9F843174612F0030280460D4607D0E1
:109AE000264C013A002354F82220FFF755FE054684
:109AF000BF103FD0D8F81C4094B91020FFF736FDB6
:109B00000446C8F81C0030B902461D4B1D4840F2FF
:109B1000B31101F05DFB0023C0E901330360C360B2
:109B2000A66846B940F271214046FFF711FF0023B5
:109B3000A060064603602C464FF0000907F00103C1
:109B40007F1053B1294632464046FFF717FF2146A2
:109B500005464046FFF7FEFD67B1306838B932462A
:109B600031464046FFF70AFF3060C0F800900646D5
:109B70002C46E3E72846BDE8F88300BF9C030208B3
:109B80000A0202088A0202082DE9F84F0C464968C9
:109B9000236903EB6218A368074615464FEA621A69
:109BA00008F101094B450BDB3846FFF795FD0646EA
:109BB00048B90246294B2A484FF4EF7101F008FBDF
:109BC00001315B00EEE7002300F1140C00F11002FC
:109BD0001946534535DB22692AEAEA7A0CEB8A0CEE
:109BE00004F1140315F01F0E614603EB82022CD022
:109BF000CEF1200A002518688B4600FA0EF02843A3
:109C0000CBF8000053F8045B9A4201F1040125FAF5
:109C10000AF5F0D8131B153B23F0030304F11501DB
:109C20008A4238BF00239C44CCF8045005B9C14691
:109C30003846C6F810902146FFF78CFD3046BDE847
:109C4000F88F42F8041F0133C3E753F8045B0D603B
:109C50009A4201F10401F8D8E9E700BF790202084D
:109C60008A0202080A6903460069801A30B50ED1DB
:109C70001433143103EB820401EB820154F8045DC8
:109C800051F8042D954203D005D24FF0FF3030BD7E
:109C9000A342F3D3FBE70120F9E700002DE9F74FDA
:109CA0008A460646114650461446FFF7DBFF051E5E
:109CB00012D129463046FFF70FFD024628B9414B25
:109CC00040F23721404801F083FA0123C0E904350E
:109CD000104603B0BDE8F08FBCBF5346A2463046E5
:109CE000DAF80410BABF1C4601250025FFF7F4FC82
:109CF000024618B9334B40F24521E3E7DAF8107019
:109D00002669C5600AF1140904F1140E00F1140566
:109D10000AF1100309EB87080EEB86060193AB46A8
:109D20004FF0000C019B5EF8040B53F804AF019355
:109D30001FFA8AF3194683B2CB1A000C6344C0EBB6
:109D40001A4000EB23409BB243EA004376454BF8B0
:109D5000043B4FEA204CE5D8331B153B153423F068
:109D60000303A64238BF0023E8184B441C1D0430EF
:109D70002646A5EB0905464506EB050E0ED308F170
:109D80000301091B21F003010133984538BF00216D
:109D9000014451F8043D9BB1176199E756F8041B43
:109DA000E2464FEA11491CFA81FC514409EB2C4967
:109DB00089B241EA09414FEA294CCEF80010DAE7AE
:109DC000013FE6E7790202088A02020882B08DEDBF
:109DD000000B019A0F4B1340A3F15073002B08DCCA
:109DE0005B42B3F1A07F4FEA235204DA4FF4002321
:109DF0001341002208E0A2F114031E2BDABF4FF03A
:109E00000042DA40012200231946104641EC100BB3
:109E100002B070470000F07F2DE9F041066900F1C3
:109E2000140808EB8606371F56F8042C1046FFF777
:109E300043FDC0F120030A280B601B4915DCC0F16B
:109E40000B0C22FA0CF3B84543EA010534BF56F86F
:109E5000083C0023153002FA00F023FA0CF3034308
:109E60001C4645EC104BBDE8F081B8453ABF56F8AA
:109E7000083CA6F1080700230B3812D0C0F12001DE
:109E800023FA01F482402243474542F07F558CBFBC
:109E900057F8042C00228340CA4045F44015134370
:109EA000DEE742EA0105DBE70000F03F2DE9F7437A
:109EB0000F46012159EC108B1646FFF70DFC0446A6
:109EC00030B90246234B244840F20F3101F080F9AB
:109ED000C9F30A55C9F313030DB143F48013019379
:109EE000B8F1000323D068460093FFF704FD009902
:109EF000D8B1019AC0F1200302FA03F30B43C24028
:109F000063610192019BA361002B0CBF012202221D
:109F10002261A5B1A5F2334505443D60C0F135008D
:109F20003060204603B0BDE8F0836161EAE701A834
:109F3000FFF7E1FC019B636120300122E8E704EBBD
:109F40008203A0F2324038601869FFF7B5FCC0EB1D
:109F50004210E5E7790202088A0202082DE9F04F73
:109F600085B0CDE9001002A9FFF756FF009803A9BC
:109F700055EC104BFFF750FF019B1969009B1B69C3
:109F8000C91ADDE902329B1A5BEC10AB03EB4113FB
:109F9000002BCEBF2A46C3EB03335A462F46D94681
:109FA000CCBF02EB035702EB03594B465246204607
:109FB0003946F6F76BFC41EC100B05B0BDE8F08FAD
:109FC000013970B549111469013102F1140300EB34
:109FD000810103EB8404051FA3420CD3A31A113B98
:109FE00023F003031132944238BF002318440023A6
:109FF000884205D370BD53F8046B45F8046FEBE756
:10A0000040F8043BF4E700F1140200694B11984258
:10A0100010B511DB0ADD11F01F0107D052F8234003
:10A0200024FA01F000FA01F18C420BD102EB830318
:10A03000934203D8002010BD0346F7E753F8041DF0
:10A040000029F5D00120F6E770B504460D4645EC31
:10A05000104B1646FFF7BAFE51EC100B7EB1C5F35C
:10A060000A53C3F16B03002B09DD1B0503F17F5578
:10A07000002405F5401522462B46F6F7DDFA41ECA3
:10A08000100B70BD000000002DE9F04F9DB00E4692
:10A0900015920022049018924FF000084FF000092A
:10A0A00017910A782B2A0D4601F101011DD00BD81A
:10A0B0000D2A06D8082AF3D87AB100230B939A46C2
:10A0C00083E0202AECD0F8E72D2A10D10122691C68
:10A0D00017910B926A78002A37D1159B1796002B9F
:10A0E00040F0958542464B462AE00022EFE70021EA
:10A0F0000B91302A40F09B806A7802F0DF02582AE8
:10A100005AD102930B9B019318AB0093814A049898
:10A1100019AB17A901F0F6F810F00F06044605D0A8
:10A12000062E14D10135002317950B93159B002B98
:10A1300040F06F850B9B002BD4D0424609F10043C1
:10A1400043EC102B1DB0BDE8F08F0D46D1E7189AF7
:10A150003AB135211AA8FFF733FF18990498FFF791
:10A16000F9FA013E042E06D8DFE806F014031E219A
:10A170001400DDE91A89E00548BF49F0004929F0DB
:10A1800000431B0D1B05002BD0D1FEF7FDFA222347
:10A190000360CBE7DDE91A83199A23F4801302F2F6
:10A1A000334243EA0259E6E7DFF87091E3E76FF0E4
:10A1B00000494FF0FF38DEE7013517952B78302B3B
:10A1C000FAD0002BB2D04FF0010A00272B460E9791
:10A1D000BB460A21184613F8014BA4F13002092AA4
:10A1E00028D94D49012200F0C8FF002834D00020B2
:10A1F000CDE9060022465C46652A01D0452A14D1E5
:10A2000024B95AEA00033FF468AF0024179E731C78
:10A21000179372782B2A73D02D2A77D04FF0000C29
:10A22000A2F13003092B7FD9179600239EE04FF04F
:10A23000000ACAE7BBF1080FD8BF0E9A1793DBBF1D
:10A2400001FB0242303A01FB07420E92C8BFA2F165
:10A2500030070BF1010BBDE7179B5A1C17925A7878
:10A26000BBF1000F33D006905C46A2F13003092BFE
:10A2700012D901230793BFE7179B5A1C17925A78EC
:10A280000130302AF8D0A2F13103082B00F2C68445
:10A290000690179D00200446303A00F1010310D0CB
:10A2A00006991944069120440A23A04211D1082896
:10A2B00000F1010419DC0E990A2303FB01230E931C
:10A2C0000023179A511C179152781846CDE758462B
:10A2D000D7E7082C04F1010403DC0E9959430E91D1
:10A2E000E3E7102CD8BF5F43DFE70F28DCBF0A236A
:10A2F00003FB0727E4E700210123CDE9061380E7EC
:10A300004FF0000CB31C1793B27889E74FF0010CA3
:10A31000F8E700BFAC040208E30202080000F07F87
:10A32000179B5A1C17925A78302AF9D0A2F13103A0
:10A33000082B3FF67AAF179B0593A2F1300E01333D
:10A3400017931A78A2F1300109293CD905995B1AB3
:10A35000082B44F61F633CDC9E457146A8BF194696
:10A360000591BCF1000F02D0059B5B420593002CC8
:10A3700050D15AEA00007FF4D9AE079B002B7FF43E
:10A38000ACAE692A29D026DC492A26D04E2A7FF491
:10A39000A4AEA14917A801F0D7F900283FF49DAE5B
:10A3A000179B1B78282B2FD19C491AAA17A801F0BC
:10A3B000DFF9052828D11B9BDDF8688043F0FF49B1
:10A3C00049F4E009B2E60A2101FB0E22A2F1300EA7
:10A3D000B5E70593C5E76E2AD9E7914917A801F0BB
:10A3E000B3F900283FF479AE179B8E49013B17A8BB
:10A3F000179301F0A9F910B9179B01331793DFF8F0
:10A4000034924FF0000891E6874800F0D9FE59ECED
:10A41000108B8BE6DDE905320E989B1ABBF1000F1D
:10A4200008BFA346102C0A93A246A8BF4FF0100AFB
:10A43000F6F788F8092C8046894613DC0A9B002B26
:10A440003FF474AE0A9B73DD162B5ADC774901EB9F
:10A45000C301D1E9000142464B46F6F7EDF88046CC
:10A46000894663E6714B03EBCA0353E91223F6F7FF
:10A47000E3F8804638468946F6F764F802460B460C
:10A4800040464946F5F722FF0F2C80468946D5DD28
:10A490000A9BA4EB0A0A9A44BAF1000F40F3978092
:10A4A0002AF00F061AF00F0A51D1B6F59A7F5EDC3A
:10A4B0000023DFF87CA13611404649461F46012E95
:10A4C00079D10BB1804689465949A9F1547901EBFC
:10A4D000C70142464B46D1E90001F6F7ADF8554BAE
:10A4E0000A460B4054498B42804640D8A1F5801162
:10A4F0008B4286BFDFF844914FF0FF3802F1547968
:10A5000032E00A9AC4F125039342C1DB474DC4F1FE
:10A510000F0405EBC40142464B46D1E90001F6F7B2
:10A520008BF80A9B1C1B05EBC405D5E9002394E7B7
:10A530001633ADDBDDE905239A1A3C4B03EBC2036E
:10A54000D3E9002340464946F6F7A0F987E73749A3
:10A5500001EBCA0142464B46D1E90001F6F76CF81F
:10A5600080468946002EA0D100230793A0E0002456
:10A5700005940E940694049ADFF8B8902223136091
:10A580004FF000080E9B002B3FF4D0AD18990498B3
:10A59000FFF7E0F806990498FFF7DCF8DDE904011D
:10A5A000FFF7D8F80E990498FFF7D4F804982146DD
:10A5B000FFF7D0F8BAE5F20704D5DAE90023F6F799
:10A5C0003BF80123013776100AF1080A77E7CBD070
:10A5D000CAF1000A4FEA2A161AF00F0A0DD11F2EEF
:10A5E0002EDD002405940E940694049A22234FF045
:10A5F00000084FF000091360C4E70C4B03EBCA03DB
:10A6000040464946D3E90023F6F740F9804689469B
:10A61000002EA9D0E3E700BFD10102089804020888
:10A62000C90102080002020839030208D003020827
:10A63000A80302080000F07F0000A07CFFFFEF7F6E
:10A6400016F0100318BF6A23764F07934046494619
:10A650000023F20704D5D7E90023F5F7EDFF012326
:10A66000761007F10807F4D10BB180468946079BA5
:10A67000B3B1C9F30A52C2F16B03002B49460FDD97
:10A680001F2B57DD342BDEBF4FF0FF33C2F14B02DF
:10A6900093404FF00008CCBF4FF05C7903EA01090A
:10A6A0000022002340464946F6F72EFA002898D1AA
:10A6B0000E9B0093049823465A462946FFF7B2F8AA
:10A6C0000E9000283FF453AFDDE905239B1A0A9A48
:10A6D000002AA8BF00231293002422EAE2731493F5
:10A6E00005940E9B04985968FEF7F6FF0690002823
:10A6F0003FF441AF0E9B1A69023203F10C01920044
:10A700000C30FEF76EF849EC108B04981AAA19A9C0
:10A71000CDE90C89FFF7CAFB189000283FF42BAF56
:10A7200004980121FFF714F90590034648B9002366
:10A73000059320E74FF0FF3202FA03F303EA08081B
:10A74000AEE7199D1A9A002DABBF129B149B149E65
:10A75000129FACBFEF185E1B079BED1A1544324BDE
:10A76000013D9D42C2F136024FDA5B1B1F2BA2EB6B
:10A7700003024FF001013CDC01FA03FA4FF0000B39
:10A78000BD18079BAF4216441E443B46A8BF2B464C
:10A79000B342A8BF3346002BC2BFED1AF61AFF1A08
:10A7A000129B002B16DDDDE904011A46FFF790F934
:10A7B00005900028BBD00146189A0498FFF7DEF8F0
:10A7C0000F9000283FF4D7AE18990498FEF7C2FF07
:10A7D0000F9B1893002D1BDC0A9B002B26DD149A7F
:10A7E00006990498FFF774F90690F8B900230693C8
:10A7F000C1E6C5F17F4505F57F0505F57B45E235E9
:10A8000001FA05FB4FF0010ABAE74FF0000BF9E738
:10A81000189904982A46FFF7B7F918900028DBD159
:10A82000A9E600BFC004020802FCFFFF002E07DDFE
:10A83000069904983246FFF7A7F906900028D5D06C
:10A84000002F08DDDDE904013A46FFF79DF9059088
:10A8500000283FF490AE069A18990498FFF71EFA64
:10A86000044600283FF487AEC3680F930023059980
:10A87000C360FFF7F7F900283CDA0F9B53EA08039F
:10A880005ED1C9F313034D46002B59D129F0004383
:10A890001B0D1B05B3F1D66F52D9636913B9236938
:10A8A000012B4DDD214601220498FFF76DF9059932
:10A8B0000446FFF7D7F9002842DDAD4B079A2B403D
:10A8C000002A5FD0B3F1D66F5CD8B3F15C7F7FF61E
:10A8D0008CAEA84B404649460022F5F7ADFEA44B8E
:10A8E0000B4080468946002B7FF450AE049A222309
:10A8F00013604BE64D4662D10F9AC9F3130342B37E
:10A900009D4A934228D1079B4146EBB1984B2B407F
:10A91000B3F1D46F4FF0FF3219D81B0DC3F16B03A5
:10A9200002FA03F3994217D1944B9D4202D10131AF
:10A930003FF421AE8E4B2B4003F580194FF00008F9
:10A94000079B002BC5D121E64FF0FF33EAE7134602
:10A95000E8E753EA0803B0D0BBF1000F1BD01BEAB5
:10A96000050FEDD00F9B079A40464946B3B1FFF75C
:10A970006BFBDDE90C0153EC102BF5F7A7FC8046CF
:10A980008946DDE7A3F580136FEA13596FEA095989
:10A990004FF0FF38D4E71AEA080FE2E7FFF754FB5D
:10A9A000DDE90C0153EC102BF5F78EFC002200239F
:10A9B00080468946F6F7A8F80028C1D015E6059923
:10A9C0002046FFF7CBFA57EC106B00224FF0804384
:10A9D00030463946F6F7ACF8002870D00F9B002BB4
:10A9E0007BD1B8F1000F56D1C9F31303002B58D116
:10A9F000634B002230463946F6F790F8002859D1CB
:10AA0000604B002230463946F5F716FE82468B46EB
:10AA10000BF10043CDF820A00993554B544A2B402D
:10AA20001393594B2A409A42DDE9086740F0B08001
:10AA3000A5F1547949EC108BFFF7C8F9DDE908233B
:10AA400051EC100BF5F7F8FD42464B46F5F73EFC8E
:10AA5000474D4E4A0D409542804645D90D9A474B89
:10AA60009A4203D10C9B01333FF485ADDFF80C9182
:10AA70004FF0FF3818990498FEF76CFE0699049879
:10AA8000FEF768FEDDE90401FEF764FE0498214646
:10AA9000FEF760FE25E6B8F1010F02D1002D3FF46C
:10AAA000A4AD9FED2B7BDFF8D8B08DED087B4FF088
:10AAB000000AB2E7DFF8CCB04FF0000AA8E7314B4C
:10AAC000002230463946F5F7B7FD0F9B82468B468C
:10AAD000002B9DD0CDE908AB9FE79FED1F7B8DED4F
:10AAE000087B5BEC17AB98E701F15479079B002BCF
:10AAF000C0D129F00043139A1B0D1B059A42B9D10E
:10AB000050465946F6F7E0F8F5F768FD02460B4661
:10AB100050465946F5F7D8FB0F9AC9F3130343EA99
:10AB20000803134306460F466BD00DA3D3E9002359
:10AB3000F5F7F4FF00287FF429AD0BA3D3E9002338
:10AB400030463946F6F708F8002893D01EE500BFD6
:10AB5000000000000000F0BF000000000000F03F17
:10AB60009535A094FFFFDF3F35E5AF350000E03FAE
:10AB70000000F07F00005039FFFF0F00FFFFEF7F64
:10AB80000000F03F0000E03F0000E07FFFFF9F7CFF
:10AB9000079B13B3139BB3F1D46F1ED824A3D3E93F
:10ABA000002350465946F5F7C3FF90B15946504629
:10ABB000F6F71AF8012838BF0120F5F7C3FC0F9B00
:10ABC00082468B46D3B901F1004310901193DDE921
:10ABD0001067139A07F1D6639F1A9DED0C0BFFF7D0
:10ABE000F5F8304653EC102B3946F5F725FDDDE935
:10ABF0000C23F5F76BFB8046894677E7CDE910AB70
:10AC0000E5E70DA3D3E90023F5F788FF9CE70023D0
:10AC10000B93159A179B1360FFF78CBA652A3FF4C4
:10AC20006AAB452A3FF467AB01230793FFF7A1BB4B
:10AC30000000C0FFFFFFDF419535A094FFFFCF3F2D
:10AC4000014BFFF721BA00BF68000020242B2DE93B
:10AC5000F0478646904601D8012B06D1FDF794FDBA
:10AC6000162303600020BDE8F08734480D462A46CD
:10AC700015F8014B065D16F00806F8D12D2C10D101
:10AC80002C780126951C33F0100215D1302C0DD1F3
:10AC90002A7802F0DF02582A08D16C780235102396
:10ACA0000AE02B2C04BF2C78951CECE7002BF6D186
:10ACB000302C14BF0A23082306F1004C0CF1FF3C92
:10ACC0000022BCFBF3F9104603FB19CAA4F13007BC
:10ACD000092F0FD83C46A3421BDD571C07D08145E6
:10ACE00014D301D1A24511DB00FB0340012215F86A
:10ACF000014BEBE7A4F14107192F01D8373CEAE7F4
:10AD0000A4F16107192F04D8573CE4E74FF0FF3254
:10AD1000EDE7531C08D12223CEF800306046B8F18D
:10AD2000000FA0D0691E06E006B14042B8F1000F46
:10AD300099D0002AF6D1C8F8001094E7E904020877
:10AD4000FFF784BF2DE9F0478E681F46BE4282465A
:10AD50000C469046334653D8B1F90C0010F4906F6E
:10AD60002BD065692368096905EB4505A3EB01094B
:10AD700005EBD5757B1C6D104B44AB422A4684BF56
:10AD80001D462A46430527D511465046FEF718FCB6
:10AD9000064658B321694A46FDF723FDA38923F4EB
:10ADA000906343F08003A381266165614E44A5EB67
:10ADB00009052660A5603E463B461F4620683A4688
:10ADC000414600F0C1F9A3689B1BA36023683B4484
:10ADD00023600020BDE8F087504600F078FD06466D
:10ADE0000028E1D121695046FEF776FB0C23CAF812
:10ADF0000030A38943F04003A3814FF0FF30E9E71F
:10AE00003E46DBE72DE9F0471F468B891B069CB0C9
:10AE100006460D46144610D50B6973B94021FEF75E
:10AE2000CFFB2860286130B90C2333604FF0FF302E
:10AE30001CB0BDE8F08740236B61002309932023F9
:10AE40008DF8293003973023654F8DF82A304FF065
:10AE500001082346994613F8012B0AB1252AF9D196
:10AE6000B9EB040A0BD05346224629463046FFF779
:10AE700069FF013000F0A480099A5244099299F8C0
:10AE80000030002B00F09C8000234FF0FF32CDE912
:10AE9000052309F10109049307938DF853301A93A0
:10AEA0004C464F4814F8011B0522F5F7B1F9049BF5
:10AEB000D0B9D80644BF20228DF85320190744BFCB
:10AEC0002B228DF8532099F800202A2A13D0079AB4
:10AED0004C4600204FF00A0C214611F8013B303B54
:10AEE000092B49D968B913E0C01B08FA00F01843D0
:10AEF0000490A146D4E7039A111D12680391002A19
:10AF000001DB079204E0524243F0020307920493EC
:10AF100023782E2B0AD163782A2B32D1039B1A1D5A
:10AF20001B68039243EAE37302340593DFF8C09091
:10AF3000217803224846F5F76BF938B1049BA0EB62
:10AF400009004022824013430134049314F8011B8A
:10AF500024488DF828100622F5F75AF9002835D034
:10AF6000214818BB039B073323F0070308330393DF
:10AF7000099B034409936CE70CFB02320C46012049
:10AF8000AAE700230134059319464FF00A0C204626
:10AF900010F8012B303A092A03D9002BC6D00591AD
:10AFA000C4E70CFB012104460123F0E703AB009347
:10AFB0002A460E4B04A93046FCF7A2FC421CD7D10E
:10AFC000AB895B063FF532AF099831E703AB0093DD
:10AFD0002A46064B04A93046FCF728FFEEE700BFDF
:10AFE000E5020208EF0202080179000845AD0008F9
:10AFF000EB020208B1F90C202DE9F04116070546D5
:10B000000C4651D44B68002B02DC0B6C002B49DD45
:10B01000E66A002E46D0002312F480522F682B607F
:10B0200031D0626DA389590705D56368D21A636B65
:10B030000BB1236CD21A0023E66A216A2846B04776
:10B04000421CB4F90C3006D129681D2946D8294A7A
:10B05000CA40D60742D500226260D9042269226024
:10B0600004D5421C01D12B6803B96065616B2F6068
:10B07000C1B104F14403994202D02846FEF72CFAEC
:10B08000002363630EE0216A01232846B04702468D
:10B09000501CC7D12B68002BC4D01D2B01D0162B00
:10B0A0001AD12F6000201EE00F69002FFAD09307FD
:10B0B0000E6808BF4B690F6018BF0023A6EB070896
:10B0C0008B60B8F1000FEDDD216AA66A43463A466F
:10B0D0002846B047002808DCB4F90C3043F04003A0
:10B0E000A3814FF0FF30BDE8F0810744A8EB0008D2
:10B0F000E7E700BF0100402038B50B6905460C4664
:10B1000013B90025284638BD18B1036A0BB9FDF7FD
:10B110004DFAB4F90C30002BF3D0626ED00704D492
:10B12000990502D4A06DFDF75AFB28462146FFF78A
:10B1300061FF636EDA070546E4D4A3899B05E1D479
:10B14000A06DFDF74DFBDDE7884210B501EB020471
:10B1500002D98442234607D8431EA14207D011F8E2
:10B16000012B03F8012FF8E70244824200D110BD01
:10B1700013F8011D02F8011DF7E710B56AB1013996
:10B18000841810F8012B11F8013F9A4203D1A04214
:10B1900001D0002AF5D1D01A10BD1046FCE70000FE
:10B1A00038B5064D0023044608462B6001F0E2FC4A
:10B1B000431C02D12B6803B1236038BD48540120E1
:10B1C0009FED010B704700BF000000000000F87FFA
:10B1D0001FB514461A46094B1B680546D8684CB182
:10B1E000074B0091CDE9013406492B4600F0AAFB3C
:10B1F00000F0BAFB044B1C46F3E700BF1800002028
:10B20000FE0202080B0302083903020870B5A1FB15
:10B21000025434B92946FEF7D3F9064628B9304618
:10B2200070BD0C2202600026F9E72A462146FDF790
:10B2300059FAF4E70369B3EB611F2DE9F0434FEAD4
:10B24000611200F1140445DD11F01F0104EB8306C7
:10B2500004EB82050CD100F110072946B14234D32A
:10B260009B1A9B00EA1E964238BF0023234415E038
:10B2700054F82270C1F12008CF4005F1040EA14618
:10B280007645F44615D89A1A9200043A0135AE4232
:10B2900038BF0022A318A75007B104331A1BA342DA
:10B2A0004FEAA20208BF0023026108BF4361BDE864
:10B2B000F083DCF800C00CFA08FC4CEA070749F8F8
:10B2C000047B5EF8047BCF40DAE751F804CB47F803
:10B2D00004CFC3E72346E1E7A0F13003092B02D8EE
:10B2E0002038C0B27047A0F16103052B01D8473860
:10B2F000F7E7A0F14103052B01D82738F1E700203B
:10B30000704700002DE9F04F85B08A4602930B6824
:10B31000019090469C1CA14614F8010B3028FAD0ED
:10B32000A9EB0303A3F1020BFFF7D6FF05460028A4
:10B3300068D1A04901224846FFF71FFF07460028B1
:10B3400067D199F801002646FFF7C6FF002862D0B2
:10B35000234618783028994603F10103F9D0FFF706
:10B36000BBFFB0FA80F56D094FF0010B4A46164657
:10B3700001323078FFF7B0FF0028F8D18D49012263
:10B380003046FFF7FAFE00283FD144B9741C22462C
:10B39000164601323078FFF79FFF0028F8D1A41B32
:10B3A000A700337803F0DF03502B3ED173782B2BAB
:10B3B00033D02D2B34D0711C00240878FFF78CFF7C
:10B3C000431EDBB2182B30D8A0F1100211F8010F88
:10B3D000FFF782FF00F1FF3C5FFA8CFCBCF1180F15
:10B3E0004FF00A031ED904B152421744CAF80010A4
:10B3F000EDB1BBF1000F0CBF06250025284605B0B6
:10B40000BDE8F08F00252C46B0E7002CC7D12746B9
:10B41000C7E74E462F460125C3E70024B11CCCE701
:10B420000124FBE703FB0200CEE73146DEE7A6EB93
:10B430000903013B2946072B0ADC0198FEF74CF96A
:10B44000044640B95C4B0246E4215C48FFF7C0FE6D
:10B4500001315B10EFE700F1140A002355469B46CB
:10B46000B14537D345F804BBA5EB0A05AD102561FE
:10B470005846FEF721FA6D01D8F800602D1AB54242
:10B4800054DDAD1B29462046FEF7BDFD814678B14F
:10B490006B1E591103F01F025AF821104FF00109D9
:10B4A00009FA02F20A4203D04B4536DC4FF002099A
:10B4B00029462046FFF7BEFE2F44D8F80830BB428D
:10B4C00042DA01982146FEF745F90E9A00231360EF
:10B4D000A32593E716F8012D2E2A12D0202B04D194
:10B4E00045F804BB4FF0000B5B4630780393FFF741
:10B4F000F3FE039B00F00F0098404BEA000B04336F
:10B50000AEE7B145EAD82B49039301223046FFF755
:10B5100034FE039B0028E1D1A2E7A91E2046FEF7D6
:10B5200072FD0028C2D04FF00309C1E709DA751B8C
:10B53000214601982A46FEF727FB7F1B044600F1AF
:10B54000140A4FF00009B8E7D8F80450BD426FDD87
:10B55000ED1BAE4234DCD8F80C30022B22D0032B8A
:10B5600024D0012B15D1AE4213D1012E0BD1029A5A
:10B57000D8F80430136001232361CAF800300E9B11
:10B5800062251C603AE7711E2046FEF73CFD00284C
:10B59000EDD101982146FEF7DDF80E9A00231360E5
:10B5A00050252BE70F9B002BF3D1E0E70F9B002BDF
:10B5B000DDD1EEE7E3020208790202083A0302084D
:10B5C0006F1EB9F1000F30D127B139462046FEF782
:10B5D0001AFD81467A1101235AF8222007F01F072D
:10B5E000BB4013422946204618BF49F00209FFF725
:10B5F00021FED8F80470761B0225B9F1000F47D060
:10B60000D8F80C30022B15D0032B17D0012B09D101
:10B6100019F0020F06D0DAF8003049EA030919F0F0
:10B62000010F0ED145F0100532E04FF00109D1E7CE
:10B630000125E2E70F9BC3F101030F930F9B002B42
:10B64000F0D0D4F810B004F114034FEA8B0A03EBE6
:10B650008B014FF0000C184653F8042BB2F1FF3F5A
:10B660001BD001320260022D04F114033CD1D8F842
:10B670000020013AB24209D17111012253F8213060
:10B6800006F01F0602FA06F61E423AD145F02005E2
:10B690000E9B1C60029B1F60B0E6994243F804CCED
:10B6A000D9D8A3689B4517DB616801980131FEF783
:10B6B00013F8814618B91A4B02468421C5E622695F
:10B6C000023204F10C0192000C30FDF78AF8214699
:10B6D0000198FEF73FF84C4623695A1C04EB83039C
:10B6E000226101225A61BEE722695A450BDD012120
:10B6F0002046FFF79FFDD8F808300137BB42FFF620
:10B70000E0AE0125C2E716F01F06FAD05344C6F199
:10B71000200653F8040CFEF7CFF8B042E7DBF0E761
:10B7200079020208C2F10802920070B5C2F1200647
:10B730004368046803FA06F52C43D340046040F8DC
:10B74000043F8842F4D370BD30B50368013311F86B
:10B75000014B14B90360012030BD13F8012BA2F195
:10B760004105192D98BF2032A242F0D00020F3E706
:10B770002DE9F04F0B6801685E1102EB860613F0AD
:10B780001F0387B018BF04360025371F8246904636
:10B79000019346F8045CB9463C460295AB464A78AC
:10B7A0004B1C039342B3104605910492FFF794FD9E
:10B7B000002853D1049A0599202A18D8029B9B454A
:10B7C00013DD4C4506D2072D04DC2A4649462046A7
:10B7D000FFF7A8FF444554D90023A4F1040944F815
:10B7E000043CCDF808B04C461D460399D7E7292AFA
:10B7F00059D10231CAF80010BBF1000F53D04C45AB
:10B8000006D2072D04DC2A4649462046FFF78AFF68
:10B81000444538D9A8F10402234653F8041B42F8E2
:10B82000041F9F42F9D23B1B23F003030134033E64
:10B83000B44288BF002308F10402134400211A46D1
:10B8400004339F421160FAD23B681BB9474528D1A7
:10B8500001233B60052007B0BDE8F08F0135082DBE
:10B860000BF1010B06DD4445BFD9002344F8043C2D
:10B870000125043C226800F00F0040EA021020601D
:10B88000B3E70825B1E7019B002BDDD0C3F120030E
:10B890004FF0FF32DA4056F8043C134046F8043CBF
:10B8A000D2E7043FD0E70420D5E782B001B901A96F
:10B8B00042B14BB113780B601278101E18BF0120F3
:10B8C00002B070471046FBE76FF00100F8E72DE982
:10B8D000F041074614460D4621B9BDE8F041114636
:10B8E000FDF76EBE2AB9FDF7F7FD25462846BDE8EF
:10B8F000F08100F040F88442064602D8B4EB500FC5
:10B90000F4D821463846FDF75BFE804608B9454627
:10B91000ECE7B4422246294628BF3246FCF761FFD5
:10B9200029463846FDF7D8FDF1E70346084641B100
:10B93000FF2A04D98A221A604FF0FF3070470A703C
:10B94000012070470EB403B5014603AB054853F818
:10B95000042B0068019300F03FF802B05DF804EB9F
:10B9600003B070471800002008B5062000F002FA66
:10B970000120F8F793FA51F8043C181F002BBCBFC4
:10B980000B58C01870479368013B002B10B49360AC
:10B9900008DA9469A34201DB0A2903D15DF8044B5C
:10B9A00000F02EB91368581C1060197008465DF835
:10B9B000044B7047F8B506460F461446D518AC42FE
:10B9C00001D1002007E014F8011B3A463046FFF78A
:10B9D000DAFF431CF3D1F8BD2DE9F0470D469CB0CA
:10B9E00014461F46064618B1036A0BB9FCF7DEFD84
:10B9F0006B6ED90705D4AB899A0502D4A86DFCF704
:10BA0000EEFEAB891B0701D52B699BB92946304651
:10BA100000F034F970B16B6EDC0704D54FF0FF30E5
:10BA20001CB0BDE8F087AB899805F7D4A86DFCF78A
:10BA3000D7FEF3E70023099320238DF829300397DD
:10BA400030236A4F8DF82A304FF00108234699467B
:10BA500013F8012B0AB1252AF9D1B9EB040A0BD04E
:10BA60005346224629463046FFF7A4FF013000F036
:10BA7000A480099A5244099299F80030002B00F0F2
:10BA80009C8000234FF0FF32CDE9052309F1010925
:10BA9000049307938DF853301A934C46534814F887
:10BAA000011B0522F4F7B4FB049BD0B9D90644BFAF
:10BAB00020228DF853201A0744BF2B228DF85320E3
:10BAC00099F800202A2A13D0079A4C4600204FF0FC
:10BAD0000A0C214611F8013B303B092B49D968B9C2
:10BAE00013E0C01B08FA00F018430490A146D4E705
:10BAF000039A111D12680391002A01DB079204E0EA
:10BB0000524243F002030792049323782E2B0AD16A
:10BB100063782A2B32D1039B1A1D1B68039243EAD8
:10BB2000E37302340593DFF8D4902178032248466A
:10BB3000F4F76EFB38B1049BA0EB09004022824071
:10BB400013430134049314F8011B29488DF828107D
:10BB50000622F4F75DFB00283ED0264818BB039B65
:10BB6000073323F0070308330393099B0344099326
:10BB70006CE70CFB02320C460120AAE700230134DB
:10BB8000059319464FF00A0C204610F8012B303A65
:10BB9000092A03D9002BC6D00591C4E70CFB01216B
:10BBA00004460123F0E703AB00932A46124B04A995
:10BBB0003046FBF7A5FE431CD7D16B6ED90705D4E1
:10BBC000AB899A0502D4A86DFCF70AFEAB895B0627
:10BBD0003FF524AF099823E703AB00932A46064BB1
:10BBE00004A93046FCF722F9E5E700BFE5020208A8
:10BBF000EF02020801790008B5B90008EB0202085B
:10BC0000F8B50E461446054618B1036A0BB9FCF7A1
:10BC1000CDFCA369A360A3891A0701D5236943B9A1
:10BC20002146284600F02AF818B14FF0FF37384671
:10BC3000F8BD23682269981A6369F6B283423746D1
:10BC400005DC21462846FFF757FA0028EDD1A36806
:10BC5000013BA36023685A1C22601E706269431C6A
:10BC60009A4204D0A389DB07E1D50A2EDFD1214611
:10BC70002846FFF741FA0028D9D0D6E738B5284B37
:10BC8000054618680C4618B1036A0BB9FCF78EFC20
:10BC9000B4F90C301A0721D4D80607D409222A6037
:10BCA00043F04003A3814FF0FF3030E0590712D535
:10BCB000616B41B104F14403994202D02846FDF77B
:10BCC0000BFC002363630022B4F90C30626022692C
:10BCD000226023F0240343F00803A38122693AB9C8
:10BCE0009A0501D5180603D52146284600F082F8AA
:10BCF000B4F90C3013F001020AD00022A26062698C
:10BD00005242A261226942B913F08000C8D138BD05
:10BD1000990758BF6269A260F4E70020F7E700BF07
:10BD2000180000201F2938B505460C4604D91623F3
:10BD300003604FF0FF3038BDC26B12B152F82130B2
:10BD40004BB9284600F030F8224601462846BDE8A7
:10BD5000384000F017B8012B0AD0591C03D1162324
:10BD600003600120E7E7002142F8241020469847AD
:10BD70000020E0E7024B01461868FFF7D3BF00BF81
:10BD80001800002038B5074D002304460846114628
:10BD90002B60F8F773F8431C02D12B6803B12360C2
:10BDA00038BD00BF48540120F8F760B870B50C46A4
:10BDB000B1F90E10002996B015461E460ADAA1897F
:10BDC00011F0800113D14FF48062002031602A60AD
:10BDD00016B070BD6A4600F047F80028EFDB019905
:10BDE00001F47041A1F5005359425941EBE700219C
:10BDF0004022EAE78B8973B59E0705460C4607D5B6
:10BE000004F14703236023610123636102B070BD25
:10BE100001AB6A46FFF7CAFF009E28463146FDF790
:10BE2000CFFBB4F90C3038B99A05EFD423F00303F3
:10BE300043F00203A381E3E743F08003A381019B66
:10BE40002060C4E90406002BE0D0B4F90E102846A7
:10BE500000F01CF80028D9D0A38923F0030343F095
:10BE60000103A381D2E7000038B5074D0023044643
:10BE7000084611462B60F8F744F8431C02D12B68A2
:10BE800003B1236038BD00BF4854012038B5064DCA
:10BE90000023044608462B60F8F743F8431C02D100
:10BEA0002B6803B1236038BD4854012008B52DED3F
:10BEB000028BB0EE408A00F053F8B4EE488AF1EEFF
:10BEC00010FA06D6DFED098AB4EEE88AF1EE10FA30
:10BED00002D4BDEC028B08BDFCF756FC88EEA80A24
:10BEE000BDEC028B2123036008BD00BF00000000F1
:10BEF00010EE103A184923F000428A4219D9B2F1E3
:10BF0000FF4F02D330EE400A704700B583B0684659
:10BF100000F0F4F800F0030001289DED000ADDEDCB
:10BF2000010A0FD0022808D088B900F01DF803B02C
:10BF300000BDDFED0A0A00F017B800F015F8B1EE09
:10BF4000400AF4E700F092F8B1EE400AEFE7012072
:10BF500000F08CF8EBE700BFD80F493F000000006D
:10BF6000B1EEC00A704700BF10EE103A23F0004354
:10BF7000B3F1485F2CD2FDEEC07A17EE903A002B59
:10BF800060D060EE007A9FED317A9FED315ADFED9F
:10BF9000315A9FED316ADFED316AA7EE875A9FED86
:10BFA000307AE7EE855AA7EEA56AA7EE867AE7EE25
:10BFB000876A67EEA66A60EEC00AB6EE007AE7EE20
:10BFC000A60AB7EE000AD7EE870A30EE600A70477D
:10BFD00060EE007A9FED1D7A9FED1D5ADFED1D5A30
:10BFE0009FED1D6ADFED1D6A1E4AA7EE875A934238
:10BFF0009FED1B7AE5EE275AA5EEA76AA6EE277AF3
:10C00000E7EE276A66EEA76AD5D9174A934214D895
:10C0100003F17F4307EE103AB7EE006A36EE476A47
:10C0200060EEC00AF6EE005A97EEA57AE7EEA60A91
:10C0300037EE607A36EE470A7047B6EE076AB5EE1D
:10C04000027AEDE7B7EE000A704700BF4ED747AD62
:10C05000F6740F317CF293B4010DD037ABAA2A3DB0
:10C06000610BB6BA9999993E0000483F10EE103A1C
:10C0700023F00043B3F1485F04D2FDEEC07A17EE1F
:10C08000903A5BB360EE007A9FED157ADFED155ABA
:10C090009FED156ADFED156AE7EE875A9FED147A7A
:10C0A000A5EEA76A20EE275AE6EE276AA6EEA77A43
:10C0B00030B9DFED106AE7EE876AA6EE850A7047B1
:10C0C00027EE457AF6EE006AA0EEA67ADFED0A6A60
:10C0D000D7EE270AE5EE260A30EE600A704700BF69
:10C0E000D3C92E2F342FD7B21BEF3836010D50B9DC
:10C0F0008988083CABAA2ABEABAA2A3E70B510EECE
:10C10000103A8B4A23F00044944286B0054671D918
:10C11000884A94421E4624D823F00042002BDFEDCB
:10C12000867A864922F00F02B0EE407A40F3E6802C
:10C130008A4270EE677A09BF9FED817ADFED816AEE
:10C14000DFED816A77EEC77A37EEE67A77EEC77A67
:10C1500080ED007A77EEE67AC0ED017A012006B034
:10C1600070BD7A4A944253D9B4F1FF4F49D2E215D7
:10C17000863AA4EBC25307EE903ABDEEE77ADFEDC4
:10C18000746AB8EEC77A77EEC77A8DED037A67EEF8
:10C19000A67ABDEEE77AB8EEC77A77EEC77A8DED6C
:10C1A000047A67EEA67AF5EE407AF1EE10FACDED5C
:10C1B000057A40F08E80B5EE407AF1EE10FA40F04C
:10C1C0008A800123634901910221009103A8294635
:10C1D00000F0D2F8002EC2DA95ED007AD5ED017AA2
:10C1E000B1EE477AF1EE677A85ED007AC5ED017A16
:10C1F0004042B4E7002285ED000A4260002006B00C
:10C2000070BD70EE407AC0ED017AC0ED007AF5E7BE
:10C2100000F0AAF89FED507A9FED476AF6EE007A9B
:10C22000E0EE077A9FED477AFDEEE77AF8EEE76AEF
:10C2300017EE900AA6EEC60A1F2866EE877AB1EEC0
:10C24000666A30EE677A1EDC444A411E26F00043DF
:10C2500052F8212023F0FF03934214D085ED007A99
:10C2600030EE470A002E30EE670A85ED010ABFF670
:10C2700076AFB1EE477AB1EE400A85ED007A85EDF2
:10C28000010A40426BE717EE103AC3F3C753C3EB02
:10C29000D453082B4FEAE452E0DD9FED297A9FED5D
:10C2A0002A5AF0EE405AE6EE075A70EE657AE6EE4C
:10C2B000077AD6EE857A35EEE77A17EE103AC3F3B1
:10C2C000C753D21A192A08DCB0EE650A85ED007A48
:10C2D000C6E7032376E7022374E79FED217A9FEDFB
:10C2E000215AB0EE650AA6EE070A75EEC07AE6EEB0
:10C2F000077AD6EE857A30EE677AAFE78A4270EE3B
:10C30000277A09BF9FED0E7ADFED0E6ADFED0E6A28
:10C3100077EE877A37EEA67A77EEC77A80ED007AE5
:10C3200077EEA67AC0ED017A4FF0FF3017E700BF35
:10C33000D80F493FE3CB1640800FC93FD00FC93F0C
:10C34000004435374344353708A3852E800F4943D1
:10C35000000080436C06020884F9223FEC050208C5
:10C3600000A3852E32318D2410EE103A23F00043C5
:10C3700000EE103A704700BF2DE9F04F2DED048B11
:10C38000DBB01C46944603930A46BA4B68991CF1ED
:10C39000040F53F82170824604F1FF39C0F256822F
:10C3A000BCF1030348BF0CF10403DB10029301331B
:10C3B0004FEAC30EACEB0E030593029B17EB09008B
:10C3C000A3EB090316D401309FEDAB7A699C1844A6
:10C3D0001EA9002BA4BF54F8235007EE905A03F176
:10C3E0000103ACBFF8EEE77AF0EE477A8342E1EC66
:10C3F000017AEED1002FC0F2E28203991EA800EB71
:10C4000081004FEA81087E18002346AD4C460AEBB6
:10C410008101B9F1000F80F2C8800134B44245F8BF
:10C42000043B00F10400F4D10DF1280B0BEB870362
:10C43000CDE9062E043B9FED929ADFED908A059898
:10C4400004930AEB080446AE0BEB87080097CDF87F
:10C4500020C00DEB8703002F93ED460A4FEA8705B6
:10C4600015DD73195A4660EE097AB0EE407AFDEE9A
:10C47000E77A73ED016AF8EEE77AB342A7EEE87A5D
:10C4800037EEA60ABDEEC77AA2EC017AEBD1019095
:10C4900000F0B8FAF4EE007AB0EE408A20EE270AF7
:10C4A00000F01EFBF2EE007AA0EE678A01980028E9
:10C4B000FDEEC89AF8EEE97A38EE678A40F382809A
:10C4C000791EC0F108035BF821E04EFA03FC0CFA78
:10C4D00003F3AEEB030EC0F1070219EE903A4EFAE9
:10C4E00002F26344002A09EE903A4BF821E000F38F
:10C4F000AF80B5EE408AF1EE10FA74D1009B9F42F6
:10C500000ADD5D44002355F8041D454543EA010357
:10C51000F9D1002B40F00281009B013B5BF8232006
:10C520007B1C9C46002A40F0F780049A012152F8B7
:10C53000045D0131002DFAD03944029D039A05EBC8
:10C54000030E0EF1804E699D0EF1FF3E3A4405EB5D
:10C550008E0E1EAD06EB830705EB8205DEED017A3C
:10C56000F8EEE77AB9F1000F0EF1040EE5EC017A6E
:10C57000DFED417A09DB2A465346F3EC016A32EDDE
:10C58000017AA342E6EE877AF7D10CF1010C8C45D3
:10C59000E7EC017AE2DD0F465BE70134B442E5ECFB
:10C5A000017A00F104003FF43FAFDFED337A8346B8
:10C5B0005346F3EC016A3BED017A8B42E6EE877A53
:10C5C000F7D1EAE700F09180F6EE007AB4EEE78A60
:10C5D000F1EE10FA80F22981B5EE408AF1EE10FA00
:10C5E0004FF000028AD09246DDE9062EDDF820C029
:10C5F0000197AEEB0C00B0EE480A009F009200F0ED
:10C6000001FADFED1E6AB4EEE60AF1EE10FADDE99A
:10C610000023F0EE407AC0F29C819FED197A0599D3
:10C6200020EE077A0831BDEEC77A0591B8EEC77AD9
:10C630005C1CE7EE667ABDEEC77AFDEEE77A17EE90
:10C64000901A4BF8231017EE103A4BF824307EE086
:10C650000133002F09EE903A40F39D8159464FF087
:10C66000000E51F8043B002B39D0C3F5807341F81C
:10C67000043C0CE0B0090208000000000000804308
:10C680000000803B0B68C3F1FF0341F8043B0EF14F
:10C69000010E7745F6DC01239E4600280BDD0128BC
:10C6A00000F0BB80022806D1791E5BF8213003F030
:10C6B0003F0C4BF821C0022A7FF41BAFB7EE000AF3
:10C6C000734630EE488A002B3FF413AF0992019075
:10C6D00000F098F90198099A38EE408A09E70EF1BE
:10C6E000010E7745BDDC9E46D7E77B1E5BF8232015
:10C6F000D211002A7FF7FDAE19EE903A002F03F118
:10C70000010309EE903AA9DC022A7FF4F2AEF7EEBB
:10C71000007A37EEC88AECE619460EE73B469246A9
:10C72000DDE905125C1EA1F108005BF82410009FF2
:10C73000059061B903F18043013B0BEB8303014694
:10C7400053F8040D013C08390028F9D005910598EB
:10C750000092B7EE000A00F055F9002C009AB0EEF6
:10C76000407AC0F22281601C46AD5FED3B6A8100D9
:10C770000BEB800305EB800073ED017AF8EEE77AAE
:10C780005B4567EE877A27EE267A60ED017AF3D172
:10C790000DF1C8080E1F2E44C646A4460025002FE2
:10C7A0007DDBDFF85C92DFED957A3046002307E011
:10C7B000F9EC016AB0EC017A9F42E6EE877A03DB7E
:10C7C0009D4203F10103F3DA0CF1FF3CBCF1FF3FA2
:10C7D000EEEC017A05F10105A6F10406E1D1689BB2
:10C7E000022B6ADC002B36DC0ED1DFED847A41446B
:10C7F00031ED017A884577EE877AF9D15346002BDF
:10C8000040F0C680C2ED007A19EE903A03F00700BE
:10C810005BB0BDEC048BBDE8F08F791E5BF8213076
:10C8200003F07F0C4BF821C045E719EE903A002F3A
:10C8300003F1010309EE903AC8BF02223FF70EAFA1
:10C84000F7EE007A37EEC88A022252E600234FF054
:10C85000080E0293AEE5DDED327A9FED687A414431
:10C8600071ED016A884537EE267AF9D15346002BDF
:10C8700040F0848077EEC77A82ED007A64B133A904
:10C880000123B1EC017A01339C4277EE877AF8DA22
:10C8900053460BB1F1EE677AC2ED017AB4E70CF1C1
:10C8A000FF3C0023BCF1FF3F4EF8043B05F10105BE
:10C8B000A6F104067FF473AF91E7689B032BA3D125
:10C8C000002C00F08C8008EB840595ED007AA00028
:10C8D0002B46294671ED017AF0EE476A37EE277A4A
:10C8E000884577EEC77A81ED007A77EEA67AC1EDBA
:10C8F000017AEFD1012C72D095ED007A08F1040194
:10C9000073ED017AF0EE476A37EE277A994277EEB7
:10C91000C77A83ED007A77EEA67AC3ED017AEFD17C
:10C92000031DDFED367A434408F1080833ED017A40
:10C93000984577EE877AF9D15346DDED326A9DED61
:10C94000337A73B9C2ED006A82ED017AC2ED027AE0
:10C950005AE7FDEEC07A1C4617EE901A4BF82310EA
:10C96000F5E6F1EE666AB1EE477AF1EE677AC2ED6E
:10C97000006A82ED017AC2ED027A45E7F1EE476A7C
:10C9800077EEC77AC2ED006A002C7FF478AF81E7BA
:10C99000F1EE677A36E7012815D002287FF4B4AEAD
:10C9A0000EF03F034BF82130AEE6689B022B12DC01
:10C9B000002B17DC7FF428AFDFED107A1EE7039B16
:10C9C0004FEA830830E50EF07F03022A4BF821304E
:10C9D0007FF48FAD9BE6689B032B7FF415AFDFEDF3
:10C9E000077AA9E75346DDED327A1BB14FF00043D9
:10C9F00013604FE7002313604EE700BF0000000004
:10CA00008409020810EE103A33F000411A4625D08E
:10CA1000B1F1FF4F1FD213F0FF4F20D1DFED297A84
:10CA2000294A60EE277A904217EE903A31DB4CF2B9
:10CA3000503CC3F3C75160451A46A1F1190114DDFA
:10CA4000002BDFED227A9FED210AB8BFDFED207ABF
:10CA500027EE800A704730EE000A704770474CF2AC
:10CA6000503C60454FEAD151EADC0144FE29E7DC45
:10CA7000002915DC11F1160F19DB193122F0FF42E4
:10CA800042EAC15207EE902A9FED120A27EE800A71
:10CA90007047DFED117A07EE103A27EE270A70474C
:10CAA00022F0FF4242EAC15300EE103A7047002BD9
:10CAB000DFED097A9FED080AB8BFDFED087A27EEAF
:10CAC000800A70470000004CB03CFFFFCAF2497179
:10CAD000CAF249F1000000336042A20D6042A28D0B
:10CAE00010EE102AC2F3C7537F3B162B22F00041F1
:10CAF0001BDC002B10461EDB1A4919410A4223D0C9
:10CB0000DFED197A70EE277AF5EEC07AF1EE10FAC1
:10CB10001ADD002A04DA4FF4000242FA03F3184443
:10CB200020EA010300EE103A7047B1F1FF4F0BD33A
:10CB300030EE000A7047DFED0C7A70EE277AF5EEE2
:10CB4000C07AF1EE10FA00DC7047002A02DB9FED9C
:10CB5000070A704711B99FED060A7047BFEE000A39
:10CB6000F2E700BFFFFF7F00CAF24971000000003A
:10CB700000000080044A05491368002B08BF0B46DB
:10CB80001844106018467047585401206054012022
:10CB9000F8B500BFF8BC08BC9E467047F8B500BFAA
:08CBA000F8BC08BC9E4670477A
:10CBA8004144584C00000000544400004644000032
:10CBB800446973706C61790049574447000000006C
:10CBC80043414E00566962726174696F6E20546900
:10CBD8006D6520526573756C743A0D0A524D532079
:10CBE8003A2025660D0A5065616B203A2025660DAE
:10CBF8000A4372657374203A2025660D0A00000006
:10CC08000D0A566962726174696F6E2046726571A9
:10CC180020526573756C743A0D0A5820436F6D7015
:10CC28006F6E656E740D0A46726571203A2025662E
:10CC38000D0A4D6167203A2025660D0A42696E206B
:10CC48003A20256C750D0A000D0A5920436F6D7046
:10CC58006F6E656E740D0A46726571203A202566FE
:10CC68000D0A4D6167203A2025660D0A42696E203B
:10CC78003A20256C750D0A000D0A5A20436F6D7015
:10CC88006F6E656E740D0A46726571203A202566CE
:10CC98000D0A4D6167203A2025660D0A42696E200B
:10CCA8003A20256C750D0A00446174613A0D0A201A
:10CCB800783A2025662020793A202566207A3A207D
:10CCC80025660D0A0000000049444C45000000009C
:10CCD8000925630925750925750925750D0A0000BB
:10CCE8000000803F000000005E836C3F15EFC33EEC
:10CCF800F304353FF304353F15EFC33E5E836C3FC5
:10CD0800000000000000803F15EFC3BE5E836C3F4B
:10CD1800F30435BFF304353F5E836CBF15EFC33EA4
:10CD2800000080BF000000005E836CBF15EFC3BE2B
:10CD3800F30435BFF30435BF15EFC3BE5E836CBF84
:10CD480000000080000080BF15EFC33E5E836CBF0B
:10CD5800F304353FF30435BF5E836C3F15EFC3BE64
:10CD68000000803F00000000BE147B3FC2C5473E64
:10CD78005E836C3F15EFC33E31DB543FDA390E3F1B
:10CD8800F304353FF304353FDA390E3F31DB543FC6
:10CD980015EFC33E5E836C3FC2C5473EBE147B3F62
:10CDA800000000000000803FC2C547BEBE147B3FA4
:10CDB80015EFC3BE5E836C3FDA390EBF31DB543FDB
:10CDC800F30435BFF304353F31DB54BFDA390E3F86
:10CDD8005E836CBF15EFC33EBE147BBFC2C5473E22
:10CDE800000080BF00000000BE147BBFC2C547BE64
:10CDF8005E836CBF15EFC3BE31DB54BFDA390EBF9B
:10CE0800F30435BFF30435BFDA390EBF31DB54BF45
:10CE180015EFC3BE5E836CBFC2C547BEBE147BBFE1
:10CE280000000080000080BFC2C5473EBE147BBF23
:10CE380015EFC33E5E836CBFDA390E3F31DB54BF5A
:10CE4800F304353FF30435BF31DB543FDA390EBF05
:10CE58005E836C3F15EFC3BEBE147B3FC2C547BEA1
:10CE68000000803F000000006DC47E3F36BDC83D15
:10CE7800BE147B3FC2C5473E0BFA743F31A0943EB7
:10CE88005E836C3F15EFC33E98C5613FEA5AF13E99
:10CE980031DB543FDA390E3F03E4453F9967223FBF
:10CEA800F304353FF304353F9967223F03E4453FD8
:10CEB800DA390E3F31DB543FEA5AF13E98C5613FFB
:10CEC80015EFC33E5E836C3F31A0943E0BFA743F6E
:10CED800C2C5473EBE147B3F36BDC83D6DC47E3FCC
:10CEE800000000000000803F36BDC8BD6DC47E3F15
:10CEF800C2C547BEBE147B3F31A094BE0BFA743F37
:10CF080015EFC3BE5E836C3FEA5AF1BE98C5613F18
:10CF1800DA390EBF31DB543F996722BF03E4453F3E
:10CF2800F30435BFF304353F03E445BF9967223F57
:10CF380031DB54BFDA390E3F98C561BFEA5AF13E7A
:10CF48005E836CBF15EFC33E0BFA74BF31A0943EED
:10CF5800BE147BBFC2C5473E6DC47EBF36BDC83D4B
:10CF6800000080BF000000006DC47EBF36BDC8BD94
:10CF7800BE147BBFC2C547BE0BFA74BF31A094BEB6
:10CF88005E836CBF15EFC3BE98C561BFEA5AF1BE98
:10CF980031DB54BFDA390EBF03E445BF996722BFBE
:10CFA800F30435BFF30435BF996722BF03E445BFD7
:10CFB800DA390EBF31DB54BFEA5AF1BE98C561BFFA
:10CFC80015EFC3BE5E836CBF31A094BE0BFA74BF6D
:10CFD800C2C547BEBE147BBF36BDC8BD6DC47EBFCB
:10CFE80000000080000080BF36BDC83D6DC47EBF14
:10CFF800C2C5473EBE147BBF31A0943E0BFA74BF36
:10D0080015EFC33E5E836CBFEA5AF13E98C561BF17
:10D01800DA390E3F31DB54BF9967223F03E445BF3D
:10D02800F304353FF30435BF03E4453F996722BF56
:10D0380031DB543FDA390EBF98C5613FEA5AF1BE79
:10D048005E836C3F15EFC3BE0BFA743F31A094BEEC
:10D05800BE147B3FC2C547BE6DC47E3F36BDC8BD4A
:10D068000000803F000000000FB17F3F2FFB483DCC
:10D078006DC47E3F36BDC83DAC3A7D3F8340163E09
:10D08800BE147B3FC2C5473EF853783FCCCF783EAD
:10D098000BFA743F31A0943E0809713FD47CAC3E32
:10D0A8005E836C3F15EFC33ED86B673F80E8DA3E7E
:10D0B80098C5613FEA5AF13E1A945B3F3D9C033F95
:10D0C80031DB543FDA390E3F029F4D3FC07F183F96
:10D0D80003E4453F9967223FF9AE3D3F4AEB2B3FBA
:10D0E800F304353FF304353F4AEB2B3FF9AE3D3FA0
:10D0F8009967223F03E4453FC07F183F029F4D3F99
:10D10800DA390E3F31DB543F3D9C033F1A945B3FB5
:10D11800EA5AF13E98C5613F80E8DA3ED86B673F2E
:10D1280015EFC33E5E836C3FD47CAC3E0809713F6B
:10D1380031A0943E0BFA743FCCCF783EF853783F39
:10D14800C2C5473EBE147B3F8340163EAC3A7D3F86
:10D1580036BDC83D6DC47E3F2FFB483D0FB17F3FB4
:10D16800000000000000803F2FFB48BD0FB17F3F4B
:10D1780036BDC8BD6DC47E3F834016BEAC3A7D3F08
:10D18800C2C547BEBE147B3FCCCF78BEF853783FAC
:10D1980031A094BE0BFA743FD47CACBE0809713F31
:10D1A80015EFC3BE5E836C3F80E8DABED86B673F7D
:10D1B800EA5AF1BE98C5613F3D9C03BF1A945B3F94
:10D1C800DA390EBF31DB543FC07F18BF029F4D3F95
:10D1D800996722BF03E4453F4AEB2BBFF9AE3D3FB9
:10D1E800F30435BFF304353FF9AE3DBF4AEB2B3F9F
:10D1F80003E445BF9967223F029F4DBFC07F183F98
:10D2080031DB54BFDA390E3F1A945BBF3D9C033FB4
:10D2180098C561BFEA5AF13ED86B67BF80E8DA3E2D
:10D228005E836CBF15EFC33E080971BFD47CAC3E6A
:10D238000BFA74BF31A0943EF85378BFCCCF783E38
:10D24800BE147BBFC2C5473EAC3A7DBF8340163E85
:10D258006DC47EBF36BDC83D0FB17FBF2FFB483DB3
:10D26800000080BF000000000FB17FBF2FFB48BD4A
:10D278006DC47EBF36BDC8BDAC3A7DBF834016BE07
:10D28800BE147BBFC2C547BEF85378BFCCCF78BEAB
:10D298000BFA74BF31A094BE080971BFD47CACBE30
:10D2A8005E836CBF15EFC3BED86B67BF80E8DABE7C
:10D2B80098C561BFEA5AF1BE1A945BBF3D9C03BF93
:10D2C80031DB54BFDA390EBF029F4DBFC07F18BF94
:10D2D80003E445BF996722BFF9AE3DBF4AEB2BBFB8
:10D2E800F30435BFF30435BF4AEB2BBFF9AE3DBF9E
:10D2F800996722BF03E445BFC07F18BF029F4DBF97
:10D30800DA390EBF31DB54BF3D9C03BF1A945BBFB3
:10D31800EA5AF1BE98C561BF80E8DABED86B67BF2C
:10D3280015EFC3BE5E836CBFD47CACBE080971BF69
:10D3380031A094BE0BFA74BFCCCF78BEF85378BF37
:10D34800C2C547BEBE147BBF834016BEAC3A7DBF84
:10D3580036BDC8BD6DC47EBF2FFB48BD0FB17FBFB2
:10D3680000000080000080BF2FFB483D0FB17FBF49
:10D3780036BDC83D6DC47EBF8340163EAC3A7DBF06
:10D38800C2C5473EBE147BBFCCCF783EF85378BFAA
:10D3980031A0943E0BFA74BFD47CAC3E080971BF2F
:10D3A80015EFC33E5E836CBF80E8DA3ED86B67BF7B
:10D3B800EA5AF13E98C561BF3D9C033F1A945BBF92
:10D3C800DA390E3F31DB54BFC07F183F029F4DBF93
:10D3D8009967223F03E445BF4AEB2B3FF9AE3DBFB7
:10D3E800F304353FF30435BFF9AE3D3F4AEB2BBF9D
:10D3F80003E4453F996722BF029F4D3FC07F18BF96
:10D4080031DB543FDA390EBF1A945B3F3D9C03BFB2
:10D4180098C5613FEA5AF1BED86B673F80E8DABE2B
:10D428005E836C3F15EFC3BE0809713FD47CACBE68
:10D438000BFA743F31A094BEF853783FCCCF78BE36
:10D44800BE147B3FC2C547BEAC3A7D3F834016BE83
:10D458006DC47E3F36BDC8BD0FB17F3F2FFB48BDB1
:10D468000000803F0000000043EC7F3FB00AC93C49
:10D478000FB17F3F2FFB483D6D4E7F3F05A9963D7D
:10D488006DC47E3F36BDC83D24137E3F73B2FA3D5E
:10D49800AC3A7D3F8340163E283B7C3FA2102F3E8E
:10D4A800BE147B3FC2C5473E9DC7793F135C603EB3
:10D4B800F853783FCCCF783E07BA763F938E883EB4
:10D4C8000BFA743F31A0943E4714733FE59AA03E8F
:10D4D8000809713FD47CAC3E9ED86E3F2A44B83EC2
:10D4E8005E836C3F15EFC33EA7096A3FCA7BCF3EF8
:10D4F800D86B673F80E8DA3E59AA643F7533E63E49
:10D5080098C5613FEA5AF13E05BE5E3F275DFC3E85
:10D518001A945B3F3D9C033F5348583F9BF5083F97
:10D5280031DB543FDA390E3F3D4D513F2A68133FF6
:10D53800029F4D3FC07F183F12D1493FD17F1D3F09
:10D5480003E4453F9967223F70D8413F5636273F4D
:10D55800F9AE3D3F4AEB2B3F4268393FBB85303F30
:10D56800F304353FF304353FBB85303F4268393F0C
:10D578004AEB2B3FF9AE3D3F5636273F70D8413F27
:10D588009967223F03E4453FD17F1D3F12D1493FB0
:10D59800C07F183F029F4D3F2A68133F3D4D513FC2
:10D5A800DA390E3F31DB543F9BF5083F5348583F6B
:10D5B8003D9C033F1A945B3F275DFC3E05BE5E3FE2
:10D5C800EA5AF13E98C5613F7533E63E59AA643F71
:10D5D80080E8DA3ED86B673FCA7BCF3EA7096A3F2F
:10D5E80015EFC33E5E836C3F2A44B83E9ED86E3F1B
:10D5F800D47CAC3E0809713FE59AA03E4714733FBE
:10D6080031A0943E0BFA743F938E883E07BA763F5A
:10D61800CCCF783EF853783F135C603E9DC7793F86
:10D62800C2C5473EBE147B3FA2102F3E283B7C3F1D
:10D638008340163EAC3A7D3F73B2FA3D24137E3FD9
:10D6480036BDC83D6DC47E3F05A9963D6D4E7F3FF2
:10D658002FFB483D0FB17F3FB00AC93C43EC7F3FE9
:10D66800000000000000803FB00AC9BC43EC7F3FC7
:10D678002FFB48BD0FB17F3F05A996BD6D4E7F3F7B
:10D6880036BDC8BD6DC47E3F73B2FABD24137E3F5C
:10D69800834016BEAC3A7D3FA2102FBE283B7C3F8C
:10D6A800C2C547BEBE147B3F135C60BE9DC7793FB1
:10D6B800CCCF78BEF853783F938E88BE07BA763FB2
:10D6C80031A094BE0BFA743FE59AA0BE4714733F8D
:10D6D800D47CACBE0809713F2A44B8BE9ED86E3FC0
:10D6E80015EFC3BE5E836C3FCA7BCFBEA7096A3FF6
:10D6F80080E8DABED86B673F7533E6BE59AA643F47
:10D70800EA5AF1BE98C5613F275DFCBE05BE5E3F83
:10D718003D9C03BF1A945B3F9BF508BF5348583F95
:10D72800DA390EBF31DB543F2A6813BF3D4D513FF4
:10D73800C07F18BF029F4D3FD17F1DBF12D1493F07
:10D74800996722BF03E4453F563627BF70D8413F4B
:10D758004AEB2BBFF9AE3D3FBB8530BF4268393F2E
:10D76800F30435BFF304353F426839BFBB85303F0A
:10D77800F9AE3DBF4AEB2B3F70D841BF5636273F25
:10D7880003E445BF9967223F12D149BFD17F1D3FAE
:10D79800029F4DBFC07F183F3D4D51BF2A68133FC0
:10D7A80031DB54BFDA390E3F534858BF9BF5083F69
:10D7B8001A945BBF3D9C033F05BE5EBF275DFC3EE0
:10D7C80098C561BFEA5AF13E59AA64BF7533E63E6F
:10D7D800D86B67BF80E8DA3EA7096ABFCA7BCF3E2D
:10D7E8005E836CBF15EFC33E9ED86EBF2A44B83E19
:10D7F800080971BFD47CAC3E471473BFE59AA03EBC
:10D808000BFA74BF31A0943E07BA76BF938E883E58
:10D81800F85378BFCCCF783E9DC779BF135C603E84
:10D82800BE147BBFC2C5473E283B7CBFA2102F3E1B
:10D83800AC3A7DBF8340163E24137EBF73B2FA3DD7
:10D848006DC47EBF36BDC83D6D4E7FBF05A9963DF0
:10D858000FB17FBF2FFB483D43EC7FBFB00AC93CE7
:10D86800000080BF0000000043EC7FBFB00AC9BCC5
:10D878000FB17FBF2FFB48BD6D4E7FBF05A996BD79
:10D888006DC47EBF36BDC8BD24137EBF73B2FABD5A
:10D89800AC3A7DBF834016BE283B7CBFA2102FBE8A
:10D8A800BE147BBFC2C547BE9DC779BF135C60BEAF
:10D8B800F85378BFCCCF78BE07BA76BF938E88BEB0
:10D8C8000BFA74BF31A094BE471473BFE59AA0BE8B
:10D8D800080971BFD47CACBE9ED86EBF2A44B8BEBE
:10D8E8005E836CBF15EFC3BEA7096ABFCA7BCFBEF4
:10D8F800D86B67BF80E8DABE59AA64BF7533E6BE45
:10D9080098C561BFEA5AF1BE05BE5EBF275DFCBE81
:10D918001A945BBF3D9C03BF534858BF9BF508BF93
:10D9280031DB54BFDA390EBF3D4D51BF2A6813BFF2
:10D93800029F4DBFC07F18BF12D149BFD17F1DBF05
:10D9480003E445BF996722BF70D841BF563627BF49
:10D95800F9AE3DBF4AEB2BBF426839BFBB8530BF2C
:10D96800F30435BFF30435BFBB8530BF426839BF08
:10D978004AEB2BBFF9AE3DBF563627BF70D841BF23
:10D98800996722BF03E445BFD17F1DBF12D149BFAC
:10D99800C07F18BF029F4DBF2A6813BF3D4D51BFBE
:10D9A800DA390EBF31DB54BF9BF508BF534858BF67
:10D9B8003D9C03BF1A945BBF275DFCBE05BE5EBFDE
:10D9C800EA5AF1BE98C561BF7533E6BE59AA64BF6D
:10D9D80080E8DABED86B67BFCA7BCFBEA7096ABF2B
:10D9E80015EFC3BE5E836CBF2A44B8BE9ED86EBF17
:10D9F800D47CACBE080971BFE59AA0BE471473BFBA
:10DA080031A094BE0BFA74BF938E88BE07BA76BF56
:10DA1800CCCF78BEF85378BF135C60BE9DC779BF82
:10DA2800C2C547BEBE147BBFA2102FBE283B7CBF19
:10DA3800834016BEAC3A7DBF73B2FABD24137EBFD5
:10DA480036BDC8BD6DC47EBF05A996BD6D4E7FBFEE
:10DA58002FFB48BD0FB17FBFB00AC9BC43EC7FBFE5
:10DA680000000080000080BFB00AC93C43EC7FBFC3
:10DA78002FFB483D0FB17FBF05A9963D6D4E7FBF77
:10DA880036BDC83D6DC47EBF73B2FA3D24137EBF58
:10DA98008340163EAC3A7DBFA2102F3E283B7CBF88
:10DAA800C2C5473EBE147BBF135C603E9DC779BFAD
:10DAB800CCCF783EF85378BF938E883E07BA76BFAE
:10DAC80031A0943E0BFA74BFE59AA03E471473BF89
:10DAD800D47CAC3E080971BF2A44B83E9ED86EBFBC
:10DAE80015EFC33E5E836CBFCA7BCF3EA7096ABFF2
:10DAF80080E8DA3ED86B67BF7533E63E59AA64BF43
:10DB0800EA5AF13E98C561BF275DFC3E05BE5EBF7F
:10DB18003D9C033F1A945BBF9BF5083F534858BF91
:10DB2800DA390E3F31DB54BF2A68133F3D4D51BFF0
:10DB3800C07F183F029F4DBFD17F1D3F12D149BF03
:10DB48009967223F03E445BF5636273F70D841BF47
:10DB58004AEB2B3FF9AE3DBFBB85303F426839BF2A
:10DB6800F304353FF30435BF4268393FBB8530BF06
:10DB7800F9AE3D3F4AEB2BBF70D8413F563627BF21
:10DB880003E4453F996722BF12D1493FD17F1DBFAA
:10DB9800029F4D3FC07F18BF3D4D513F2A6813BFBC
:10DBA80031DB543FDA390EBF5348583F9BF508BF65
:10DBB8001A945B3F3D9C03BF05BE5E3F275DFCBEDC
:10DBC80098C5613FEA5AF1BE59AA643F7533E6BE6B
:10DBD800D86B673F80E8DABEA7096A3FCA7BCFBE29
:10DBE8005E836C3F15EFC3BE9ED86E3F2A44B8BE15
:10DBF8000809713FD47CACBE4714733FE59AA0BEB8
:10DC08000BFA743F31A094BE07BA763F938E88BE54
:10DC1800F853783FCCCF78BE9DC7793F135C60BE80
:10DC2800BE147B3FC2C547BE283B7C3FA2102FBE17
:10DC3800AC3A7D3F834016BE24137E3F73B2FABDD3
:10DC48006DC47E3F36BDC8BD6D4E7F3F05A996BDEC
:10DC58000FB17F3F2FFB48BD43EC7F3FB00AC9BCE3
:10DC68000000803F0000000011FB7F3F900E493C00
:10DC780043EC7F3FB00AC93C98D37F3F2CC3163D85
:10DC88000FB17F3F2FFB483DAB847F3F742B7B3D1B
:10DC98006D4E7F3F05A9963D580E7F3F80B6AF3D3C
:10DCA8006DC47E3F36BDC83DB0707E3F2EBCE13DA1
:10DCB80024137E3F73B2FA3DCCAB7D3F86CF093E3D
:10DCC800AC3A7D3F8340163EC9BF7C3FB6AB223E8F
:10DCD800283B7C3FA2102F3ECDAC7B3FCF6E3B3E16
:10DCE800BE147B3FC2C5473E02737A3F0115543EBE
:10DCF8009DC7793F135C603E9812793F7F9A6C3ECE
:10DD0800F853783FCCCF783EC58B773FC07D823EB5
:10DD180007BA763F938E883EC6DE753F229A8E3EBE
:10DD28000BFA743F31A0943EDD0B743F86A09A3EF7
:10DD38004714733FE59AA03E5213723F128FA63ED6
:10DD48000809713FD47CAC3E73F56F3FEF63B23E78
:10DD58009ED86E3F2A44B83E93B26D3F4A1DBE3EE0
:10DD68005E836C3F15EFC33E0C4B6B3F53B9C93E06
:10DD7800A7096A3FCA7BCF3E3CBF683F4136D53EC4
:10DD8800D86B673F80E8DA3E880F663F4F92E03EE7
:10DD980059AA643F7533E63E5A3C633FBBCBEB3E22
:10DDA80098C5613FEA5AF13E2146603FCBE0F63E16
:10DDB80005BE5E3F275DFC3E532D5D3FE4E7003F17
:10DDC8001A945B3F3D9C033F6AF2593F824B063FE2
:10DDD8005348583F9BF5083FE595563F6B9A0B3FD4
:10DDE80031DB543FDA390E3F4918533FCDD3103F4A
:10DDF8003D4D513F2A68133F1F7A4F3FD9F6153FD3
:10DE0800029F4D3FC07F183FF8BB4B3FC6021B3FE8
:10DE180012D1493FD17F1D3F65DE473FCBF61F3FFB
:10DE280003E4453F9967223F00E2433F25D2243F60
:10DE380070D8413F5636273F67C73F3F1594293F63
:10DE4800F9AE3D3F4AEB2B3F3B8F3B3FDE3B2E3F3E
:10DE58004268393FBB85303F233A373FC9C8323F14
:10DE6800F304353FF304353FC9C8323F233A373FFF
:10DE7800BB85303F4268393FDE3B2E3F3B8F3B3FFF
:10DE88004AEB2B3FF9AE3D3F1594293F67C73F3F0B
:10DE98005636273F70D8413F25D2243F00E2433F02
:10DEA8009967223F03E4453FCBF61F3F65DE473FB6
:10DEB800D17F1D3F12D1493FC6021B3FF8BB4B3FE4
:10DEC800C07F183F029F4D3FD9F6153F1F7A4F3F3D
:10DED8002A68133F3D4D513FCDD3103F4918533F5A
:10DEE800DA390E3F31DB543F6B9A0B3FE595563FCD
:10DEF8009BF5083F5348583F824B063F6AF2593F0B
:10DF08003D9C033F1A945B3FE4E7003F532D5D3F80
:10DF1800275DFC3E05BE5E3FCBE0F63E2146603FF6
:10DF2800EA5AF13E98C5613FBBCBEB3E5A3C633F92
:10DF38007533E63E59AA643F4F92E03E880F663F2C
:10DF480080E8DA3ED86B673F4136D53E3CBF683F34
:10DF5800CA7BCF3EA7096A3F53B9C93E0C4B6B3FFA
:10DF680015EFC33E5E836C3F4A1DBE3E93B26D3FC4
:10DF78002A44B83E9ED86E3FEF63B23E73F56F3FBA
:10DF8800D47CAC3E0809713F128FA63E5213723FF3
:10DF9800E59AA03E4714733F86A09A3EDD0B743F76
:10DFA80031A0943E0BFA743F229A8E3EC6DE753F2E
:10DFB800938E883E07BA763FC07D823EC58B773FF9
:10DFC800CCCF783EF853783F7F9A6C3E9812793FD1
:10DFD800135C603E9DC7793F0115543E02737A3F3A
:10DFE800C2C5473EBE147B3FCF6E3B3ECDAC7B3FA8
:10DFF800A2102F3E283B7C3FB6AB223EC9BF7C3FD8
:10E008008340163EAC3A7D3F86CF093ECCAB7D3F80
:10E0180073B2FA3D24137E3F2EBCE13DB0707E3FC3
:10E0280036BDC83D6DC47E3F80B6AF3D580E7F3FBC
:10E0380005A9963D6D4E7F3F742B7B3DAB847F3F9A
:10E048002FFB483D0FB17F3F2CC3163D98D37F3F30
:10E05800B00AC93C43EC7F3F900E493C11FB7F3F1F
:10E06800000000000000803F900E49BC11FB7F3F7C
:10E07800B00AC9BC43EC7F3F2CC316BD98D37F3F81
:10E088002FFB48BD0FB17F3F742B7BBDAB847F3F17
:10E0980005A996BD6D4E7F3F80B6AFBD580E7F3F38
:10E0A80036BDC8BD6DC47E3F2EBCE1BDB0707E3F9D
:10E0B80073B2FABD24137E3F86CF09BECCAB7D3F39
:10E0C800834016BEAC3A7D3FB6AB22BEC9BF7C3F8B
:10E0D800A2102FBE283B7C3FCF6E3BBECDAC7B3F12
:10E0E800C2C547BEBE147B3F011554BE02737A3FBA
:10E0F800135C60BE9DC7793F7F9A6CBE9812793FCA
:10E10800CCCF78BEF853783FC07D82BEC58B773FB1
:10E11800938E88BE07BA763F229A8EBEC6DE753FBA
:10E1280031A094BE0BFA743F86A09ABEDD0B743FF3
:10E13800E59AA0BE4714733F128FA6BE5213723FD2
:10E14800D47CACBE0809713FEF63B2BE73F56F3F74
:10E158002A44B8BE9ED86E3F4A1DBEBE93B26D3FDC
:10E1680015EFC3BE5E836C3F53B9C9BE0C4B6B3F02
:10E17800CA7BCFBEA7096A3F4136D5BE3CBF683FC0
:10E1880080E8DABED86B673F4F92E0BE880F663FE3
:10E198007533E6BE59AA643FBBCBEBBE5A3C633F1E
:10E1A800EA5AF1BE98C5613FCBE0F6BE2146603F12
:10E1B800275DFCBE05BE5E3FE4E700BF532D5D3F13
:10E1C8003D9C03BF1A945B3F824B06BF6AF2593FDE
:10E1D8009BF508BF5348583F6B9A0BBFE595563FD0
:10E1E800DA390EBF31DB543FCDD310BF4918533F46
:10E1F8002A6813BF3D4D513FD9F615BF1F7A4F3FCF
:10E20800C07F18BF029F4D3FC6021BBFF8BB4B3FE4
:10E21800D17F1DBF12D1493FCBF61FBF65DE473FF7
:10E22800996722BF03E4453F25D224BF00E2433F5C
:10E23800563627BF70D8413F159429BF67C73F3F5F
:10E248004AEB2BBFF9AE3D3FDE3B2EBF3B8F3B3F3A
:10E25800BB8530BF4268393FC9C832BF233A373F10
:10E26800F30435BFF304353F233A37BFC9C8323FFB
:10E27800426839BFBB85303F3B8F3BBFDE3B2E3FFB
:10E28800F9AE3DBF4AEB2B3F67C73FBF1594293F07
:10E2980070D841BF5636273F00E243BF25D2243FFE
:10E2A80003E445BF9967223F65DE47BFCBF61F3FB2
:10E2B80012D149BFD17F1D3FF8BB4BBFC6021B3FE0
:10E2C800029F4DBFC07F183F1F7A4FBFD9F6153F39
:10E2D8003D4D51BF2A68133F491853BFCDD3103F56
:10E2E80031DB54BFDA390E3FE59556BF6B9A0B3FC9
:10E2F800534858BF9BF5083F6AF259BF824B063F07
:10E308001A945BBF3D9C033F532D5DBFE4E7003F7C
:10E3180005BE5EBF275DFC3E214660BFCBE0F63EF2
:10E3280098C561BFEA5AF13E5A3C63BFBBCBEB3E8E
:10E3380059AA64BF7533E63E880F66BF4F92E03E28
:10E34800D86B67BF80E8DA3E3CBF68BF4136D53E30
:10E35800A7096ABFCA7BCF3E0C4B6BBF53B9C93EF6
:10E368005E836CBF15EFC33E93B26DBF4A1DBE3EC0
:10E378009ED86EBF2A44B83E73F56FBFEF63B23EB6
:10E38800080971BFD47CAC3E521372BF128FA63EEF
:10E39800471473BFE59AA03EDD0B74BF86A09A3E72
:10E3A8000BFA74BF31A0943EC6DE75BF229A8E3E2A
:10E3B80007BA76BF938E883EC58B77BFC07D823EF5
:10E3C800F85378BFCCCF783E981279BF7F9A6C3ECD
:10E3D8009DC779BF135C603E02737ABF0115543E36
:10E3E800BE147BBFC2C5473ECDAC7BBFCF6E3B3EA4
:10E3F800283B7CBFA2102F3EC9BF7CBFB6AB223ED4
:10E40800AC3A7DBF8340163ECCAB7DBF86CF093E7C
:10E4180024137EBF73B2FA3DB0707EBF2EBCE13DBF
:10E428006DC47EBF36BDC83D580E7FBF80B6AF3DB8
:10E438006D4E7FBF05A9963DAB847FBF742B7B3D96
:10E448000FB17FBF2FFB483D98D37FBF2CC3163D2C
:10E4580043EC7FBFB00AC93C11FB7FBF900E493C1B
:10E46800000080BF0000000011FB7FBF900E49BC78
:10E4780043EC7FBFB00AC9BC98D37FBF2CC316BD7D
:10E488000FB17FBF2FFB48BDAB847FBF742B7BBD13
:10E498006D4E7FBF05A996BD580E7FBF80B6AFBD34
:10E4A8006DC47EBF36BDC8BDB0707EBF2EBCE1BD99
:10E4B80024137EBF73B2FABDCCAB7DBF86CF09BE35
:10E4C800AC3A7DBF834016BEC9BF7CBFB6AB22BE87
:10E4D800283B7CBFA2102FBECDAC7BBFCF6E3BBE0E
:10E4E800BE147BBFC2C547BE02737ABF011554BEB6
:10E4F8009DC779BF135C60BE981279BF7F9A6CBEC6
:10E50800F85378BFCCCF78BEC58B77BFC07D82BEAD
:10E5180007BA76BF938E88BEC6DE75BF229A8EBEB6
:10E528000BFA74BF31A094BEDD0B74BF86A09ABEEF
:10E53800471473BFE59AA0BE521372BF128FA6BECE
:10E54800080971BFD47CACBE73F56FBFEF63B2BE70
:10E558009ED86EBF2A44B8BE93B26DBF4A1DBEBED8
:10E568005E836CBF15EFC3BE0C4B6BBF53B9C9BEFE
:10E57800A7096ABFCA7BCFBE3CBF68BF4136D5BEBC
:10E58800D86B67BF80E8DABE880F66BF4F92E0BEDF
:10E5980059AA64BF7533E6BE5A3C63BFBBCBEBBE1A
:10E5A80098C561BFEA5AF1BE214660BFCBE0F6BE0E
:10E5B80005BE5EBF275DFCBE532D5DBFE4E700BF0F
:10E5C8001A945BBF3D9C03BF6AF259BF824B06BFDA
:10E5D800534858BF9BF508BFE59556BF6B9A0BBFCC
:10E5E80031DB54BFDA390EBF491853BFCDD310BF42
:10E5F8003D4D51BF2A6813BF1F7A4FBFD9F615BFCB
:10E60800029F4DBFC07F18BFF8BB4BBFC6021BBFE0
:10E6180012D149BFD17F1DBF65DE47BFCBF61FBFF3
:10E6280003E445BF996722BF00E243BF25D224BF58
:10E6380070D841BF563627BF67C73FBF159429BF5B
:10E64800F9AE3DBF4AEB2BBF3B8F3BBFDE3B2EBF36
:10E65800426839BFBB8530BF233A37BFC9C832BF0C
:10E66800F30435BFF30435BFC9C832BF233A37BFF7
:10E67800BB8530BF426839BFDE3B2EBF3B8F3BBFF7
:10E688004AEB2BBFF9AE3DBF159429BF67C73FBF03
:10E69800563627BF70D841BF25D224BF00E243BFFA
:10E6A800996722BF03E445BFCBF61FBF65DE47BFAE
:10E6B800D17F1DBF12D149BFC6021BBFF8BB4BBFDC
:10E6C800C07F18BF029F4DBFD9F615BF1F7A4FBF35
:10E6D8002A6813BF3D4D51BFCDD310BF491853BF52
:10E6E800DA390EBF31DB54BF6B9A0BBFE59556BFC5
:10E6F8009BF508BF534858BF824B06BF6AF259BF03
:10E708003D9C03BF1A945BBFE4E700BF532D5DBF78
:10E71800275DFCBE05BE5EBFCBE0F6BE214660BFEE
:10E72800EA5AF1BE98C561BFBBCBEBBE5A3C63BF8A
:10E738007533E6BE59AA64BF4F92E0BE880F66BF24
:10E7480080E8DABED86B67BF4136D5BE3CBF68BF2C
:10E75800CA7BCFBEA7096ABF53B9C9BE0C4B6BBFF2
:10E7680015EFC3BE5E836CBF4A1DBEBE93B26DBFBC
:10E778002A44B8BE9ED86EBFEF63B2BE73F56FBFB2
:10E78800D47CACBE080971BF128FA6BE521372BFEB
:10E79800E59AA0BE471473BF86A09ABEDD0B74BF6E
:10E7A80031A094BE0BFA74BF229A8EBEC6DE75BF26
:10E7B800938E88BE07BA76BFC07D82BEC58B77BFF1
:10E7C800CCCF78BEF85378BF7F9A6CBE981279BFC9
:10E7D800135C60BE9DC779BF011554BE02737ABF32
:10E7E800C2C547BEBE147BBFCF6E3BBECDAC7BBFA0
:10E7F800A2102FBE283B7CBFB6AB22BEC9BF7CBFD0
:10E80800834016BEAC3A7DBF86CF09BECCAB7DBF78
:10E8180073B2FABD24137EBF2EBCE1BDB0707EBFBB
:10E8280036BDC8BD6DC47EBF80B6AFBD580E7FBFB4
:10E8380005A996BD6D4E7FBF742B7BBDAB847FBF92
:10E848002FFB48BD0FB17FBF2CC316BD98D37FBF28
:10E85800B00AC9BC43EC7FBF900E49BC11FB7FBF17
:10E8680000000080000080BF900E493C11FB7FBF74
:10E87800B00AC93C43EC7FBF2CC3163D98D37FBF79
:10E888002FFB483D0FB17FBF742B7B3DAB847FBF0F
:10E8980005A9963D6D4E7FBF80B6AF3D580E7FBF30
:10E8A80036BDC83D6DC47EBF2EBCE13DB0707EBF95
:10E8B80073B2FA3D24137EBF86CF093ECCAB7DBF31
:10E8C8008340163EAC3A7DBFB6AB223EC9BF7CBF83
:10E8D800A2102F3E283B7CBFCF6E3B3ECDAC7BBF0A
:10E8E800C2C5473EBE147BBF0115543E02737ABFB2
:10E8F800135C603E9DC779BF7F9A6C3E981279BFC2
:10E90800CCCF783EF85378BFC07D823EC58B77BFA9
:10E91800938E883E07BA76BF229A8E3EC6DE75BFB2
:10E9280031A0943E0BFA74BF86A09A3EDD0B74BFEB
:10E93800E59AA03E471473BF128FA63E521372BFCA
:10E94800D47CAC3E080971BFEF63B23E73F56FBF6C
:10E958002A44B83E9ED86EBF4A1DBE3E93B26DBFD4
:10E9680015EFC33E5E836CBF53B9C93E0C4B6BBFFA
:10E97800CA7BCF3EA7096ABF4136D53E3CBF68BFB8
:10E9880080E8DA3ED86B67BF4F92E03E880F66BFDB
:10E998007533E63E59AA64BFBBCBEB3E5A3C63BF16
:10E9A800EA5AF13E98C561BFCBE0F63E214660BF0A
:10E9B800275DFC3E05BE5EBFE4E7003F532D5DBF0B
:10E9C8003D9C033F1A945BBF824B063F6AF259BFD6
:10E9D8009BF5083F534858BF6B9A0B3FE59556BFC8
:10E9E800DA390E3F31DB54BFCDD3103F491853BF3E
:10E9F8002A68133F3D4D51BFD9F6153F1F7A4FBFC7
:10EA0800C07F183F029F4DBFC6021B3FF8BB4BBFDC
:10EA1800D17F1D3F12D149BFCBF61F3F65DE47BFEF
:10EA28009967223F03E445BF25D2243F00E243BF54
:10EA38005636273F70D841BF1594293F67C73FBF57
:10EA48004AEB2B3FF9AE3DBFDE3B2E3F3B8F3BBF32
:10EA5800BB85303F426839BFC9C8323F233A37BF08
:10EA6800F304353FF30435BF233A373FC9C832BFF3
:10EA78004268393FBB8530BF3B8F3B3FDE3B2EBFF3
:10EA8800F9AE3D3F4AEB2BBF67C73F3F159429BFFF
:10EA980070D8413F563627BF00E2433F25D224BFF6
:10EAA80003E4453F996722BF65DE473FCBF61FBFAA
:10EAB80012D1493FD17F1DBFF8BB4B3FC6021BBFD8
:10EAC800029F4D3FC07F18BF1F7A4F3FD9F615BF31
:10EAD8003D4D513F2A6813BF4918533FCDD310BF4E
:10EAE80031DB543FDA390EBFE595563F6B9A0BBFC1
:10EAF8005348583F9BF508BF6AF2593F824B06BFFF
:10EB08001A945B3F3D9C03BF532D5D3FE4E700BF74
:10EB180005BE5E3F275DFCBE2146603FCBE0F6BEEA
:10EB280098C5613FEA5AF1BE5A3C633FBBCBEBBE86
:10EB380059AA643F7533E6BE880F663F4F92E0BE20
:10EB4800D86B673F80E8DABE3CBF683F4136D5BE28
:10EB5800A7096A3FCA7BCFBE0C4B6B3F53B9C9BEEE
:10EB68005E836C3F15EFC3BE93B26D3F4A1DBEBEB8
:10EB78009ED86E3F2A44B8BE73F56F3FEF63B2BEAE
:10EB88000809713FD47CACBE5213723F128FA6BEE7
:10EB98004714733FE59AA0BEDD0B743F86A09ABE6A
:10EBA8000BFA743F31A094BEC6DE753F229A8EBE22
:10EBB80007BA763F938E88BEC58B773FC07D82BEED
:10EBC800F853783FCCCF78BE9812793F7F9A6CBEC5
:10EBD8009DC7793F135C60BE02737A3F011554BE2E
:10EBE800BE147B3FC2C547BECDAC7B3FCF6E3BBE9C
:10EBF800283B7C3FA2102FBEC9BF7C3FB6AB22BECC
:10EC0800AC3A7D3F834016BECCAB7D3F86CF09BE74
:10EC180024137E3F73B2FABDB0707E3F2EBCE1BDB7
:10EC28006DC47E3F36BDC8BD580E7F3F80B6AFBDB0
:10EC38006D4E7F3F05A996BDAB847F3F742B7BBD8E
:10EC48000FB17F3F2FFB48BD98D37F3F2CC316BD24
:10EC580043EC7F3FB00AC9BC11FB7F3F900E49BC13
:10EC68000000803F00000000C4FE7F3F890FC93BC1
:10EC780011FB7F3F900E493CE6F47F3FB6C9963CB6
:10EC880043EC7F3FB00AC93C29E17F3FB949FB3CCF
:10EC980098D37F3F2CC3163D8FC37F3F07E02F3D9E
:10ECA8000FB17F3F2FFB483D189C7F3F6814623DA2
:10ECB800AB847F3F742B7B3DC76A7F3F0A208A3D28
:10ECC8006D4E7F3F05A9963D9D2F7F3F8C30A33D1C
:10ECD800580E7F3F80B6AF3D9DEA7E3FC33ABC3DAC
:10ECE8006DC47E3F36BDC83DC99B7E3FB93DD53D0D
:10ECF800B0707E3F2EBCE13D23437E3F7638EE3D2B
:10ED080024137E3F73B2FA3DB1E07D3F0295033E86
:10ED1800CCAB7D3F86CF093E74747D3FB708103E6B
:10ED2800AC3A7D3F8340163E73FE7C3FDE761C3E48
:10ED3800C9BF7C3FB6AB223EB07E7C3FFCDE283E9E
:10ED4800283B7C3FA2102F3E31F57B3F9840353E53
:10ED5800CDAC7B3FCF6E3B3EFC617B3F379B413E5A
:10ED6800BE147B3FC2C5473E16C57A3F60EE4D3E96
:10ED780002737A3F0115543E841E7A3F97395A3EF2
:10ED88009DC7793F135C603E4E6E793F667C663E58
:10ED98009812793F7F9A6C3E7BB4783F51B6723EA9
:10EDA800F853783FCCCF783E10F1773FE1E67E3ECE
:10EDB800C58B773FC07D823E1724773FCE86853E40
:10EDC80007BA763F938E883E974D763F07958B3EE0
:10EDD800C6DE753F229A8E3E976D753FDD9D913E4A
:10EDE8000BFA743F31A0943E2284743F17A1973EDA
:10EDF800DD0B743F86A09A3E3F91733F789E9D3EFF
:10EE08004714733FE59AA03EF894723FC595A33E18
:10EE18005213723F128FA63E578F713FC486A93E88
:10EE28000809713FD47CAC3E6680703F3A71AF3EB2
:10EE380073F56F3FEF63B23E30686F3FEC54B53EF9
:10EE48009ED86E3F2A44B83EBE466E3FA031BB3EB8
:10EE580093B26D3F4A1DBE3E1D1C6D3F1E07C13E4D
:10EE68005E836C3F15EFC33E58E86B3F29D5C63E1D
:10EE78000C4B6B3F53B9C93E7BAB6A3F8B9BCC3E77
:10EE8800A7096A3FCA7BCF3E9165693F095AD23EBE
:10EE98003CBF683F4136D53EA816683F6B10D83E48
:10EEA800D86B673F80E8DA3ECCBE663F79BEDD3E70
:10EEB800880F663F4F92E03E0B5E653FFA63E33E84
:10EEC80059AA643F7533E63E73F4633FB700E93EE1
:10EED8005A3C633FBBCBEB3E1082623F7994EE3ED7
:10EEE80098C5613FEA5AF13EF206613F071FF43EBA
:10EEF8002146603FCBE0F63E27835F3F2DA0F93ED9
:10EF080005BE5E3F275DFC3EBEF65D3FB217FF3E85
:10EF1800532D5D3FE4E7003FC7615C3FB142023FCC
:10EF28001A945B3F3D9C033F50C45A3F84F4043F0E
:10EF38006AF2593F824B063F6A1E593F36A1073F86
:10EF48005348583F9BF5083F2670573FAD480A3F46
:10EF5800E595563F6B9A0B3F93B9553FD0EA0C3F66
:10EF680031DB543FDA390E3FC3FA533F84870F3FF2
:10EF78004918533FCDD3103FC633523FB01E123FFE
:10EF88003D4D513F2A68133FAF64503F39B0143F9D
:10EF98001F7A4F3FD9F6153F908D4E3F073C173FDC
:10EFA800029F4D3FC07F183F79AE4C3F00C2193FCA
:10EFB800F8BB4B3FC6021B3F7FC74A3F0C421C3F72
:10EFC80012D1493FD17F1D3FB3D8483F12BC1E3FE5
:10EFD80065DE473FCBF61F3F2AE2463FF92F213F28
:10EFE80003E4453F9967223FF5E3443FA99D233F4A
:10EFF80000E2433F25D2243F29DE423F0A05263F4F
:10F0080070D8413F5636273FDAD0403F0566283F43
:10F0180067C73F3F1594293F1BBC3E3F82C02A3F2C
:10F02800F9AE3D3F4AEB2B3F03A03C3F69142D3F0F
:10F038003B8F3B3FDE3B2E3FA47C3A3FA5612F3FF1
:10F048004268393FBB85303F1652383F1DA8313FD3
:10F05800233A373FC9C8323F6C20363FBCE7333FBD
:10F06800F304353FF304353FBCE7333F6C20363FAC
:10F07800C9C8323F233A373F1DA8313F1652383F9F
:10F08800BB85303F4268393FA5612F3FA47C3A3F9A
:10F09800DE3B2E3F3B8F3B3F69142D3F03A03C3F97
:10F0A8004AEB2B3FF9AE3D3F82C02A3F1BBC3E3F97
:10F0B8001594293F67C73F3F0566283FDAD0403F90
:10F0C8005636273F70D8413F0A05263F29DE423F82
:10F0D80025D2243F00E2433FA99D233FF5E3443F67
:10F0E8009967223F03E4453FF92F213F2AE2463F33
:10F0F800CBF61F3F65DE473F12BC1E3FB3D8483FE3
:10F10800D17F1D3F12D1493F0C421C3F7FC74A3F68
:10F11800C6021B3FF8BB4B3F00C2193F79AE4C3FBC
:10F12800C07F183F029F4D3F073C173F908D4E3FD1
:10F13800D9F6153F1F7A4F3F39B0143FAF64503F9F
:10F148002A68133F3D4D513FB01E123FC633523F10
:10F15800CDD3103F4918533F84870F3FC3FA533F1D
:10F16800DA390E3F31DB543FD0EA0C3F93B9553FB3
:10F178006B9A0B3FE595563FAD480A3F2670573FBF
:10F188009BF5083F5348583F36A1073F6A1E593F31
:10F19800824B063F6AF2593F84F4043F50C45A3FF9
:10F1A8003D9C033F1A945B3FB142023FC7615C3FFD
:10F1B800E4E7003F532D5D3FB217FF3EBEF65D3FCB
:10F1C800275DFC3E05BE5E3F2DA0F93E27835F3FCD
:10F1D800CBE0F63E2146603F071FF43EF206613F52
:10F1E800EA5AF13E98C5613F7994EE3E1082623F3B
:10F1F800BBCBEB3E5A3C633FB700E93E73F4633F39
:10F208007533E63E59AA643FFA63E33E0B5E653FF9
:10F218004F92E03E880F663F79BEDD3ECCBE663F2A
:10F2280080E8DA3ED86B673F6B10D83EA816683F77
:10F238004136D53E3CBF683F095AD23E9165693F89
:10F24800CA7BCF3EA7096A3F8B9BCC3E7BAB6A3F0C
:10F2580053B9C93E0C4B6B3F29D5C63E58E86B3FA6
:10F2680015EFC33E5E836C3F1E07C13E1D1C6D3FFC
:10F278004A1DBE3E93B26D3FA031BB3EBE466E3FB7
:10F288002A44B83E9ED86E3FEC54B53E30686F3F76
:10F29800EF63B23E73F56F3F3A71AF3E6680703FE1
:10F2A800D47CAC3E0809713FC486A93E578F713F94
:10F2B800128FA63E5213723FC595A33EF894723F33
:10F2C800E59AA03E4714733F789E9D3E3F91733F59
:10F2D80086A09A3EDD0B743F17A1973E2284743FA7
:10F2E80031A0943E0BFA743FDD9D913E976D753FBA
:10F2F800229A8E3EC6DE753F07958B3E974D763F28
:10F30800938E883E07BA763FCE86853E1724773F90
:10F31800C07D823EC58B773FE1E67E3E10F1773FA8
:10F32800CCCF783EF853783F51B6723E7BB4783FE5
:10F338007F9A6C3E9812793F667C663E4E6E793FA6
:10F34800135C603E9DC7793F97395A3E841E7A3FC9
:10F358000115543E02737A3F60EE4D3E16C57A3F62
:10F36800C2C5473EBE147B3F379B413EFC617B3F95
:10F37800CF6E3B3ECDAC7B3F9840353E31F57B3F71
:10F38800A2102F3E283B7C3FFCDE283EB07E7C3F0F
:10F39800B6AB223EC9BF7C3FDE761C3E73FE7C3F87
:10F3A8008340163EAC3A7D3FB708103E74747D3FEB
:10F3B80086CF093ECCAB7D3F0295033EB1E07D3F51
:10F3C80073B2FA3D24137E3F7638EE3D23437E3FE9
:10F3D8002EBCE13DB0707E3FB93DD53DC99B7E3F17
:10F3E80036BDC83D6DC47E3FC33ABC3D9DEA7E3FF5
:10F3F80080B6AF3D580E7F3F8C30A33D9D2F7F3F99
:10F4080005A9963D6D4E7F3F0A208A3DC76A7F3F1A
:10F41800742B7B3DAB847F3F6814623D189C7F3F13
:10F428002FFB483D0FB17F3F07E02F3D8FC37F3F44
:10F438002CC3163D98D37F3FB949FB3C29E17F3F58
:10F44800B00AC93C43EC7F3FB6C9963CE6F47F3F1F
:10F45800900E493C11FB7F3F890FC93BC4FE7F3F9B
:10F46800000000000000803F890FC9BBC4FE7F3F39
:10F47800900E49BC11FB7F3FB6C996BCE6F47F3FAE
:10F48800B00AC9BC43EC7F3FB949FBBC29E17F3FC7
:10F498002CC316BD98D37F3F07E02FBD8FC37F3F96
:10F4A8002FFB48BD0FB17F3F681462BD189C7F3F9A
:10F4B800742B7BBDAB847F3F0A208ABDC76A7F3F20
:10F4C80005A996BD6D4E7F3F8C30A3BD9D2F7F3F14
:10F4D80080B6AFBD580E7F3FC33ABCBD9DEA7E3FA4
:10F4E80036BDC8BD6DC47E3FB93DD5BDC99B7E3F05
:10F4F8002EBCE1BDB0707E3F7638EEBD23437E3F23
:10F5080073B2FABD24137E3F029503BEB1E07D3F7E
:10F5180086CF09BECCAB7D3FB70810BE74747D3F63
:10F52800834016BEAC3A7D3FDE761CBE73FE7C3F40
:10F53800B6AB22BEC9BF7C3FFCDE28BEB07E7C3F96
:10F54800A2102FBE283B7C3F984035BE31F57B3F4B
:10F55800CF6E3BBECDAC7B3F379B41BEFC617B3F52
:10F56800C2C547BEBE147B3F60EE4DBE16C57A3F8E
:10F57800011554BE02737A3F97395ABE841E7A3FEA
:10F58800135C60BE9DC7793F667C66BE4E6E793F50
:10F598007F9A6CBE9812793F51B672BE7BB4783FA1
:10F5A800CCCF78BEF853783FE1E67EBE10F1773FC6
:10F5B800C07D82BEC58B773FCE8685BE1724773F38
:10F5C800938E88BE07BA763F07958BBE974D763FD8
:10F5D800229A8EBEC6DE753FDD9D91BE976D753F42
:10F5E80031A094BE0BFA743F17A197BE2284743FD2
:10F5F80086A09ABEDD0B743F789E9DBE3F91733FF7
:10F60800E59AA0BE4714733FC595A3BEF894723F10
:10F61800128FA6BE5213723FC486A9BE578F713F80
:10F62800D47CACBE0809713F3A71AFBE6680703FAA
:10F63800EF63B2BE73F56F3FEC54B5BE30686F3FF1
:10F648002A44B8BE9ED86E3FA031BBBEBE466E3FB0
:10F658004A1DBEBE93B26D3F1E07C1BE1D1C6D3F45
:10F6680015EFC3BE5E836C3F29D5C6BE58E86B3F15
:10F6780053B9C9BE0C4B6B3F8B9BCCBE7BAB6A3F6F
:10F68800CA7BCFBEA7096A3F095AD2BE9165693FB6
:10F698004136D5BE3CBF683F6B10D8BEA816683F40
:10F6A80080E8DABED86B673F79BEDDBECCBE663F68
:10F6B8004F92E0BE880F663FFA63E3BE0B5E653F7C
:10F6C8007533E6BE59AA643FB700E9BE73F4633FD9
:10F6D800BBCBEBBE5A3C633F7994EEBE1082623FCF
:10F6E800EA5AF1BE98C5613F071FF4BEF206613FB2
:10F6F800CBE0F6BE2146603F2DA0F9BE27835F3FD1
:10F70800275DFCBE05BE5E3FB217FFBEBEF65D3F7D
:10F71800E4E700BF532D5D3FB14202BFC7615C3FC4
:10F728003D9C03BF1A945B3F84F404BF50C45A3F06
:10F73800824B06BF6AF2593F36A107BF6A1E593F7E
:10F748009BF508BF5348583FAD480ABF2670573F3E
:10F758006B9A0BBFE595563FD0EA0CBF93B9553F5E
:10F76800DA390EBF31DB543F84870FBFC3FA533FEA
:10F77800CDD310BF4918533FB01E12BFC633523FF6
:10F788002A6813BF3D4D513F39B014BFAF64503F95
:10F79800D9F615BF1F7A4F3F073C17BF908D4E3FD4
:10F7A800C07F18BF029F4D3F00C219BF79AE4C3FC2
:10F7B800C6021BBFF8BB4B3F0C421CBF7FC74A3F6A
:10F7C800D17F1DBF12D1493F12BC1EBFB3D8483FDD
:10F7D800CBF61FBF65DE473FF92F21BF2AE2463F20
:10F7E800996722BF03E4453FA99D23BFF5E3443F42
:10F7F80025D224BF00E2433F0A0526BF29DE423F47
:10F80800563627BF70D8413F056628BFDAD0403F3B
:10F81800159429BF67C73F3F82C02ABF1BBC3E3F24
:10F828004AEB2BBFF9AE3D3F69142DBF03A03C3F07
:10F83800DE3B2EBF3B8F3B3FA5612FBFA47C3A3FE9
:10F84800BB8530BF4268393F1DA831BF1652383FCB
:10F85800C9C832BF233A373FBCE733BF6C20363FB5
:10F86800F30435BFF304353F6C2036BFBCE7333FA4
:10F87800233A37BFC9C8323F165238BF1DA8313F97
:10F88800426839BFBB85303FA47C3ABFA5612F3F92
:10F898003B8F3BBFDE3B2E3F03A03CBF69142D3F8F
:10F8A800F9AE3DBF4AEB2B3F1BBC3EBF82C02A3F8F
:10F8B80067C73FBF1594293FDAD040BF0566283F88
:10F8C80070D841BF5636273F29DE42BF0A05263F7A
:10F8D80000E243BF25D2243FF5E344BFA99D233F5F
:10F8E80003E445BF9967223F2AE246BFF92F213F2B
:10F8F80065DE47BFCBF61F3FB3D848BF12BC1E3FDB
:10F9080012D149BFD17F1D3F7FC74ABF0C421C3F60
:10F91800F8BB4BBFC6021B3F79AE4CBF00C2193FB4
:10F92800029F4DBFC07F183F908D4EBF073C173FC9
:10F938001F7A4FBFD9F6153FAF6450BF39B0143F97
:10F948003D4D51BF2A68133FC63352BFB01E123F08
:10F95800491853BFCDD3103FC3FA53BF84870F3F15
:10F9680031DB54BFDA390E3F93B955BFD0EA0C3FAB
:10F97800E59556BF6B9A0B3F267057BFAD480A3FB7
:10F98800534858BF9BF5083F6A1E59BF36A1073F29
:10F998006AF259BF824B063F50C45ABF84F4043FF1
:10F9A8001A945BBF3D9C033FC7615CBFB142023FF5
:10F9B800532D5DBFE4E7003FBEF65DBFB217FF3EC3
:10F9C80005BE5EBF275DFC3E27835FBF2DA0F93EC5
:10F9D800214660BFCBE0F63EF20661BF071FF43E4A
:10F9E80098C561BFEA5AF13E108262BF7994EE3E33
:10F9F8005A3C63BFBBCBEB3E73F463BFB700E93E31
:10FA080059AA64BF7533E63E0B5E65BFFA63E33EF1
:10FA1800880F66BF4F92E03ECCBE66BF79BEDD3E22
:10FA2800D86B67BF80E8DA3EA81668BF6B10D83E6F
:10FA38003CBF68BF4136D53E916569BF095AD23E81
:10FA4800A7096ABFCA7BCF3E7BAB6ABF8B9BCC3E04
:10FA58000C4B6BBF53B9C93E58E86BBF29D5C63E9E
:10FA68005E836CBF15EFC33E1D1C6DBF1E07C13EF4
:10FA780093B26DBF4A1DBE3EBE466EBFA031BB3EAF
:10FA88009ED86EBF2A44B83E30686FBFEC54B53E6E
:10FA980073F56FBFEF63B23E668070BF3A71AF3ED9
:10FAA800080971BFD47CAC3E578F71BFC486A93E8C
:10FAB800521372BF128FA63EF89472BFC595A33E2B
:10FAC800471473BFE59AA03E3F9173BF789E9D3E51
:10FAD800DD0B74BF86A09A3E228474BF17A1973E9F
:10FAE8000BFA74BF31A0943E976D75BFDD9D913EB2
:10FAF800C6DE75BF229A8E3E974D76BF07958B3E20
:10FB080007BA76BF938E883E172477BFCE86853E88
:10FB1800C58B77BFC07D823E10F177BFE1E67E3EA0
:10FB2800F85378BFCCCF783E7BB478BF51B6723EDD
:10FB3800981279BF7F9A6C3E4E6E79BF667C663E9E
:10FB48009DC779BF135C603E841E7ABF97395A3EC1
:10FB580002737ABF0115543E16C57ABF60EE4D3E5A
:10FB6800BE147BBFC2C5473EFC617BBF379B413E8D
:10FB7800CDAC7BBFCF6E3B3E31F57BBF9840353E69
:10FB8800283B7CBFA2102F3EB07E7CBFFCDE283E07
:10FB9800C9BF7CBFB6AB223E73FE7CBFDE761C3E7F
:10FBA800AC3A7DBF8340163E74747DBFB708103EE3
:10FBB800CCAB7DBF86CF093EB1E07DBF0295033E49
:10FBC80024137EBF73B2FA3D23437EBF7638EE3DE1
:10FBD800B0707EBF2EBCE13DC99B7EBFB93DD53D0F
:10FBE8006DC47EBF36BDC83D9DEA7EBFC33ABC3DED
:10FBF800580E7FBF80B6AF3D9D2F7FBF8C30A33D91
:10FC08006D4E7FBF05A9963DC76A7FBF0A208A3D12
:10FC1800AB847FBF742B7B3D189C7FBF6814623D0B
:10FC28000FB17FBF2FFB483D8FC37FBF07E02F3D3C
:10FC380098D37FBF2CC3163D29E17FBFB949FB3C50
:10FC480043EC7FBFB00AC93CE6F47FBFB6C9963C17
:10FC580011FB7FBF900E493CC4FE7FBF890FC93B93
:10FC6800000080BF00000000C4FE7FBF890FC9BB31
:10FC780011FB7FBF900E49BCE6F47FBFB6C996BCA6
:10FC880043EC7FBFB00AC9BC29E17FBFB949FBBCBF
:10FC980098D37FBF2CC316BD8FC37FBF07E02FBD8E
:10FCA8000FB17FBF2FFB48BD189C7FBF681462BD92
:10FCB800AB847FBF742B7BBDC76A7FBF0A208ABD18
:10FCC8006D4E7FBF05A996BD9D2F7FBF8C30A3BD0C
:10FCD800580E7FBF80B6AFBD9DEA7EBFC33ABCBD9C
:10FCE8006DC47EBF36BDC8BDC99B7EBFB93DD5BDFD
:10FCF800B0707EBF2EBCE1BD23437EBF7638EEBD1B
:10FD080024137EBF73B2FABDB1E07DBF029503BE76
:10FD1800CCAB7DBF86CF09BE74747DBFB70810BE5B
:10FD2800AC3A7DBF834016BE73FE7CBFDE761CBE38
:10FD3800C9BF7CBFB6AB22BEB07E7CBFFCDE28BE8E
:10FD4800283B7CBFA2102FBE31F57BBF984035BE43
:10FD5800CDAC7BBFCF6E3BBEFC617BBF379B41BE4A
:10FD6800BE147BBFC2C547BE16C57ABF60EE4DBE86
:10FD780002737ABF011554BE841E7ABF97395ABEE2
:10FD88009DC779BF135C60BE4E6E79BF667C66BE48
:10FD9800981279BF7F9A6CBE7BB478BF51B672BE99
:10FDA800F85378BFCCCF78BE10F177BFE1E67EBEBE
:10FDB800C58B77BFC07D82BE172477BFCE8685BE30
:10FDC80007BA76BF938E88BE974D76BF07958BBED0
:10FDD800C6DE75BF229A8EBE976D75BFDD9D91BE3A
:10FDE8000BFA74BF31A094BE228474BF17A197BECA
:10FDF800DD0B74BF86A09ABE3F9173BF789E9DBEEF
:10FE0800471473BFE59AA0BEF89472BFC595A3BE08
:10FE1800521372BF128FA6BE578F71BFC486A9BE78
:10FE2800080971BFD47CACBE668070BF3A71AFBEA2
:10FE380073F56FBFEF63B2BE30686FBFEC54B5BEE9
:10FE48009ED86EBF2A44B8BEBE466EBFA031BBBEA8
:10FE580093B26DBF4A1DBEBE1D1C6DBF1E07C1BE3D
:10FE68005E836CBF15EFC3BE58E86BBF29D5C6BE0D
:10FE78000C4B6BBF53B9C9BE7BAB6ABF8B9BCCBE67
:10FE8800A7096ABFCA7BCFBE916569BF095AD2BEAE
:10FE98003CBF68BF4136D5BEA81668BF6B10D8BE38
:10FEA800D86B67BF80E8DABECCBE66BF79BEDDBE60
:10FEB800880F66BF4F92E0BE0B5E65BFFA63E3BE74
:10FEC80059AA64BF7533E6BE73F463BFB700E9BED1
:10FED8005A3C63BFBBCBEBBE108262BF7994EEBEC7
:10FEE80098C561BFEA5AF1BEF20661BF071FF4BEAA
:10FEF800214660BFCBE0F6BE27835FBF2DA0F9BEC9
:10FF080005BE5EBF275DFCBEBEF65DBFB217FFBE75
:10FF1800532D5DBFE4E700BFC7615CBFB14202BFBC
:10FF28001A945BBF3D9C03BF50C45ABF84F404BFFE
:10FF38006AF259BF824B06BF6A1E59BF36A107BF76
:10FF4800534858BF9BF508BF267057BFAD480ABF36
:10FF5800E59556BF6B9A0BBF93B955BFD0EA0CBF56
:10FF680031DB54BFDA390EBFC3FA53BF84870FBFE2
:10FF7800491853BFCDD310BFC63352BFB01E12BFEE
:10FF88003D4D51BF2A6813BFAF6450BF39B014BF8D
:10FF98001F7A4FBFD9F615BF908D4EBF073C17BFCC
:10FFA800029F4DBFC07F18BF79AE4CBF00C219BFBA
:10FFB800F8BB4BBFC6021BBF7FC74ABF0C421CBF62
:10FFC80012D149BFD17F1DBFB3D848BF12BC1EBFD5
:10FFD80065DE47BFCBF61FBF2AE246BFF92F21BF18
:10FFE80003E445BF996722BFF5E344BFA99D23BF3A
:08FFF80000E243BF25D224BF43
:020000040801F1
:1000000029DE42BF0A0526BF70D841BF563627BF3A
:10001000DAD040BF056628BF67C73FBF159429BF28
:100020001BBC3EBF82C02ABFF9AE3DBF4AEB2BBF0F
:1000300003A03CBF69142DBF3B8F3BBFDE3B2EBFEF
:10004000A47C3ABFA5612FBF426839BFBB8530BFD2
:10005000165238BF1DA831BF233A37BFC9C832BFB7
:100060006C2036BFBCE733BFF30435BFF30435BFA4
:10007000BCE733BF6C2036BFC9C832BF233A37BF95
:100080001DA831BF165238BFBB8530BF426839BF8B
:10009000A5612FBFA47C3ABFDE3B2EBF3B8F3BBF89
:1000A00069142DBF03A03CBF4AEB2BBFF9AE3DBF87
:1000B00082C02ABF1BBC3EBF159429BF67C73FBF84
:1000C000056628BFDAD040BF563627BF70D841BF7B
:1000D0000A0526BF29DE42BF25D224BF00E243BF66
:1000E000A99D23BFF5E344BF996722BF03E445BF41
:1000F000F92F21BF2AE246BFCBF61FBF65DE47BFFF
:1001000012BC1EBFB3D848BFD17F1DBF12D149BF9B
:100110000C421CBF7FC74ABFC6021BBFF8BB4BBF08
:1001200000C219BF79AE4CBFC07F18BF029F4DBF40
:10013000073C17BF908D4EBFD9F615BF1F7A4FBF32
:1001400039B014BFAF6450BF2A6813BF3D4D51BFD3
:10015000B01E12BFC63352BFCDD310BF491853BF14
:1001600084870FBFC3FA53BFDA390EBF31DB54BFE8
:10017000D0EA0CBF93B955BF6B9A0BBFE59556BF3C
:10018000AD480ABF267057BF9BF508BF534858BFFC
:1001900036A107BF6A1E59BF824B06BF6AF259BF1C
:1001A00084F404BF50C45ABF3D9C03BF1A945BBF84
:1001B000B14202BFC7615CBFE4E700BF532D5DBF22
:1001C000B217FFBEBEF65DBF275DFCBE05BE5EBFBB
:1001D0002DA0F9BE27835FBFCBE0F6BE214660BFEE
:1001E000071FF4BEF20661BFEA5AF1BE98C561BFAF
:1001F0007994EEBE108262BFBBCBEBBE5A3C63BFAC
:10020000B700E9BE73F463BF7533E6BE59AA64BF95
:10021000FA63E3BE0B5E65BF4F92E0BE880F66BF18
:1002200079BEDDBECCBE66BF80E8DABED86B67BFE4
:100230006B10D8BEA81668BF4136D5BE3CBF68BF9C
:10024000095AD2BE916569BFCA7BCFBEA7096ABFF2
:100250008B9BCCBE7BAB6ABF53B9C9BE0C4B6BBF8B
:1002600029D5C6BE58E86BBF15EFC3BE5E836CBF11
:100270001E07C1BE1D1C6DBF4A1DBEBE93B26DBF21
:10028000A031BBBEBE466EBF2A44B8BE9ED86EBF6C
:10029000EC54B5BE30686FBFEF63B2BE73F56FBF8D
:1002A0003A71AFBE668070BFD47CACBE080971BF26
:1002B000C486A9BE578F71BF128FA6BE521372BFDC
:1002C000C595A3BEF89472BFE59AA0BE471473BF4C
:1002D000789E9DBE3F9173BF86A09ABEDD0B74BF12
:1002E00017A197BE228474BF31A094BE0BFA74BFCD
:1002F000DD9D91BE976D75BF229A8EBEC6DE75BF1D
:1003000007958BBE974D76BF938E88BE07BA76BF92
:10031000CE8685BE172477BFC07D82BEC58B77BFD2
:10032000E1E67EBE10F177BFCCCF78BEF85378BF40
:1003300051B672BE7BB478BF7F9A6CBE981279BFFB
:10034000667C66BE4E6E79BF135C60BE9DC779BF8A
:1003500097395ABE841E7ABF011554BE02737ABF04
:1003600060EE4DBE16C57ABFC2C547BEBE147BBF88
:10037000379B41BEFC617BBFCF6E3BBECDAC7BBF2C
:10038000984035BE31F57BBFA2102FBE283B7CBF05
:10039000FCDE28BEB07E7CBFB6AB22BEC9BF7CBF30
:1003A000DE761CBE73FE7CBF834016BEAC3A7DBFBA
:1003B000B70810BE74747DBF86CF09BECCAB7DBFBD
:1003C000029503BEB1E07DBF73B2FABD24137EBFB8
:1003D0007638EEBD23437EBF2EBCE1BDB0707EBF3C
:1003E000B93DD5BDC99B7EBF36BDC8BD6DC47EBFFE
:1003F000C33ABCBD9DEA7EBF80B6AFBD580E7FBF7D
:100400008C30A3BD9D2F7FBF05A996BD6D4E7FBFCC
:100410000A208ABDC76A7FBF742B7BBDAB847FBFB8
:10042000681462BD189C7FBF2FFB48BD0FB17FBF12
:1004300007E02FBD8FC37FBF2CC316BD98D37FBFEE
:10044000B949FBBC29E17FBFB00AC9BC43EC7FBFFF
:10045000B6C996BCE6F47FBF900E49BC11FB7FBFC6
:10046000890FC9BBC4FE7FBF00000080000080BFB1
:10047000890FC93BC4FE7FBF900E493C11FB7FBF73
:10048000B6C9963CE6F47FBFB00AC93C43EC7FBFD7
:10049000B949FB3C29E17FBF2CC3163D98D37FBFF0
:1004A00007E02F3D8FC37FBF2FFB483D0FB17FBFBC
:1004B0006814623D189C7FBF742B7B3DAB847FBF6B
:1004C0000A208A3DC76A7FBF05A9963D6D4E7FBF52
:1004D0008C30A33D9D2F7FBF80B6AF3D580E7FBFB0
:1004E000C33ABC3D9DEA7EBF36BDC83D6DC47EBFEC
:1004F000B93DD53DC99B7EBF2EBCE13DB0707EBFEE
:100500007638EE3D23437EBF73B2FA3D24137EBF9F
:100510000295033EB1E07DBF86CF093ECCAB7DBFE7
:10052000B708103E74747DBF8340163EAC3A7DBF61
:10053000DE761C3E73FE7CBFB6AB223EC9BF7CBFDD
:10054000FCDE283EB07E7CBFA2102F3E283B7CBF45
:100550009840353E31F57BBFCF6E3B3ECDAC7BBF87
:10056000379B413EFC617BBFC2C5473EBE147BBF8B
:1005700060EE4D3E16C57ABF0115543E02737ABF38
:1005800097395A3E841E7ABF135C603E9DC779BF7F
:10059000667C663E4E6E79BF7F9A6C3E981279BF3C
:1005A00051B6723E7BB478BFCCCF783EF85378BF5B
:1005B000E1E67E3E10F177BFC07D823EC58B77BFFE
:1005C000CE86853E172477BF938E883E07BA76BFC6
:1005D00007958B3E974D76BF229A8E3EC6DE75BF3D
:1005E000DD9D913E976D75BF31A0943E0BFA74BFAF
:1005F00017A1973E228474BF86A09A3EDD0B74BF7C
:10060000789E9D3E3F9173BFE59AA03E471473BF0D
:10061000C595A33EF89472BF128FA63E521372BFC7
:10062000C486A93E578F71BFD47CAC3E080971BF08
:100630003A71AF3E668070BFEF63B23E73F56FBF35
:10064000EC54B53E30686FBF2A44B83E9ED86EBFAA
:10065000A031BB3EBE466EBF4A1DBE3E93B26DBFCB
:100660001E07C13E1D1C6DBF15EFC33E5E836CBFF0
:1006700029D5C63E58E86BBF53B9C93E0C4B6BBF7A
:100680008B9BCC3E7BAB6ABFCA7BCF3EA7096ABFC0
:10069000095AD23E916569BF4136D53E3CBF68BF1D
:1006A0006B10D83EA81668BF80E8DA3ED86B67BFEB
:1006B00079BEDD3ECCBE66BF4F92E03E880F66BF7E
:1006C000FA63E33E0B5E65BF7533E63E59AA64BF2D
:1006D000B700E93E73F463BFBBCBEB3E5A3C63BF4C
:1006E0007994EE3E108262BFEA5AF13E98C561BF2E
:1006F000071FF43EF20661BFCBE0F63E214660BF25
:100700002DA0F93E27835FBF275DFC3E05BE5EBF7F
:10071000B217FF3EBEF65DBFE4E7003F532D5DBF5D
:10072000B142023FC7615CBF3D9C033F1A945BBF6F
:1007300084F4043F50C45ABF824B063F6AF259BF4B
:1007400036A1073F6A1E59BF9BF5083F534858BF63
:10075000AD480A3F267057BF6B9A0B3FE59556BFD1
:10076000D0EA0C3F93B955BFDA390E3F31DB54BFA5
:1007700084870F3FC3FA53BFCDD3103F491853BFEF
:10078000B01E123FC63352BF2A68133F3D4D51BFC2
:1007900039B0143FAF6450BFD9F6153F1F7A4FBF31
:1007A000073C173F908D4EBFC07F183F029F4DBF43
:1007B00000C2193F79AE4CBFC6021B3FF8BB4BBF0E
:1007C0000C421C3F7FC74ABFD17F1D3F12D149BF9A
:1007D00012BC1E3FB3D848BFCBF61F3F65DE47BFF4
:1007E000F92F213F2AE246BF9967223F03E445BF24
:1007F000A99D233FF5E344BF25D2243F00E243BF38
:100800000A05263F29DE42BF5636273F70D841BF32
:100810000566283FDAD040BF1594293F67C73FBF20
:1008200082C02A3F1BBC3EBF4AEB2B3FF9AE3DBF07
:1008300069142D3F03A03CBFDE3B2E3F3B8F3BBFE7
:10084000A5612F3FA47C3ABFBB85303F426839BFCA
:100850001DA8313F165238BFC9C8323F233A37BFAF
:10086000BCE7333F6C2036BFF304353FF30435BF9C
:100870006C20363FBCE733BF233A373FC9C832BF8D
:100880001652383F1DA831BF4268393FBB8530BF83
:10089000A47C3A3FA5612FBF3B8F3B3FDE3B2EBF81
:1008A00003A03C3F69142DBFF9AE3D3F4AEB2BBF7F
:1008B0001BBC3E3F82C02ABF67C73F3F159429BF7C
:1008C000DAD0403F056628BF70D8413F563627BF73
:1008D00029DE423F0A0526BF00E2433F25D224BF5E
:1008E000F5E3443FA99D23BF03E4453F996722BF39
:1008F0002AE2463FF92F21BF65DE473FCBF61FBFF7
:10090000B3D8483F12BC1EBF12D1493FD17F1DBF93
:100910007FC74A3F0C421CBFF8BB4B3FC6021BBF00
:1009200079AE4C3F00C219BF029F4D3FC07F18BF38
:10093000908D4E3F073C17BF1F7A4F3FD9F615BF2A
:10094000AF64503F39B014BF3D4D513F2A6813BFCB
:10095000C633523FB01E12BF4918533FCDD310BF0C
:10096000C3FA533F84870FBF31DB543FDA390EBFE0
:1009700093B9553FD0EA0CBFE595563F6B9A0BBF34
:100980002670573FAD480ABF5348583F9BF508BFF4
:100990006A1E593F36A107BF6AF2593F824B06BF14
:1009A00050C45A3F84F404BF1A945B3F3D9C03BF7C
:1009B000C7615C3FB14202BF532D5D3FE4E700BF1A
:1009C000BEF65D3FB217FFBE05BE5E3F275DFCBEB3
:1009D00027835F3F2DA0F9BE2146603FCBE0F6BEE6
:1009E000F206613F071FF4BE98C5613FEA5AF1BEA7
:1009F0001082623F7994EEBE5A3C633FBBCBEBBEA4
:100A000073F4633FB700E9BE59AA643F7533E6BE8D
:100A10000B5E653FFA63E3BE880F663F4F92E0BE10
:100A2000CCBE663F79BEDDBED86B673F80E8DABEDC
:100A3000A816683F6B10D8BE3CBF683F4136D5BE94
:100A40009165693F095AD2BEA7096A3FCA7BCFBEEA
:100A50007BAB6A3F8B9BCCBE0C4B6B3F53B9C9BE83
:100A600058E86B3F29D5C6BE5E836C3F15EFC3BE09
:100A70001D1C6D3F1E07C1BE93B26D3F4A1DBEBE19
:100A8000BE466E3FA031BBBE9ED86E3F2A44B8BE64
:100A900030686F3FEC54B5BE73F56F3FEF63B2BE85
:100AA0006680703F3A71AFBE0809713FD47CACBE1E
:100AB000578F713FC486A9BE5213723F128FA6BED4
:100AC000F894723FC595A3BE4714733FE59AA0BE44
:100AD0003F91733F789E9DBEDD0B743F86A09ABE0A
:100AE0002284743F17A197BE0BFA743F31A094BEC5
:100AF000976D753FDD9D91BEC6DE753F229A8EBE15
:100B0000974D763F07958BBE07BA763F938E88BE8A
:100B10001724773FCE8685BEC58B773FC07D82BECA
:100B200010F1773FE1E67EBEF853783FCCCF78BE38
:100B30007BB4783F51B672BE9812793F7F9A6CBEF3
:100B40004E6E793F667C66BE9DC7793F135C60BE82
:100B5000841E7A3F97395ABE02737A3F011554BEFC
:100B600016C57A3F60EE4DBEBE147B3FC2C547BE80
:100B7000FC617B3F379B41BECDAC7B3FCF6E3BBE24
:100B800031F57B3F984035BE283B7C3FA2102FBEFD
:100B9000B07E7C3FFCDE28BEC9BF7C3FB6AB22BE28
:100BA00073FE7C3FDE761CBEAC3A7D3F834016BEB2
:100BB00074747D3FB70810BECCAB7D3F86CF09BEB5
:100BC000B1E07D3F029503BE24137E3F73B2FABDB0
:100BD00023437E3F7638EEBDB0707E3F2EBCE1BD34
:100BE000C99B7E3FB93DD5BD6DC47E3F36BDC8BDF6
:100BF0009DEA7E3FC33ABCBD580E7F3F80B6AFBD75
:100C00009D2F7F3F8C30A3BD6D4E7F3F05A996BDC4
:100C1000C76A7F3F0A208ABDAB847F3F742B7BBDB0
:100C2000189C7F3F681462BD0FB17F3F2FFB48BD0A
:100C30008FC37F3F07E02FBD98D37F3F2CC316BDE6
:100C400029E17F3FB949FBBC43EC7F3FB00AC9BCF7
:100C5000E6F47F3FB6C996BC11FB7F3F900E49BCBE
:100C6000C4FE7F3F890FC9BB0000803F0000000029
:100C7000B1FF7F3FC70F493BC4FE7F3F890FC93B90
:100C800039FD7F3F59CB163C11FB7F3F900E493C0D
:100C90004AF87F3F4B517B3CE6F47F3FB6C9963C18
:100CA000E3F07F3F69EAAF3C43EC7F3FB00AC93CC9
:100CB00005E77F3F7B2AE23C29E17F3FB949FB3CC6
:100CC000AFDA7F3F2F340A3D98D37F3F2CC3163DC8
:100CD000E2CB7F3FCC51233D8FC37F3F07E02F3DC9
:100CE0009EBA7F3FD56D3C3D0FB17F3F2FFB483D06
:100CF000E3A67F3F0E88553D189C7F3F6814623DF8
:100D0000B1907F3F38A06E3DAB847F3F742B7B3D1D
:100D100008787F3F0ADB833DC76A7F3F0A208A3D10
:100D2000E95C7F3FB464903D6D4E7F3F05A9963DE1
:100D3000543F7F3FF9EC9C3D9D2F7F3F8C30A33D7E
:100D4000491F7F3FBA73A93D580E7F3F80B6AF3D24
:100D5000C9FC7E3FDAF8B53D9DEA7E3FC33ABC3D13
:100D6000D4D77E3F397CC23D6DC47E3F36BDC83D81
:100D700069B07E3FB7FDCE3DC99B7E3FB93DD53DB5
:100D80008B867E3F377DDB3DB0707E3F2EBCE13DE4
:100D9000385A7E3F9AFAE73D23437E3F7638EE3D50
:100DA000722B7E3FC075F43D24137E3F73B2FA3D33
:100DB00038FA7D3F4577003EB1E07D3F0295033E26
:100DC0008CC67D3F6EB2063ECCAB7D3F86CF093EE2
:100DD0006E907D3F4AEC0C3E74747D3FB708103E28
:100DE000DE577D3FCA24133EAC3A7D3F8340163E1A
:100DF000DD1C7D3FE05B193E73FE7C3FDE761C3ED2
:100E00006CDF7C3F7B911F3EC9BF7C3FB6AB223E6F
:100E10008A9F7C3F8CC5253EB07E7C3FFCDE283E11
:100E20003A5D7C3F04F82B3E283B7C3FA2102F3ECE
:100E30007A187C3FD428323E31F57B3F9840353ECE
:100E40004DD17B3FEC57383ECDAC7B3FCF6E3B3E28
:100E5000B2877B3F3E853E3EFC617B3F379B413EF8
:100E6000AB3B7B3FB9B0443EBE147B3FC2C5473E5F
:100E700037ED7A3F4FDA4A3E16C57A3F60EE4D3E77
:100E8000599C7A3FF101513E02737A3F0115543E5D
:100E900010497A3F8F27573E841E7A3F97395A3E32
:100EA0005EF3793F1A4B5D3E9DC7793F135C603E10
:100EB000439B793F836C633E4E6E793F667C663E12
:100EC000C040793FBA8B693E9812793F7F9A6C3E59
:100ED000D6E3783FB2A86F3E7BB4783F51B6723EFE
:100EE0008684783F5AC3753EF853783FCCCF783E1E
:100EF000D122783FA4DB7B3E10F1773FE1E67E3ED6
:100F0000B7BE773FC0F8803EC58B773FC07D823E3D
:100F10003A58773F7002843E1724773FCE86853E4D
:100F20005BEF763FDA0A873E07BA763F938E883EBC
:100F30001B84763FF8118A3E974D763F07958B3E8E
:100F40007A16763FC0178D3EC6DE753F229A8E3EDA
:100F50007BA6753F2C1C903E976D753FDD9D913EA5
:100F60001D34753F351F933E0BFA743F31A0943EFC
:100F700062BF743FD220963E2284743F17A1973EF1
:100F80004B48743FFE20993EDD0B743F86A09A3E8D
:100F9000D9CE733FAF1F9C3E3F91733F789E9D3EDD
:100FA0000E53733FDF1C9F3E4714733FE59AA03EEC
:100FB000EBD4723F8718A23EF894723FC595A33ECA
:100FC0007054723F9F12A53E5213723F128FA63E7D
:100FD0009FD1713F1F0BA83E578F713FC486A93E1A
:100FE0007A4C713F0102AB3E0809713FD47CAC3EA4
:100FF00002C5703F3CF7AD3E6680703F3A71AF3E30
:10100000373B703FCBEAB03E73F56F3FEF63B23EC4
:101010001BAF6F3FA5DCB33E30686F3FEC54B53E6D
:10102000B0206F3FC3CCB63E9ED86E3F2A44B83E38
:10103000F88F6E3F1EBBB93EBE466E3FA031BB3E31
:10104000F2FC6D3FAFA7BC3E93B26D3F4A1DBE3E62
:10105000A1676D3F6F92BF3E1D1C6D3F1E07C13ED5
:1010600007D06C3F557BC23E5E836C3F15EFC33E9D
:1010700024366C3F5C62C53E58E86B3F29D5C63EBE
:10108000FB996B3F7C47C83E0C4B6B3F53B9C93E45
:101090008CFB6A3FAE2ACB3E7BAB6A3F8B9BCC3E40
:1010A000D95A6A3FEA0BCE3EA7096A3FCA7BCF3EB8
:1010B000E4B7693F2AEBD03E9165693F095AD23EB9
:1010C000AE12693F67C8D33E3CBF683F4136D53E4C
:1010D000396B683F99A3D63EA816683F6B10D83E7F
:1010E00087C1673FB97CD93ED86B673F80E8DA3E5D
:1010F0009915673FC153DC3ECCBE663F79BEDD3EED
:101100007167663FA928DF3E880F663F4F92E03E39
:1011100010B7653F6AFBE13E0B5E653FFA63E33E55
:101120007904653FFECBE43E59AA643F7533E63E41
:10113000AC4F643F5D9AE73E73F4633FB700E93E0E
:10114000AC98633F8166EA3E5A3C633FBBCBEB3EC3
:101150007BDF623F6330ED3E1082623F7994EE3E6A
:101160001A24623FFBF7EF3E98C5613FEA5AF13E11
:101170008A66613F43BDF23EF206613F071FF43EBF
:10118000CFA6603F3580F53E2146603FCBE0F63E7E
:10119000E9E45F3FC840F83E27835F3F2DA0F93E5A
:1011A000DB205F3FF7FEFA3E05BE5E3F275DFC3E5B
:1011B000A65A5E3FBBBAFD3EBEF65D3FB217FF3E8C
:1011C0004D925D3F063A003F532D5D3FE4E7003FFF
:1011D000D1C75C3F7395013FC7615C3FB142023F9D
:1011E00034FB5B3F9FEF023F1A945B3F3D9C033F04
:1011F000792C5B3F8948043F50C45A3F84F4043F34
:10120000A05B5A3F2CA0053F6AF2593F824B063F34
:10121000AD88593F86F6063F6A1E593F36A1073F03
:10122000A1B3583F924B083F5348583F9BF5083FA6
:101230007FDC573F4E9F093F2670573FAD480A3F1E
:101240004803573FB7F10A3FE595563F6B9A0B3F6E
:10125000FE27563FC9420C3F93B9553FD0EA0C3F99
:10126000A44A553F81920D3F31DB543FDA390E3F9E
:101270003B6B543FDBE00E3FC3FA533F84870F3F85
:10128000C789533FD52D103F4918533FCDD3103F49
:1012900049A6523F6B79113FC633523FB01E123FF1
:1012A000C2C0513F9AC3123F3D4D513F2A68133F80
:1012B00037D9503F5F0C143FAF64503F39B0143FF3
:1012C000A8EF4F3FB753153F1F7A4F3FD9F6153F51
:1012D00017044F3F9F99163F908D4E3F073C173F95
:1012E00089164E3F12DE173F029F4D3FC07F183FC9
:1012F000FD264D3F0F21193F79AE4C3F00C2193FEB
:1013000078354C3F93621A3FF8BB4B3FC6021B3FF8
:10131000FA414B3F99A21B3F7FC74A3F0C421C3FFB
:10132000874C4A3F1FE11C3F12D1493FD17F1D3FEF
:101330002155493F221E1E3FB3D8483F12BC1E3FD5
:10134000CA5B483F9F591F3F65DE473FCBF61F3FB3
:101350008560473F9393203F2AE2463FF92F213F84
:101360005463463FFBCB213F03E4453F9967223F4F
:101370003964453FD302233FF5E3443FA99D233F12
:101380003763443F1A38243F00E2433F25D2243FCD
:101390005160433FCB6B253F29DE423F0A05263F84
:1013A000895B423FE39D263F70D8413F5636273F39
:1013B000E154413F61CE273FDAD0403F0566283FE8
:1013C0005C4C403F41FD283F67C73F3F1594293F94
:1013D000FC413F3F802A2A3F1BBC3E3F82C02A3F40
:1013E000C5353E3F1B562B3FF9AE3D3F4AEB2B3FE9
:1013F000B8273D3F0F802C3F03A03C3F69142D3F91
:10140000D9173C3F59A82D3F3B8F3B3FDE3B2E3F3A
:1014100029063B3FF7CE2E3FA47C3A3FA5612F3FE4
:10142000ACF2393FE6F32F3F4268393FBB85303F8E
:1014300065DD383F2217313F1652383F1DA8313F36
:1014400055C6373FAA38323F233A373FC9C8323FE3
:101450007FAD363F7A58333F6C20363FBCE7333F91
:10146000E792353F8F76343FF304353FF304353F41
:101470008F76343FE792353FBCE7333F6C20363FF1
:101480007A58333F7FAD363FC9C8323F233A373FA2
:10149000AA38323F55C6373F1DA8313F1652383F54
:1014A0002217313F65DD383FBB85303F4268393F09
:1014B000E6F32F3FACF2393FA5612F3FA47C3A3FC2
:1014C000F7CE2E3F29063B3FDE3B2E3F3B8F3B3F77
:1014D00059A82D3FD9173C3F69142D3F03A03C3F2D
:1014E0000F802C3FB8273D3F4AEB2B3FF9AE3D3FE5
:1014F0001B562B3FC5353E3F82C02A3F1BBC3E3F9B
:10150000802A2A3FFC413F3F1594293F67C73F3F50
:1015100041FD283F5C4C403F0566283FDAD0403F04
:1015200061CE273FE154413F5636273F70D8413FB7
:10153000E39D263F895B423F0A05263F29DE423F65
:10154000CB6B253F5160433F25D2243F00E2433F10
:101550001A38243F3763443FA99D233FF5E3443FB6
:10156000D302233F3964453F9967223F03E4453F57
:10157000FBCB213F5463463FF92F213F2AE2463FF0
:101580009393203F8560473FCBF61F3F65DE473F83
:101590009F591F3FCA5B483F12BC1E3FB3D8483F0C
:1015A000221E1E3F2155493FD17F1D3F12D1493F89
:1015B0001FE11C3F874C4A3F0C421C3F7FC74A3FFC
:1015C00099A21B3FFA414B3FC6021B3FF8BB4B3F62
:1015D00093621A3F78354C3F00C2193F79AE4C3FB9
:1015E0000F21193FFD264D3FC07F183F029F4D3F01
:1015F00012DE173F89164E3F073C173F908D4E3F36
:101600009F99163F17044F3FD9F6153F1F7A4F3F5A
:10161000B753153FA8EF4F3F39B0143FAF64503F69
:101620005F0C143F37D9503F2A68133F3D4D513F5F
:101630009AC3123FC2C0513FB01E123FC633523F41
:101640006B79113F49A6523FCDD3103F4918533F04
:10165000D52D103FC789533F84870F3FC3FA533FAF
:10166000DBE00E3F3B6B543FDA390E3F31DB543F3A
:1016700081920D3FA44A553FD0EA0C3F93B9553FA4
:10168000C9420C3FFE27563F6B9A0B3FE595563FEC
:10169000B7F10A3F4803573FAD480A3F2670573F0E
:1016A0004E9F093F7FDC573F9BF5083F5348583F0B
:1016B000924B083FA1B3583F36A1073F6A1E593FDE
:1016C00086F6063FAD88593F824B063F6AF2593F86
:1016D0002CA0053FA05B5A3F84F4043F50C45A3FFE
:1016E0008948043F792C5B3F3D9C033F1A945B3F44
:1016F0009FEF023F34FB5B3FB142023FC7615C3F5B
:101700007395013FD1C75C3FE4E7003F532D5D3F38
:10171000063A003F4D925D3FB217FF3EBEF65D3F79
:10172000BBBAFD3EA65A5E3F275DFC3E05BE5E3F4E
:10173000F7FEFA3EDB205F3F2DA0F93E27835F3F97
:10174000C840F83EE9E45F3FCBE0F63E2146603F0B
:101750003580F53ECFA6603F071FF43EF206613F9D
:1017600043BDF23E8A66613FEA5AF13E98C5613F49
:10177000FBF7EF3E1A24623F7994EE3E1082623FFF
:101780006330ED3E7BDF623FBBCBEB3E5A3C633FB9
:101790008166EA3EAC98633FB700E93E73F4633F6D
:1017A0005D9AE73EAC4F643F7533E63E59AA643F0D
:1017B000FECBE43E7904653FFA63E33E0B5E653F92
:1017C0006AFBE13E10B7653F4F92E03E880F663FEF
:1017D000A928DF3E7167663F79BEDD3ECCBE663F1D
:1017E000C153DC3E9915673F80E8DA3ED86B673F0E
:1017F000B97CD93E87C1673F6B10D83EA816683FB9
:1018000099A3D63E396B683F4136D53E3CBF683F11
:1018100067C8D33EAE12693F095AD23E9165693F0F
:101820002AEBD03EE4B7693FCA7BCF3EA7096A3FA7
:10183000EA0BCE3ED95A6A3F8B9BCC3E7BAB6A3FCC
:10184000AE2ACB3E8CFB6A3F53B9C93E0C4B6B3F73
:101850007C47C83EFB996B3F29D5C63E58E86B3F95
:101860005C62C53E24366C3F15EFC33E5E836C3F21
:10187000557BC23E07D06C3F1E07C13E1D1C6D3F0D
:101880006F92BF3EA1676D3F4A1DBE3E93B26D3F52
:10189000AFA7BC3EF2FC6D3FA031BB3EBE466E3FE3
:1018A0001EBBB93EF88F6E3F2A44B83E9ED86E3FAD
:1018B000C3CCB63EB0206F3FEC54B53E30686F3FAE
:1018C000A5DCB33E1BAF6F3FEF63B23E73F56F3FD6
:1018D000CBEAB03E373B703F3A71AF3E6680703F17
:1018E0003CF7AD3E02C5703FD47CAC3E0809713F69
:1018F0000102AB3E7A4C713FC486A93E578F713FBF
:101900001F0BA83E9FD1713F128FA63E5213723F0C
:101910009F12A53E7054723FC595A33EF894723F46
:101920008718A23EEBD4723FE59AA03E4714733F5E
:10193000DF1C9F3E0E53733F789E9D3E3F91733F49
:10194000AF1F9C3ED9CE733F86A09A3EDD0B743FFD
:10195000FE20993E4B48743F17A1973E2284743F66
:10196000D220963E62BF743F31A0943E0BFA743F82
:10197000351F933E1D34753FDD9D913E976D753F3C
:101980002C1C903E7BA6753F229A8E3EC6DE753F8C
:10199000C0178D3E7A16763F07958B3E974D763F62
:1019A000F8118A3E1B84763F938E883E07BA763FB5
:1019B000DA0A873E5BEF763FCE86853E1724773F77
:1019C0007002843E3A58773FC07D823EC58B773F98
:1019D000C0F8803EB7BE773FE1E67E3E10F1773F2C
:1019E000A4DB7B3ED122783FCCCF783EF853783FC2
:1019F0005AC3753E8684783F51B6723E7BB4783FB9
:101A0000B2A86F3ED6E3783F7F9A6C3E9812793F3A
:101A1000BA8B693EC040793F667C663E4E6E793F28
:101A2000836C633E439B793F135C603E9DC7793F67
:101A30001A4B5D3E5EF3793F97395A3E841E7A3FDA
:101A40008F27573E10497A3F0115543E02737A3F63
:101A5000F101513E599C7A3F60EE4D3E16C57A3FEA
:101A60004FDA4A3E37ED7A3FC2C5473EBE147B3F50
:101A7000B9B0443EAB3B7B3F379B413EFC617B3F73
:101A80003E853E3EB2877B3FCF6E3B3ECDAC7B3F3B
:101A9000EC57383E4DD17B3F9840353E31F57B3F8A
:101AA000D428323E7A187C3FA2102F3E283B7C3F40
:101AB00004F82B3E3A5D7C3FFCDE283EB07E7C3F46
:101AC0008CC5253E8A9F7C3FB6AB223EC9BF7C3F7A
:101AD0007B911F3E6CDF7C3FDE761C3E73FE7C3FBD
:101AE000E05B193EDD1C7D3F8340163EAC3A7D3FF6
:101AF000CA24133EDE577D3FB708103E74747D3F05
:101B00004AEC0C3E6E907D3F86CF093ECCAB7D3FCC
:101B10006EB2063E8CC67D3F0295033EB1E07D3F2E
:101B20004577003E38FA7D3F73B2FA3D24137E3F7D
:101B3000C075F43D722B7E3F7638EE3D23437E3FE9
:101B40009AFAE73D385A7E3F2EBCE13DB0707E3FA9
:101B5000377DDB3D8B867E3FB93DD53DC99B7E3FC2
:101B6000B7FDCE3D69B07E3F36BDC83D6DC47E3FFA
:101B7000397CC23DD4D77E3FC33ABC3D9DEA7E3F0F
:101B8000DAF8B53DC9FC7E3F80B6AF3D580E7F3FC9
:101B9000BA73A93D491F7F3F8C30A33D9D2F7F3FE6
:101BA000F9EC9C3D543F7F3F05A9963D6D4E7F3F2C
:101BB000B464903DE95C7F3F0A208A3DC76A7F3F5D
:101BC0000ADB833D08787F3F742B7B3DAB847F3FEE
:101BD00038A06E3DB1907F3F6814623D189C7F3FF6
:101BE0000E88553DE3A67F3F2FFB483D0FB17F3F59
:101BF000D56D3C3D9EBA7F3F07E02F3D8FC37F3FB1
:101C0000CC51233DE2CB7F3F2CC3163D98D37F3F81
:101C10002F340A3DAFDA7F3FB949FB3C29E17F3FD2
:101C20007B2AE23C05E77F3FB00AC93C43EC7F3F9B
:101C300069EAAF3CE3F07F3FB6C9963CE6F47F3FEC
:101C40004B517B3C4AF87F3F900E493C11FB7F3F54
:101C500059CB163C39FD7F3F890FC93BC4FE7F3FFE
:101C6000C70F493BB1FF7F3F000000000000803FED
:101C7000C70F49BBB1FF7F3F890FC9BBC4FE7F3F80
:101C800059CB16BC39FD7F3F900E49BC11FB7F3FFD
:101C90004B517BBC4AF87F3FB6C996BCE6F47F3F08
:101CA00069EAAFBCE3F07F3FB00AC9BC43EC7F3FB9
:101CB0007B2AE2BC05E77F3FB949FBBC29E17F3FB6
:101CC0002F340ABDAFDA7F3F2CC316BD98D37F3FB8
:101CD000CC5123BDE2CB7F3F07E02FBD8FC37F3FB9
:101CE000D56D3CBD9EBA7F3F2FFB48BD0FB17F3FF6
:101CF0000E8855BDE3A67F3F681462BD189C7F3FE8
:101D000038A06EBDB1907F3F742B7BBDAB847F3F0D
:101D10000ADB83BD08787F3F0A208ABDC76A7F3F00
:101D2000B46490BDE95C7F3F05A996BD6D4E7F3FD1
:101D3000F9EC9CBD543F7F3F8C30A3BD9D2F7F3F6E
:101D4000BA73A9BD491F7F3F80B6AFBD580E7F3F14
:101D5000DAF8B5BDC9FC7E3FC33ABCBD9DEA7E3F03
:101D6000397CC2BDD4D77E3F36BDC8BD6DC47E3F71
:101D7000B7FDCEBD69B07E3FB93DD5BDC99B7E3FA5
:101D8000377DDBBD8B867E3F2EBCE1BDB0707E3FD4
:101D90009AFAE7BD385A7E3F7638EEBD23437E3F40
:101DA000C075F4BD722B7E3F73B2FABD24137E3F23
:101DB000457700BE38FA7D3F029503BEB1E07D3F16
:101DC0006EB206BE8CC67D3F86CF09BECCAB7D3FD2
:101DD0004AEC0CBE6E907D3FB70810BE74747D3F18
:101DE000CA2413BEDE577D3F834016BEAC3A7D3F0A
:101DF000E05B19BEDD1C7D3FDE761CBE73FE7C3FC2
:101E00007B911FBE6CDF7C3FB6AB22BEC9BF7C3F5F
:101E10008CC525BE8A9F7C3FFCDE28BEB07E7C3F01
:101E200004F82BBE3A5D7C3FA2102FBE283B7C3FBE
:101E3000D42832BE7A187C3F984035BE31F57B3FBE
:101E4000EC5738BE4DD17B3FCF6E3BBECDAC7B3F18
:101E50003E853EBEB2877B3F379B41BEFC617B3FE8
:101E6000B9B044BEAB3B7B3FC2C547BEBE147B3F4F
:101E70004FDA4ABE37ED7A3F60EE4DBE16C57A3F67
:101E8000F10151BE599C7A3F011554BE02737A3F4D
:101E90008F2757BE10497A3F97395ABE841E7A3F22
:101EA0001A4B5DBE5EF3793F135C60BE9DC7793F00
:101EB000836C63BE439B793F667C66BE4E6E793F02
:101EC000BA8B69BEC040793F7F9A6CBE9812793F49
:101ED000B2A86FBED6E3783F51B672BE7BB4783FEE
:101EE0005AC375BE8684783FCCCF78BEF853783F0E
:101EF000A4DB7BBED122783FE1E67EBE10F1773FC6
:101F0000C0F880BEB7BE773FC07D82BEC58B773F2D
:101F1000700284BE3A58773FCE8685BE1724773F3D
:101F2000DA0A87BE5BEF763F938E88BE07BA763FAC
:101F3000F8118ABE1B84763F07958BBE974D763F7E
:101F4000C0178DBE7A16763F229A8EBEC6DE753FCA
:101F50002C1C90BE7BA6753FDD9D91BE976D753F95
:101F6000351F93BE1D34753F31A094BE0BFA743FEC
:101F7000D22096BE62BF743F17A197BE2284743FE1
:101F8000FE2099BE4B48743F86A09ABEDD0B743F7D
:101F9000AF1F9CBED9CE733F789E9DBE3F91733FCD
:101FA000DF1C9FBE0E53733FE59AA0BE4714733FDC
:101FB0008718A2BEEBD4723FC595A3BEF894723FBA
:101FC0009F12A5BE7054723F128FA6BE5213723F6D
:101FD0001F0BA8BE9FD1713FC486A9BE578F713F0A
:101FE0000102ABBE7A4C713FD47CACBE0809713F94
:101FF0003CF7ADBE02C5703F3A71AFBE6680703F20
:10200000CBEAB0BE373B703FEF63B2BE73F56F3FB4
:10201000A5DCB3BE1BAF6F3FEC54B5BE30686F3F5D
:10202000C3CCB6BEB0206F3F2A44B8BE9ED86E3F28
:102030001EBBB9BEF88F6E3FA031BBBEBE466E3F21
:10204000AFA7BCBEF2FC6D3F4A1DBEBE93B26D3F52
:102050006F92BFBEA1676D3F1E07C1BE1D1C6D3FC5
:10206000557BC2BE07D06C3F15EFC3BE5E836C3F8D
:102070005C62C5BE24366C3F29D5C6BE58E86B3FAE
:102080007C47C8BEFB996B3F53B9C9BE0C4B6B3F35
:10209000AE2ACBBE8CFB6A3F8B9BCCBE7BAB6A3F30
:1020A000EA0BCEBED95A6A3FCA7BCFBEA7096A3FA8
:1020B0002AEBD0BEE4B7693F095AD2BE9165693FA9
:1020C00067C8D3BEAE12693F4136D5BE3CBF683F3C
:1020D00099A3D6BE396B683F6B10D8BEA816683F6F
:1020E000B97CD9BE87C1673F80E8DABED86B673F4D
:1020F000C153DCBE9915673F79BEDDBECCBE663FDD
:10210000A928DFBE7167663F4F92E0BE880F663F29
:102110006AFBE1BE10B7653FFA63E3BE0B5E653F45
:10212000FECBE4BE7904653F7533E6BE59AA643F31
:102130005D9AE7BEAC4F643FB700E9BE73F4633FFE
:102140008166EABEAC98633FBBCBEBBE5A3C633FB3
:102150006330EDBE7BDF623F7994EEBE1082623F5A
:10216000FBF7EFBE1A24623FEA5AF1BE98C5613F01
:1021700043BDF2BE8A66613F071FF4BEF206613FAF
:102180003580F5BECFA6603FCBE0F6BE2146603F6E
:10219000C840F8BEE9E45F3F2DA0F9BE27835F3F4A
:1021A000F7FEFABEDB205F3F275DFCBE05BE5E3F4B
:1021B000BBBAFDBEA65A5E3FB217FFBEBEF65D3F7C
:1021C000063A00BF4D925D3FE4E700BF532D5D3FEF
:1021D000739501BFD1C75C3FB14202BFC7615C3F8D
:1021E0009FEF02BF34FB5B3F3D9C03BF1A945B3FF4
:1021F000894804BF792C5B3F84F404BF50C45A3F24
:102200002CA005BFA05B5A3F824B06BF6AF2593F24
:1022100086F606BFAD88593F36A107BF6A1E593FF3
:10222000924B08BFA1B3583F9BF508BF5348583F96
:102230004E9F09BF7FDC573FAD480ABF2670573F0E
:10224000B7F10ABF4803573F6B9A0BBFE595563F5E
:10225000C9420CBFFE27563FD0EA0CBF93B9553F89
:1022600081920DBFA44A553FDA390EBF31DB543F8E
:10227000DBE00EBF3B6B543F84870FBFC3FA533F75
:10228000D52D10BFC789533FCDD310BF4918533F39
:102290006B7911BF49A6523FB01E12BFC633523FE1
:1022A0009AC312BFC2C0513F2A6813BF3D4D513F70
:1022B0005F0C14BF37D9503F39B014BFAF64503FE3
:1022C000B75315BFA8EF4F3FD9F615BF1F7A4F3F41
:1022D0009F9916BF17044F3F073C17BF908D4E3F85
:1022E00012DE17BF89164E3FC07F18BF029F4D3FB9
:1022F0000F2119BFFD264D3F00C219BF79AE4C3FDB
:1023000093621ABF78354C3FC6021BBFF8BB4B3FE8
:1023100099A21BBFFA414B3F0C421CBF7FC74A3FEB
:102320001FE11CBF874C4A3FD17F1DBF12D1493FDF
:10233000221E1EBF2155493F12BC1EBFB3D8483FC5
:102340009F591FBFCA5B483FCBF61FBF65DE473FA3
:10235000939320BF8560473FF92F21BF2AE2463F74
:10236000FBCB21BF5463463F996722BF03E4453F3F
:10237000D30223BF3964453FA99D23BFF5E3443F02
:102380001A3824BF3763443F25D224BF00E2433FBD
:10239000CB6B25BF5160433F0A0526BF29DE423F74
:1023A000E39D26BF895B423F563627BF70D8413F29
:1023B00061CE27BFE154413F056628BFDAD0403FD8
:1023C00041FD28BF5C4C403F159429BF67C73F3F84
:1023D000802A2ABFFC413F3F82C02ABF1BBC3E3F30
:1023E0001B562BBFC5353E3F4AEB2BBFF9AE3D3FD9
:1023F0000F802CBFB8273D3F69142DBF03A03C3F81
:1024000059A82DBFD9173C3FDE3B2EBF3B8F3B3F2A
:10241000F7CE2EBF29063B3FA5612FBFA47C3A3FD4
:10242000E6F32FBFACF2393FBB8530BF4268393F7E
:10243000221731BF65DD383F1DA831BF1652383F26
:10244000AA3832BF55C6373FC9C832BF233A373FD3
:102450007A5833BF7FAD363FBCE733BF6C20363F81
:102460008F7634BFE792353FF30435BFF304353F31
:10247000E79235BF8F76343F6C2036BFBCE7333FE1
:102480007FAD36BF7A58333F233A37BFC9C8323F92
:1024900055C637BFAA38323F165238BF1DA8313F44
:1024A00065DD38BF2217313F426839BFBB85303FF9
:1024B000ACF239BFE6F32F3FA47C3ABFA5612F3FB2
:1024C00029063BBFF7CE2E3F3B8F3BBFDE3B2E3F67
:1024D000D9173CBF59A82D3F03A03CBF69142D3F1D
:1024E000B8273DBF0F802C3FF9AE3DBF4AEB2B3FD5
:1024F000C5353EBF1B562B3F1BBC3EBF82C02A3F8B
:10250000FC413FBF802A2A3F67C73FBF1594293F40
:102510005C4C40BF41FD283FDAD040BF0566283FF4
:10252000E15441BF61CE273F70D841BF5636273FA7
:10253000895B42BFE39D263F29DE42BF0A05263F55
:10254000516043BFCB6B253F00E243BF25D2243F00
:10255000376344BF1A38243FF5E344BFA99D233FA6
:10256000396445BFD302233F03E445BF9967223F47
:10257000546346BFFBCB213F2AE246BFF92F213FE0
:10258000856047BF9393203F65DE47BFCBF61F3F73
:10259000CA5B48BF9F591F3FB3D848BF12BC1E3FFC
:1025A000215549BF221E1E3F12D149BFD17F1D3F79
:1025B000874C4ABF1FE11C3F7FC74ABF0C421C3FEC
:1025C000FA414BBF99A21B3FF8BB4BBFC6021B3F52
:1025D00078354CBF93621A3F79AE4CBF00C2193FA9
:1025E000FD264DBF0F21193F029F4DBFC07F183FF1
:1025F00089164EBF12DE173F908D4EBF073C173F26
:1026000017044FBF9F99163F1F7A4FBFD9F6153F4A
:10261000A8EF4FBFB753153FAF6450BF39B0143F59
:1026200037D950BF5F0C143F3D4D51BF2A68133F4F
:10263000C2C051BF9AC3123FC63352BFB01E123F31
:1026400049A652BF6B79113F491853BFCDD3103FF4
:10265000C78953BFD52D103FC3FA53BF84870F3F9F
:102660003B6B54BFDBE00E3F31DB54BFDA390E3F2A
:10267000A44A55BF81920D3F93B955BFD0EA0C3F94
:10268000FE2756BFC9420C3FE59556BF6B9A0B3FDC
:10269000480357BFB7F10A3F267057BFAD480A3FFE
:1026A0007FDC57BF4E9F093F534858BF9BF5083FFB
:1026B000A1B358BF924B083F6A1E59BF36A1073FCE
:1026C000AD8859BF86F6063F6AF259BF824B063F76
:1026D000A05B5ABF2CA0053F50C45ABF84F4043FEE
:1026E000792C5BBF8948043F1A945BBF3D9C033F34
:1026F00034FB5BBF9FEF023FC7615CBFB142023F4B
:10270000D1C75CBF7395013F532D5DBFE4E7003F28
:102710004D925DBF063A003FBEF65DBFB217FF3E69
:10272000A65A5EBFBBBAFD3E05BE5EBF275DFC3E3E
:10273000DB205FBFF7FEFA3E27835FBF2DA0F93E87
:10274000E9E45FBFC840F83E214660BFCBE0F63EFB
:10275000CFA660BF3580F53EF20661BF071FF43E8D
:102760008A6661BF43BDF23E98C561BFEA5AF13E39
:102770001A2462BFFBF7EF3E108262BF7994EE3EEF
:102780007BDF62BF6330ED3E5A3C63BFBBCBEB3EA9
:10279000AC9863BF8166EA3E73F463BFB700E93E5D
:1027A000AC4F64BF5D9AE73E59AA64BF7533E63EFD
:1027B000790465BFFECBE43E0B5E65BFFA63E33E82
:1027C00010B765BF6AFBE13E880F66BF4F92E03EDF
:1027D000716766BFA928DF3ECCBE66BF79BEDD3E0D
:1027E000991567BFC153DC3ED86B67BF80E8DA3EFE
:1027F00087C167BFB97CD93EA81668BF6B10D83EA9
:10280000396B68BF99A3D63E3CBF68BF4136D53E01
:10281000AE1269BF67C8D33E916569BF095AD23EFF
:10282000E4B769BF2AEBD03EA7096ABFCA7BCF3E97
:10283000D95A6ABFEA0BCE3E7BAB6ABF8B9BCC3EBC
:102840008CFB6ABFAE2ACB3E0C4B6BBF53B9C93E63
:10285000FB996BBF7C47C83E58E86BBF29D5C63E85
:1028600024366CBF5C62C53E5E836CBF15EFC33E11
:1028700007D06CBF557BC23E1D1C6DBF1E07C13EFD
:10288000A1676DBF6F92BF3E93B26DBF4A1DBE3E42
:10289000F2FC6DBFAFA7BC3EBE466EBFA031BB3ED3
:1028A000F88F6EBF1EBBB93E9ED86EBF2A44B83E9D
:1028B000B0206FBFC3CCB63E30686FBFEC54B53E9E
:1028C0001BAF6FBFA5DCB33E73F56FBFEF63B23EC6
:1028D000373B70BFCBEAB03E668070BF3A71AF3E07
:1028E00002C570BF3CF7AD3E080971BFD47CAC3E59
:1028F0007A4C71BF0102AB3E578F71BFC486A93EAF
:102900009FD171BF1F0BA83E521372BF128FA63EFC
:10291000705472BF9F12A53EF89472BFC595A33E36
:10292000EBD472BF8718A23E471473BFE59AA03E4E
:102930000E5373BFDF1C9F3E3F9173BF789E9D3E39
:10294000D9CE73BFAF1F9C3EDD0B74BF86A09A3EED
:102950004B4874BFFE20993E228474BF17A1973E56
:1029600062BF74BFD220963E0BFA74BF31A0943E72
:102970001D3475BF351F933E976D75BFDD9D913E2C
:102980007BA675BF2C1C903EC6DE75BF229A8E3E7C
:102990007A1676BFC0178D3E974D76BF07958B3E52
:1029A0001B8476BFF8118A3E07BA76BF938E883EA5
:1029B0005BEF76BFDA0A873E172477BFCE86853E67
:1029C0003A5877BF7002843EC58B77BFC07D823E88
:1029D000B7BE77BFC0F8803E10F177BFE1E67E3E1C
:1029E000D12278BFA4DB7B3EF85378BFCCCF783EB2
:1029F000868478BF5AC3753E7BB478BF51B6723EA9
:102A0000D6E378BFB2A86F3E981279BF7F9A6C3E2A
:102A1000C04079BFBA8B693E4E6E79BF667C663E18
:102A2000439B79BF836C633E9DC779BF135C603E57
:102A30005EF379BF1A4B5D3E841E7ABF97395A3ECA
:102A400010497ABF8F27573E02737ABF0115543E53
:102A5000599C7ABFF101513E16C57ABF60EE4D3EDA
:102A600037ED7ABF4FDA4A3EBE147BBFC2C5473E40
:102A7000AB3B7BBFB9B0443EFC617BBF379B413E63
:102A8000B2877BBF3E853E3ECDAC7BBFCF6E3B3E2B
:102A90004DD17BBFEC57383E31F57BBF9840353E7A
:102AA0007A187CBFD428323E283B7CBFA2102F3E30
:102AB0003A5D7CBF04F82B3EB07E7CBFFCDE283E36
:102AC0008A9F7CBF8CC5253EC9BF7CBFB6AB223E6A
:102AD0006CDF7CBF7B911F3E73FE7CBFDE761C3EAD
:102AE000DD1C7DBFE05B193EAC3A7DBF8340163EE6
:102AF000DE577DBFCA24133E74747DBFB708103EF5
:102B00006E907DBF4AEC0C3ECCAB7DBF86CF093EBC
:102B10008CC67DBF6EB2063EB1E07DBF0295033E1E
:102B200038FA7DBF4577003E24137EBF73B2FA3D6D
:102B3000722B7EBFC075F43D23437EBF7638EE3DD9
:102B4000385A7EBF9AFAE73DB0707EBF2EBCE13D99
:102B50008B867EBF377DDB3DC99B7EBFB93DD53DB2
:102B600069B07EBFB7FDCE3D6DC47EBF36BDC83DEA
:102B7000D4D77EBF397CC23D9DEA7EBFC33ABC3DFF
:102B8000C9FC7EBFDAF8B53D580E7FBF80B6AF3DB9
:102B9000491F7FBFBA73A93D9D2F7FBF8C30A33DD6
:102BA000543F7FBFF9EC9C3D6D4E7FBF05A9963D1C
:102BB000E95C7FBFB464903DC76A7FBF0A208A3D4D
:102BC00008787FBF0ADB833DAB847FBF742B7B3DDE
:102BD000B1907FBF38A06E3D189C7FBF6814623DE6
:102BE000E3A67FBF0E88553D0FB17FBF2FFB483D49
:102BF0009EBA7FBFD56D3C3D8FC37FBF07E02F3DA1
:102C0000E2CB7FBFCC51233D98D37FBF2CC3163D71
:102C1000AFDA7FBF2F340A3D29E17FBFB949FB3CC2
:102C200005E77FBF7B2AE23C43EC7FBFB00AC93C8B
:102C3000E3F07FBF69EAAF3CE6F47FBFB6C9963CDC
:102C40004AF87FBF4B517B3C11FB7FBF900E493C44
:102C500039FD7FBF59CB163CC4FE7FBF890FC93BEE
:102C6000B1FF7FBFC70F493B000080BF00000000DD
:102C7000B1FF7FBFC70F49BBC4FE7FBF890FC9BB70
:102C800039FD7FBF59CB16BC11FB7FBF900E49BCED
:102C90004AF87FBF4B517BBCE6F47FBFB6C996BCF8
:102CA000E3F07FBF69EAAFBC43EC7FBFB00AC9BCA9
:102CB00005E77FBF7B2AE2BC29E17FBFB949FBBCA6
:102CC000AFDA7FBF2F340ABD98D37FBF2CC316BDA8
:102CD000E2CB7FBFCC5123BD8FC37FBF07E02FBDA9
:102CE0009EBA7FBFD56D3CBD0FB17FBF2FFB48BDE6
:102CF000E3A67FBF0E8855BD189C7FBF681462BDD8
:102D0000B1907FBF38A06EBDAB847FBF742B7BBDFD
:102D100008787FBF0ADB83BDC76A7FBF0A208ABDF0
:102D2000E95C7FBFB46490BD6D4E7FBF05A996BDC1
:102D3000543F7FBFF9EC9CBD9D2F7FBF8C30A3BD5E
:102D4000491F7FBFBA73A9BD580E7FBF80B6AFBD04
:102D5000C9FC7EBFDAF8B5BD9DEA7EBFC33ABCBDF3
:102D6000D4D77EBF397CC2BD6DC47EBF36BDC8BD61
:102D700069B07EBFB7FDCEBDC99B7EBFB93DD5BD95
:102D80008B867EBF377DDBBDB0707EBF2EBCE1BDC4
:102D9000385A7EBF9AFAE7BD23437EBF7638EEBD30
:102DA000722B7EBFC075F4BD24137EBF73B2FABD13
:102DB00038FA7DBF457700BEB1E07DBF029503BE06
:102DC0008CC67DBF6EB206BECCAB7DBF86CF09BEC2
:102DD0006E907DBF4AEC0CBE74747DBFB70810BE08
:102DE000DE577DBFCA2413BEAC3A7DBF834016BEFA
:102DF000DD1C7DBFE05B19BE73FE7CBFDE761CBEB2
:102E00006CDF7CBF7B911FBEC9BF7CBFB6AB22BE4F
:102E10008A9F7CBF8CC525BEB07E7CBFFCDE28BEF1
:102E20003A5D7CBF04F82BBE283B7CBFA2102FBEAE
:102E30007A187CBFD42832BE31F57BBF984035BEAE
:102E40004DD17BBFEC5738BECDAC7BBFCF6E3BBE08
:102E5000B2877BBF3E853EBEFC617BBF379B41BED8
:102E6000AB3B7BBFB9B044BEBE147BBFC2C547BE3F
:102E700037ED7ABF4FDA4ABE16C57ABF60EE4DBE57
:102E8000599C7ABFF10151BE02737ABF011554BE3D
:102E900010497ABF8F2757BE841E7ABF97395ABE12
:102EA0005EF379BF1A4B5DBE9DC779BF135C60BEF0
:102EB000439B79BF836C63BE4E6E79BF667C66BEF2
:102EC000C04079BFBA8B69BE981279BF7F9A6CBE39
:102ED000D6E378BFB2A86FBE7BB478BF51B672BEDE
:102EE000868478BF5AC375BEF85378BFCCCF78BEFE
:102EF000D12278BFA4DB7BBE10F177BFE1E67EBEB6
:102F0000B7BE77BFC0F880BEC58B77BFC07D82BE1D
:102F10003A5877BF700284BE172477BFCE8685BE2D
:102F20005BEF76BFDA0A87BE07BA76BF938E88BE9C
:102F30001B8476BFF8118ABE974D76BF07958BBE6E
:102F40007A1676BFC0178DBEC6DE75BF229A8EBEBA
:102F50007BA675BF2C1C90BE976D75BFDD9D91BE85
:102F60001D3475BF351F93BE0BFA74BF31A094BEDC
:102F700062BF74BFD22096BE228474BF17A197BED1
:102F80004B4874BFFE2099BEDD0B74BF86A09ABE6D
:102F9000D9CE73BFAF1F9CBE3F9173BF789E9DBEBD
:102FA0000E5373BFDF1C9FBE471473BFE59AA0BECC
:102FB000EBD472BF8718A2BEF89472BFC595A3BEAA
:102FC000705472BF9F12A5BE521372BF128FA6BE5D
:102FD0009FD171BF1F0BA8BE578F71BFC486A9BEFA
:102FE0007A4C71BF0102ABBE080971BFD47CACBE84
:102FF00002C570BF3CF7ADBE668070BF3A71AFBE10
:10300000373B70BFCBEAB0BE73F56FBFEF63B2BEA4
:103010001BAF6FBFA5DCB3BE30686FBFEC54B5BE4D
:10302000B0206FBFC3CCB6BE9ED86EBF2A44B8BE18
:10303000F88F6EBF1EBBB9BEBE466EBFA031BBBE11
:10304000F2FC6DBFAFA7BCBE93B26DBF4A1DBEBE42
:10305000A1676DBF6F92BFBE1D1C6DBF1E07C1BEB5
:1030600007D06CBF557BC2BE5E836CBF15EFC3BE7D
:1030700024366CBF5C62C5BE58E86BBF29D5C6BE9E
:10308000FB996BBF7C47C8BE0C4B6BBF53B9C9BE25
:103090008CFB6ABFAE2ACBBE7BAB6ABF8B9BCCBE20
:1030A000D95A6ABFEA0BCEBEA7096ABFCA7BCFBE98
:1030B000E4B769BF2AEBD0BE916569BF095AD2BE99
:1030C000AE1269BF67C8D3BE3CBF68BF4136D5BE2C
:1030D000396B68BF99A3D6BEA81668BF6B10D8BE5F
:1030E00087C167BFB97CD9BED86B67BF80E8DABE3D
:1030F000991567BFC153DCBECCBE66BF79BEDDBECD
:10310000716766BFA928DFBE880F66BF4F92E0BE19
:1031100010B765BF6AFBE1BE0B5E65BFFA63E3BE35
:10312000790465BFFECBE4BE59AA64BF7533E6BE21
:10313000AC4F64BF5D9AE7BE73F463BFB700E9BEEE
:10314000AC9863BF8166EABE5A3C63BFBBCBEBBEA3
:103150007BDF62BF6330EDBE108262BF7994EEBE4A
:103160001A2462BFFBF7EFBE98C561BFEA5AF1BEF1
:103170008A6661BF43BDF2BEF20661BF071FF4BE9F
:10318000CFA660BF3580F5BE214660BFCBE0F6BE5E
:10319000E9E45FBFC840F8BE27835FBF2DA0F9BE3A
:1031A000DB205FBFF7FEFABE05BE5EBF275DFCBE3B
:1031B000A65A5EBFBBBAFDBEBEF65DBFB217FFBE6C
:1031C0004D925DBF063A00BF532D5DBFE4E700BFDF
:1031D000D1C75CBF739501BFC7615CBFB14202BF7D
:1031E00034FB5BBF9FEF02BF1A945BBF3D9C03BFE4
:1031F000792C5BBF894804BF50C45ABF84F404BF14
:10320000A05B5ABF2CA005BF6AF259BF824B06BF14
:10321000AD8859BF86F606BF6A1E59BF36A107BFE3
:10322000A1B358BF924B08BF534858BF9BF508BF86
:103230007FDC57BF4E9F09BF267057BFAD480ABFFE
:10324000480357BFB7F10ABFE59556BF6B9A0BBF4E
:10325000FE2756BFC9420CBF93B955BFD0EA0CBF79
:10326000A44A55BF81920DBF31DB54BFDA390EBF7E
:103270003B6B54BFDBE00EBFC3FA53BF84870FBF65
:10328000C78953BFD52D10BF491853BFCDD310BF29
:1032900049A652BF6B7911BFC63352BFB01E12BFD1
:1032A000C2C051BF9AC312BF3D4D51BF2A6813BF60
:1032B00037D950BF5F0C14BFAF6450BF39B014BFD3
:1032C000A8EF4FBFB75315BF1F7A4FBFD9F615BF31
:1032D00017044FBF9F9916BF908D4EBF073C17BF75
:1032E00089164EBF12DE17BF029F4DBFC07F18BFA9
:1032F000FD264DBF0F2119BF79AE4CBF00C219BFCB
:1033000078354CBF93621ABFF8BB4BBFC6021BBFD8
:10331000FA414BBF99A21BBF7FC74ABF0C421CBFDB
:10332000874C4ABF1FE11CBF12D149BFD17F1DBFCF
:10333000215549BF221E1EBFB3D848BF12BC1EBFB5
:10334000CA5B48BF9F591FBF65DE47BFCBF61FBF93
:10335000856047BF939320BF2AE246BFF92F21BF64
:10336000546346BFFBCB21BF03E445BF996722BF2F
:10337000396445BFD30223BFF5E344BFA99D23BFF2
:10338000376344BF1A3824BF00E243BF25D224BFAD
:10339000516043BFCB6B25BF29DE42BF0A0526BF64
:1033A000895B42BFE39D26BF70D841BF563627BF19
:1033B000E15441BF61CE27BFDAD040BF056628BFC8
:1033C0005C4C40BF41FD28BF67C73FBF159429BF74
:1033D000FC413FBF802A2ABF1BBC3EBF82C02ABF20
:1033E000C5353EBF1B562BBFF9AE3DBF4AEB2BBFC9
:1033F000B8273DBF0F802CBF03A03CBF69142DBF71
:10340000D9173CBF59A82DBF3B8F3BBFDE3B2EBF1A
:1034100029063BBFF7CE2EBFA47C3ABFA5612FBFC4
:10342000ACF239BFE6F32FBF426839BFBB8530BF6E
:1034300065DD38BF221731BF165238BF1DA831BF16
:1034400055C637BFAA3832BF233A37BFC9C832BFC3
:103450007FAD36BF7A5833BF6C2036BFBCE733BF71
:10346000E79235BF8F7634BFF30435BFF30435BF21
:103470008F7634BFE79235BFBCE733BF6C2036BFD1
:103480007A5833BF7FAD36BFC9C832BF233A37BF82
:10349000AA3832BF55C637BF1DA831BF165238BF34
:1034A000221731BF65DD38BFBB8530BF426839BFE9
:1034B000E6F32FBFACF239BFA5612FBFA47C3ABFA2
:1034C000F7CE2EBF29063BBFDE3B2EBF3B8F3BBF57
:1034D00059A82DBFD9173CBF69142DBF03A03CBF0D
:1034E0000F802CBFB8273DBF4AEB2BBFF9AE3DBFC5
:1034F0001B562BBFC5353EBF82C02ABF1BBC3EBF7B
:10350000802A2ABFFC413FBF159429BF67C73FBF30
:1035100041FD28BF5C4C40BF056628BFDAD040BFE4
:1035200061CE27BFE15441BF563627BF70D841BF97
:10353000E39D26BF895B42BF0A0526BF29DE42BF45
:10354000CB6B25BF516043BF25D224BF00E243BFF0
:103550001A3824BF376344BFA99D23BFF5E344BF96
:10356000D30223BF396445BF996722BF03E445BF37
:10357000FBCB21BF546346BFF92F21BF2AE246BFD0
:10358000939320BF856047BFCBF61FBF65DE47BF63
:103590009F591FBFCA5B48BF12BC1EBFB3D848BFEC
:1035A000221E1EBF215549BFD17F1DBF12D149BF69
:1035B0001FE11CBF874C4ABF0C421CBF7FC74ABFDC
:1035C00099A21BBFFA414BBFC6021BBFF8BB4BBF42
:1035D00093621ABF78354CBF00C219BF79AE4CBF99
:1035E0000F2119BFFD264DBFC07F18BF029F4DBFE1
:1035F00012DE17BF89164EBF073C17BF908D4EBF16
:103600009F9916BF17044FBFD9F615BF1F7A4FBF3A
:10361000B75315BFA8EF4FBF39B014BFAF6450BF49
:103620005F0C14BF37D950BF2A6813BF3D4D51BF3F
:103630009AC312BFC2C051BFB01E12BFC63352BF21
:103640006B7911BF49A652BFCDD310BF491853BFE4
:10365000D52D10BFC78953BF84870FBFC3FA53BF8F
:10366000DBE00EBF3B6B54BFDA390EBF31DB54BF1A
:1036700081920DBFA44A55BFD0EA0CBF93B955BF84
:10368000C9420CBFFE2756BF6B9A0BBFE59556BFCC
:10369000B7F10ABF480357BFAD480ABF267057BFEE
:1036A0004E9F09BF7FDC57BF9BF508BF534858BFEB
:1036B000924B08BFA1B358BF36A107BF6A1E59BFBE
:1036C00086F606BFAD8859BF824B06BF6AF259BF66
:1036D0002CA005BFA05B5ABF84F404BF50C45ABFDE
:1036E000894804BF792C5BBF3D9C03BF1A945BBF24
:1036F0009FEF02BF34FB5BBFB14202BFC7615CBF3B
:10370000739501BFD1C75CBFE4E700BF532D5DBF18
:10371000063A00BF4D925DBFB217FFBEBEF65DBF59
:10372000BBBAFDBEA65A5EBF275DFCBE05BE5EBF2E
:10373000F7FEFABEDB205FBF2DA0F9BE27835FBF77
:10374000C840F8BEE9E45FBFCBE0F6BE214660BFEB
:103750003580F5BECFA660BF071FF4BEF20661BF7D
:1037600043BDF2BE8A6661BFEA5AF1BE98C561BF29
:10377000FBF7EFBE1A2462BF7994EEBE108262BFDF
:103780006330EDBE7BDF62BFBBCBEBBE5A3C63BF99
:103790008166EABEAC9863BFB700E9BE73F463BF4D
:1037A0005D9AE7BEAC4F64BF7533E6BE59AA64BFED
:1037B000FECBE4BE790465BFFA63E3BE0B5E65BF72
:1037C0006AFBE1BE10B765BF4F92E0BE880F66BFCF
:1037D000A928DFBE716766BF79BEDDBECCBE66BFFD
:1037E000C153DCBE991567BF80E8DABED86B67BFEE
:1037F000B97CD9BE87C167BF6B10D8BEA81668BF99
:1038000099A3D6BE396B68BF4136D5BE3CBF68BFF1
:1038100067C8D3BEAE1269BF095AD2BE916569BFEF
:103820002AEBD0BEE4B769BFCA7BCFBEA7096ABF87
:10383000EA0BCEBED95A6ABF8B9BCCBE7BAB6ABFAC
:10384000AE2ACBBE8CFB6ABF53B9C9BE0C4B6BBF53
:103850007C47C8BEFB996BBF29D5C6BE58E86BBF75
:103860005C62C5BE24366CBF15EFC3BE5E836CBF01
:10387000557BC2BE07D06CBF1E07C1BE1D1C6DBFED
:103880006F92BFBEA1676DBF4A1DBEBE93B26DBF32
:10389000AFA7BCBEF2FC6DBFA031BBBEBE466EBFC3
:1038A0001EBBB9BEF88F6EBF2A44B8BE9ED86EBF8D
:1038B000C3CCB6BEB0206FBFEC54B5BE30686FBF8E
:1038C000A5DCB3BE1BAF6FBFEF63B2BE73F56FBFB6
:1038D000CBEAB0BE373B70BF3A71AFBE668070BFF7
:1038E0003CF7ADBE02C570BFD47CACBE080971BF49
:1038F0000102ABBE7A4C71BFC486A9BE578F71BF9F
:103900001F0BA8BE9FD171BF128FA6BE521372BFEC
:103910009F12A5BE705472BFC595A3BEF89472BF26
:103920008718A2BEEBD472BFE59AA0BE471473BF3E
:10393000DF1C9FBE0E5373BF789E9DBE3F9173BF29
:10394000AF1F9CBED9CE73BF86A09ABEDD0B74BFDD
:10395000FE2099BE4B4874BF17A197BE228474BF46
:10396000D22096BE62BF74BF31A094BE0BFA74BF62
:10397000351F93BE1D3475BFDD9D91BE976D75BF1C
:103980002C1C90BE7BA675BF229A8EBEC6DE75BF6C
:10399000C0178DBE7A1676BF07958BBE974D76BF42
:1039A000F8118ABE1B8476BF938E88BE07BA76BF95
:1039B000DA0A87BE5BEF76BFCE8685BE172477BF57
:1039C000700284BE3A5877BFC07D82BEC58B77BF78
:1039D000C0F880BEB7BE77BFE1E67EBE10F177BF0C
:1039E000A4DB7BBED12278BFCCCF78BEF85378BFA2
:1039F0005AC375BE868478BF51B672BE7BB478BF99
:103A0000B2A86FBED6E378BF7F9A6CBE981279BF1A
:103A1000BA8B69BEC04079BF667C66BE4E6E79BF08
:103A2000836C63BE439B79BF135C60BE9DC779BF47
:103A30001A4B5DBE5EF379BF97395ABE841E7ABFBA
:103A40008F2757BE10497ABF011554BE02737ABF43
:103A5000F10151BE599C7ABF60EE4DBE16C57ABFCA
:103A60004FDA4ABE37ED7ABFC2C547BEBE147BBF30
:103A7000B9B044BEAB3B7BBF379B41BEFC617BBF53
:103A80003E853EBEB2877BBFCF6E3BBECDAC7BBF1B
:103A9000EC5738BE4DD17BBF984035BE31F57BBF6A
:103AA000D42832BE7A187CBFA2102FBE283B7CBF20
:103AB00004F82BBE3A5D7CBFFCDE28BEB07E7CBF26
:103AC0008CC525BE8A9F7CBFB6AB22BEC9BF7CBF5A
:103AD0007B911FBE6CDF7CBFDE761CBE73FE7CBF9D
:103AE000E05B19BEDD1C7DBF834016BEAC3A7DBFD6
:103AF000CA2413BEDE577DBFB70810BE74747DBFE5
:103B00004AEC0CBE6E907DBF86CF09BECCAB7DBFAC
:103B10006EB206BE8CC67DBF029503BEB1E07DBF0E
:103B2000457700BE38FA7DBF73B2FABD24137EBF5D
:103B3000C075F4BD722B7EBF7638EEBD23437EBFC9
:103B40009AFAE7BD385A7EBF2EBCE1BDB0707EBF89
:103B5000377DDBBD8B867EBFB93DD5BDC99B7EBFA2
:103B6000B7FDCEBD69B07EBF36BDC8BD6DC47EBFDA
:103B7000397CC2BDD4D77EBFC33ABCBD9DEA7EBFEF
:103B8000DAF8B5BDC9FC7EBF80B6AFBD580E7FBFA9
:103B9000BA73A9BD491F7FBF8C30A3BD9D2F7FBFC6
:103BA000F9EC9CBD543F7FBF05A996BD6D4E7FBF0C
:103BB000B46490BDE95C7FBF0A208ABDC76A7FBF3D
:103BC0000ADB83BD08787FBF742B7BBDAB847FBFCE
:103BD00038A06EBDB1907FBF681462BD189C7FBFD6
:103BE0000E8855BDE3A67FBF2FFB48BD0FB17FBF39
:103BF000D56D3CBD9EBA7FBF07E02FBD8FC37FBF91
:103C0000CC5123BDE2CB7FBF2CC316BD98D37FBF61
:103C10002F340ABDAFDA7FBFB949FBBC29E17FBFB2
:103C20007B2AE2BC05E77FBFB00AC9BC43EC7FBF7B
:103C300069EAAFBCE3F07FBFB6C996BCE6F47FBFCC
:103C40004B517BBC4AF87FBF900E49BC11FB7FBF34
:103C500059CB16BC39FD7FBF890FC9BBC4FE7FBFDE
:103C6000C70F49BBB1FF7FBF00000080000080BFCD
:103C7000C70F493BB1FF7FBF890FC93BC4FE7FBF60
:103C800059CB163C39FD7FBF900E493C11FB7FBFDD
:103C90004B517B3C4AF87FBFB6C9963CE6F47FBFE8
:103CA00069EAAF3CE3F07FBFB00AC93C43EC7FBF99
:103CB0007B2AE23C05E77FBFB949FB3C29E17FBF96
:103CC0002F340A3DAFDA7FBF2CC3163D98D37FBF98
:103CD000CC51233DE2CB7FBF07E02F3D8FC37FBF99
:103CE000D56D3C3D9EBA7FBF2FFB483D0FB17FBFD6
:103CF0000E88553DE3A67FBF6814623D189C7FBFC8
:103D000038A06E3DB1907FBF742B7B3DAB847FBFED
:103D10000ADB833D08787FBF0A208A3DC76A7FBFE0
:103D2000B464903DE95C7FBF05A9963D6D4E7FBFB1
:103D3000F9EC9C3D543F7FBF8C30A33D9D2F7FBF4E
:103D4000BA73A93D491F7FBF80B6AF3D580E7FBFF4
:103D5000DAF8B53DC9FC7EBFC33ABC3D9DEA7EBFE3
:103D6000397CC23DD4D77EBF36BDC83D6DC47EBF51
:103D7000B7FDCE3D69B07EBFB93DD53DC99B7EBF85
:103D8000377DDB3D8B867EBF2EBCE13DB0707EBFB4
:103D90009AFAE73D385A7EBF7638EE3D23437EBF20
:103DA000C075F43D722B7EBF73B2FA3D24137EBF03
:103DB0004577003E38FA7DBF0295033EB1E07DBFF6
:103DC0006EB2063E8CC67DBF86CF093ECCAB7DBFB2
:103DD0004AEC0C3E6E907DBFB708103E74747DBFF8
:103DE000CA24133EDE577DBF8340163EAC3A7DBFEA
:103DF000E05B193EDD1C7DBFDE761C3E73FE7CBFA2
:103E00007B911F3E6CDF7CBFB6AB223EC9BF7CBF3F
:103E10008CC5253E8A9F7CBFFCDE283EB07E7CBFE1
:103E200004F82B3E3A5D7CBFA2102F3E283B7CBF9E
:103E3000D428323E7A187CBF9840353E31F57BBF9E
:103E4000EC57383E4DD17BBFCF6E3B3ECDAC7BBFF8
:103E50003E853E3EB2877BBF379B413EFC617BBFC8
:103E6000B9B0443EAB3B7BBFC2C5473EBE147BBF2F
:103E70004FDA4A3E37ED7ABF60EE4D3E16C57ABF47
:103E8000F101513E599C7ABF0115543E02737ABF2D
:103E90008F27573E10497ABF97395A3E841E7ABF02
:103EA0001A4B5D3E5EF379BF135C603E9DC779BFE0
:103EB000836C633E439B79BF667C663E4E6E79BFE2
:103EC000BA8B693EC04079BF7F9A6C3E981279BF29
:103ED000B2A86F3ED6E378BF51B6723E7BB478BFCE
:103EE0005AC3753E868478BFCCCF783EF85378BFEE
:103EF000A4DB7B3ED12278BFE1E67E3E10F177BFA6
:103F0000C0F8803EB7BE77BFC07D823EC58B77BF0D
:103F10007002843E3A5877BFCE86853E172477BF1D
:103F2000DA0A873E5BEF76BF938E883E07BA76BF8C
:103F3000F8118A3E1B8476BF07958B3E974D76BF5E
:103F4000C0178D3E7A1676BF229A8E3EC6DE75BFAA
:103F50002C1C903E7BA675BFDD9D913E976D75BF75
:103F6000351F933E1D3475BF31A0943E0BFA74BFCC
:103F7000D220963E62BF74BF17A1973E228474BFC1
:103F8000FE20993E4B4874BF86A09A3EDD0B74BF5D
:103F9000AF1F9C3ED9CE73BF789E9D3E3F9173BFAD
:103FA000DF1C9F3E0E5373BFE59AA03E471473BFBC
:103FB0008718A23EEBD472BFC595A33EF89472BF9A
:103FC0009F12A53E705472BF128FA63E521372BF4D
:103FD0001F0BA83E9FD171BFC486A93E578F71BFEA
:103FE0000102AB3E7A4C71BFD47CAC3E080971BF74
:103FF0003CF7AD3E02C570BF3A71AF3E668070BF00
:10400000CBEAB03E373B70BFEF63B23E73F56FBF94
:10401000A5DCB33E1BAF6FBFEC54B53E30686FBF3D
:10402000C3CCB63EB0206FBF2A44B83E9ED86EBF08
:104030001EBBB93EF88F6EBFA031BB3EBE466EBF01
:10404000AFA7BC3EF2FC6DBF4A1DBE3E93B26DBF32
:104050006F92BF3EA1676DBF1E07C13E1D1C6DBFA5
:10406000557BC23E07D06CBF15EFC33E5E836CBF6D
:104070005C62C53E24366CBF29D5C63E58E86BBF8E
:104080007C47C83EFB996BBF53B9C93E0C4B6BBF15
:10409000AE2ACB3E8CFB6ABF8B9BCC3E7BAB6ABF10
:1040A000EA0BCE3ED95A6ABFCA7BCF3EA7096ABF88
:1040B0002AEBD03EE4B769BF095AD23E916569BF89
:1040C00067C8D33EAE1269BF4136D53E3CBF68BF1C
:1040D00099A3D63E396B68BF6B10D83EA81668BF4F
:1040E000B97CD93E87C167BF80E8DA3ED86B67BF2D
:1040F000C153DC3E991567BF79BEDD3ECCBE66BFBD
:10410000A928DF3E716766BF4F92E03E880F66BF09
:104110006AFBE13E10B765BFFA63E33E0B5E65BF25
:10412000FECBE43E790465BF7533E63E59AA64BF11
:104130005D9AE73EAC4F64BFB700E93E73F463BFDE
:104140008166EA3EAC9863BFBBCBEB3E5A3C63BF93
:104150006330ED3E7BDF62BF7994EE3E108262BF3A
:10416000FBF7EF3E1A2462BFEA5AF13E98C561BFE1
:1041700043BDF23E8A6661BF071FF43EF20661BF8F
:104180003580F53ECFA660BFCBE0F63E214660BF4E
:10419000C840F83EE9E45FBF2DA0F93E27835FBF2A
:1041A000F7FEFA3EDB205FBF275DFC3E05BE5EBF2B
:1041B000BBBAFD3EA65A5EBFB217FF3EBEF65DBF5C
:1041C000063A003F4D925DBFE4E7003F532D5DBFCF
:1041D0007395013FD1C75CBFB142023FC7615CBF6D
:1041E0009FEF023F34FB5BBF3D9C033F1A945BBFD4
:1041F0008948043F792C5BBF84F4043F50C45ABF04
:104200002CA0053FA05B5ABF824B063F6AF259BF04
:1042100086F6063FAD8859BF36A1073F6A1E59BFD3
:10422000924B083FA1B358BF9BF5083F534858BF76
:104230004E9F093F7FDC57BFAD480A3F267057BFEE
:10424000B7F10A3F480357BF6B9A0B3FE59556BF3E
:10425000C9420C3FFE2756BFD0EA0C3F93B955BF69
:1042600081920D3FA44A55BFDA390E3F31DB54BF6E
:10427000DBE00E3F3B6B54BF84870F3FC3FA53BF55
:10428000D52D103FC78953BFCDD3103F491853BF19
:104290006B79113F49A652BFB01E123FC63352BFC1
:1042A0009AC3123FC2C051BF2A68133F3D4D51BF50
:1042B0005F0C143F37D950BF39B0143FAF6450BFC3
:1042C000B753153FA8EF4FBFD9F6153F1F7A4FBF21
:1042D0009F99163F17044FBF073C173F908D4EBF65
:1042E00012DE173F89164EBFC07F183F029F4DBF99
:1042F0000F21193FFD264DBF00C2193F79AE4CBFBB
:1043000093621A3F78354CBFC6021B3FF8BB4BBFC8
:1043100099A21B3FFA414BBF0C421C3F7FC74ABFCB
:104320001FE11C3F874C4ABFD17F1D3F12D149BFBF
:10433000221E1E3F215549BF12BC1E3FB3D848BFA5
:104340009F591F3FCA5B48BFCBF61F3F65DE47BF83
:104350009393203F856047BFF92F213F2AE246BF54
:10436000FBCB213F546346BF9967223F03E445BF1F
:10437000D302233F396445BFA99D233FF5E344BFE2
:104380001A38243F376344BF25D2243F00E243BF9D
:10439000CB6B253F516043BF0A05263F29DE42BF54
:1043A000E39D263F895B42BF5636273F70D841BF09
:1043B00061CE273FE15441BF0566283FDAD040BFB8
:1043C00041FD283F5C4C40BF1594293F67C73FBF64
:1043D000802A2A3FFC413FBF82C02A3F1BBC3EBF10
:1043E0001B562B3FC5353EBF4AEB2B3FF9AE3DBFB9
:1043F0000F802C3FB8273DBF69142D3F03A03CBF61
:1044000059A82D3FD9173CBFDE3B2E3F3B8F3BBF0A
:10441000F7CE2E3F29063BBFA5612F3FA47C3ABFB4
:10442000E6F32F3FACF239BFBB85303F426839BF5E
:104430002217313F65DD38BF1DA8313F165238BF06
:10444000AA38323F55C637BFC9C8323F233A37BFB3
:104450007A58333F7FAD36BFBCE7333F6C2036BF61
:104460008F76343FE79235BFF304353FF30435BF11
:10447000E792353F8F7634BF6C20363FBCE733BFC1
:104480007FAD363F7A5833BF233A373FC9C832BF72
:1044900055C6373FAA3832BF1652383F1DA831BF24
:1044A00065DD383F221731BF4268393FBB8530BFD9
:1044B000ACF2393FE6F32FBFA47C3A3FA5612FBF92
:1044C00029063B3FF7CE2EBF3B8F3B3FDE3B2EBF47
:1044D000D9173C3F59A82DBF03A03C3F69142DBFFD
:1044E000B8273D3F0F802CBFF9AE3D3F4AEB2BBFB5
:1044F000C5353E3F1B562BBF1BBC3E3F82C02ABF6B
:10450000FC413F3F802A2ABF67C73F3F159429BF20
:104510005C4C403F41FD28BFDAD0403F056628BFD4
:10452000E154413F61CE27BF70D8413F563627BF87
:10453000895B423FE39D26BF29DE423F0A0526BF35
:104540005160433FCB6B25BF00E2433F25D224BFE0
:104550003763443F1A3824BFF5E3443FA99D23BF86
:104560003964453FD30223BF03E4453F996722BF27
:104570005463463FFBCB21BF2AE2463FF92F21BFC0
:104580008560473F939320BF65DE473FCBF61FBF53
:10459000CA5B483F9F591FBFB3D8483F12BC1EBFDC
:1045A0002155493F221E1EBF12D1493FD17F1DBF59
:1045B000874C4A3F1FE11CBF7FC74A3F0C421CBFCC
:1045C000FA414B3F99A21BBFF8BB4B3FC6021BBF32
:1045D00078354C3F93621ABF79AE4C3F00C219BF89
:1045E000FD264D3F0F2119BF029F4D3FC07F18BFD1
:1045F00089164E3F12DE17BF908D4E3F073C17BF06
:1046000017044F3F9F9916BF1F7A4F3FD9F615BF2A
:10461000A8EF4F3FB75315BFAF64503F39B014BF39
:1046200037D9503F5F0C14BF3D4D513F2A6813BF2F
:10463000C2C0513F9AC312BFC633523FB01E12BF11
:1046400049A6523F6B7911BF4918533FCDD310BFD4
:10465000C789533FD52D10BFC3FA533F84870FBF7F
:104660003B6B543FDBE00EBF31DB543FDA390EBF0A
:10467000A44A553F81920DBF93B9553FD0EA0CBF74
:10468000FE27563FC9420CBFE595563F6B9A0BBFBC
:104690004803573FB7F10ABF2670573FAD480ABFDE
:1046A0007FDC573F4E9F09BF5348583F9BF508BFDB
:1046B000A1B3583F924B08BF6A1E593F36A107BFAE
:1046C000AD88593F86F606BF6AF2593F824B06BF56
:1046D000A05B5A3F2CA005BF50C45A3F84F404BFCE
:1046E000792C5B3F894804BF1A945B3F3D9C03BF14
:1046F00034FB5B3F9FEF02BFC7615C3FB14202BF2B
:10470000D1C75C3F739501BF532D5D3FE4E700BF08
:104710004D925D3F063A00BFBEF65D3FB217FFBE49
:10472000A65A5E3FBBBAFDBE05BE5E3F275DFCBE1E
:10473000DB205F3FF7FEFABE27835F3F2DA0F9BE67
:10474000E9E45F3FC840F8BE2146603FCBE0F6BEDB
:10475000CFA6603F3580F5BEF206613F071FF4BE6D
:104760008A66613F43BDF2BE98C5613FEA5AF1BE19
:104770001A24623FFBF7EFBE1082623F7994EEBECF
:104780007BDF623F6330EDBE5A3C633FBBCBEBBE89
:10479000AC98633F8166EABE73F4633FB700E9BE3D
:1047A000AC4F643F5D9AE7BE59AA643F7533E6BEDD
:1047B0007904653FFECBE4BE0B5E653FFA63E3BE62
:1047C00010B7653F6AFBE1BE880F663F4F92E0BEBF
:1047D0007167663FA928DFBECCBE663F79BEDDBEED
:1047E0009915673FC153DCBED86B673F80E8DABEDE
:1047F00087C1673FB97CD9BEA816683F6B10D8BE89
:10480000396B683F99A3D6BE3CBF683F4136D5BEE1
:10481000AE12693F67C8D3BE9165693F095AD2BEDF
:10482000E4B7693F2AEBD0BEA7096A3FCA7BCFBE77
:10483000D95A6A3FEA0BCEBE7BAB6A3F8B9BCCBE9C
:104840008CFB6A3FAE2ACBBE0C4B6B3F53B9C9BE43
:10485000FB996B3F7C47C8BE58E86B3F29D5C6BE65
:1048600024366C3F5C62C5BE5E836C3F15EFC3BEF1
:1048700007D06C3F557BC2BE1D1C6D3F1E07C1BEDD
:10488000A1676D3F6F92BFBE93B26D3F4A1DBEBE22
:10489000F2FC6D3FAFA7BCBEBE466E3FA031BBBEB3
:1048A000F88F6E3F1EBBB9BE9ED86E3F2A44B8BE7D
:1048B000B0206F3FC3CCB6BE30686F3FEC54B5BE7E
:1048C0001BAF6F3FA5DCB3BE73F56F3FEF63B2BEA6
:1048D000373B703FCBEAB0BE6680703F3A71AFBEE7
:1048E00002C5703F3CF7ADBE0809713FD47CACBE39
:1048F0007A4C713F0102ABBE578F713FC486A9BE8F
:104900009FD1713F1F0BA8BE5213723F128FA6BEDC
:104910007054723F9F12A5BEF894723FC595A3BE16
:10492000EBD4723F8718A2BE4714733FE59AA0BE2E
:104930000E53733FDF1C9FBE3F91733F789E9DBE19
:10494000D9CE733FAF1F9CBEDD0B743F86A09ABECD
:104950004B48743FFE2099BE2284743F17A197BE36
:1049600062BF743FD22096BE0BFA743F31A094BE52
:104970001D34753F351F93BE976D753FDD9D91BE0C
:104980007BA6753F2C1C90BEC6DE753F229A8EBE5C
:104990007A16763FC0178DBE974D763F07958BBE32
:1049A0001B84763FF8118ABE07BA763F938E88BE85
:1049B0005BEF763FDA0A87BE1724773FCE8685BE47
:1049C0003A58773F700284BEC58B773FC07D82BE68
:1049D000B7BE773FC0F880BE10F1773FE1E67EBEFC
:1049E000D122783FA4DB7BBEF853783FCCCF78BE92
:1049F0008684783F5AC375BE7BB4783F51B672BE89
:104A0000D6E3783FB2A86FBE9812793F7F9A6CBE0A
:104A1000C040793FBA8B69BE4E6E793F667C66BEF8
:104A2000439B793F836C63BE9DC7793F135C60BE37
:104A30005EF3793F1A4B5DBE841E7A3F97395ABEAA
:104A400010497A3F8F2757BE02737A3F011554BE33
:104A5000599C7A3FF10151BE16C57A3F60EE4DBEBA
:104A600037ED7A3F4FDA4ABEBE147B3FC2C547BE20
:104A7000AB3B7B3FB9B044BEFC617B3F379B41BE43
:104A8000B2877B3F3E853EBECDAC7B3FCF6E3BBE0B
:104A90004DD17B3FEC5738BE31F57B3F984035BE5A
:104AA0007A187C3FD42832BE283B7C3FA2102FBE10
:104AB0003A5D7C3F04F82BBEB07E7C3FFCDE28BE16
:104AC0008A9F7C3F8CC525BEC9BF7C3FB6AB22BE4A
:104AD0006CDF7C3F7B911FBE73FE7C3FDE761CBE8D
:104AE000DD1C7D3FE05B19BEAC3A7D3F834016BEC6
:104AF000DE577D3FCA2413BE74747D3FB70810BED5
:104B00006E907D3F4AEC0CBECCAB7D3F86CF09BE9C
:104B10008CC67D3F6EB206BEB1E07D3F029503BEFE
:104B200038FA7D3F457700BE24137E3F73B2FABD4D
:104B3000722B7E3FC075F4BD23437E3F7638EEBDB9
:104B4000385A7E3F9AFAE7BDB0707E3F2EBCE1BD79
:104B50008B867E3F377DDBBDC99B7E3FB93DD5BD92
:104B600069B07E3FB7FDCEBD6DC47E3F36BDC8BDCA
:104B7000D4D77E3F397CC2BD9DEA7E3FC33ABCBDDF
:104B8000C9FC7E3FDAF8B5BD580E7F3F80B6AFBD99
:104B9000491F7F3FBA73A9BD9D2F7F3F8C30A3BDB6
:104BA000543F7F3FF9EC9CBD6D4E7F3F05A996BDFC
:104BB000E95C7F3FB46490BDC76A7F3F0A208ABD2D
:104BC00008787F3F0ADB83BDAB847F3F742B7BBDBE
:104BD000B1907F3F38A06EBD189C7F3F681462BDC6
:104BE000E3A67F3F0E8855BD0FB17F3F2FFB48BD29
:104BF0009EBA7F3FD56D3CBD8FC37F3F07E02FBD81
:104C0000E2CB7F3FCC5123BD98D37F3F2CC316BD51
:104C1000AFDA7F3F2F340ABD29E17F3FB949FBBCA2
:104C200005E77F3F7B2AE2BC43EC7F3FB00AC9BC6B
:104C3000E3F07F3F69EAAFBCE6F47F3FB6C996BCBC
:104C40004AF87F3F4B517BBC11FB7F3F900E49BC24
:104C500039FD7F3F59CB16BCC4FE7F3F890FC9BBCE
:104C6000B1FF7F3FC70F49BB080040001800480054
:104C7000100040002800500020004000380058007C
:104C8000300048005800680048006000680070006C
:104C900008004000100080001800C0002000400004
:104CA00028004800300088003800C800400080001C
:104CB000480050005800D000500090006000C00034
:104CC0006800D000700098007800D8008800C0000C
:104CD0009000A000A800D0009800E000B000D00034
:104CE000B800E800D800F000C800E000E800F000DC
:104CF00008004000100080001800C00020000001E3
:104D000028004001300080013800C00150008800B8
:104D10005800C80060000801680048017000880160
:104D20007800C8019800D000A0001001A800500130
:104D3000B0009001B800D001E0001801E80058016F
:104D4000F0009801F800D801280160013001A001AD
:104D50003801E0017001A8017801E801B801F00113
:104D600008000002100040001800400220008000EF
:104D7000280080023000C0003800C002400000015E
:104D800048000003500040015800400360008001CB
:104D9000680080037000C0017800C003800000023A
:104DA000880008029000000398004802A000080252
:104DB000A8008802B000C800B800C802C0000801FE
:104DC000C8000803D0004801D8004803E00088016B
:104DD000E8008803F000C801F800C80308011002C9
:104DE0001001400118015002200100032801900227
:104DF000300148013801D002480110035801500326
:104E000060019001680190037001D0017801D00326
:104E10008001400288011802900140039801580265
:104E2000A0014802A8019802B0014803B801D802C5
:104E3000C0015002C8011803D0015003D801580323
:104E4000E0015802E8019803F0015803F801D80383
:104E50000802200210024002180260022802A0028A
:104E6000300260023802E0024002000348022003E0
:104E70005002400358026003600220036802A0034E
:104E8000700260037802E0038802A00290028003AF
:104E90009802A003B0028803B802E802C0028003AF
:104EA000C8022803D0029003D8026803E002A003DE
:104EB000E802A803F0029803F802E80308032003BD
:104EC00010034003180360032803880330036003C2
:104ED0003803980348036003580370036803B00362
:104EE0007803F0038803A0039003C0039803E00352
:104EF000B003C803B803E803C803E003D803F00312
:104F00000800000210000004180000062000400005
:104F10002800400230004004380040064000800075
:104F20004800800250008004580080066000C000E5
:104F30006800C0027000C0047800C0068000000154
:104F4000880000039000000598000007A0004001C1
:104F5000A8004003B0004005B8004007C000800131
:104F6000C8008003D0008005D8008007E000C001A1
:104F7000E800C003F000C005F800C007000100020F
:104F80000801080210010804180108062001800227
:104F90002801480230014804380148064001000356
:104FA0004801880250018804580188066001800386
:104FB0006801C8027001C8047801C80680010802AF
:104FC000880108039001080598010807A0018802DC
:104FD000A8014803B0014805B8014807C00108030B
:104FE000C8018803D0018805D8018807E00188033B
:104FF000E801C803F001C805F801C807080210025B
:10500000000200041002100418021006200280049E
:1050100028025002300250043802500640020005B7
:1050200048029002500290045802900660028005E7
:105030006802D0027002D0047802D0068002080410
:10504000880210039002100598021007A00288043D
:10505000A8025003B0025005B8025007C00208056C
:10506000C8029003D0029005D8029007E00288059C
:10507000E802D003F002D005F802D00700030006D2
:1050800008031006100318041803180620038006EE
:1050900028039006300358043803580640030007DD
:1050A00048031007500398045803980660038007CC
:1050B000680390077003D8047803D80680030806B5
:1050C000880318069003180598031807A00388069C
:1050D000A8039806B0035805B8035807C00308078B
:1050E000C8031807D0039805D8039807E00388077A
:1050F000E8039807F003D805F803D80708048004EC
:1051000010042004180420062804800530046004DC
:105110003804600640040006480488045004A004D3
:105120005804A00660041006680488057004E004B2
:105130007804E0068804800690042005980420077F
:10514000A0040806A8048007B0046005B80460073E
:10515000C0042006C8048806D004A005D804A0070F
:10516000E0041806E8048807F004E005F804E00706
:105170000805200510058005180528062805900556
:1051800030058805380568064005000748052007F2
:10519000500580075805A8066005080768059805AA
:1051A000700588077805E8068805900698052807A1
:1051B000A0052806A8059007B0052807B8056807C8
:1051C000C0051007C8059806D0059007D805A807A0
:1051D000E0051807E8059807F0059807F805E807BF
:1051E0001806300638067006400600074806800795
:1051F000500608075806B0066006100768069007B4
:10520000700618077806F0068806A006980630078C
:10521000A806A007B0068807B8067007C0062007D2
:10522000C806A007D0062807D806B007E006300752
:10523000E806A807F0069807F806F00748075007A1
:105240003807980750076007580770076007C007BE
:105250006807D0077807F0077007E007B807F0077E
:10526000A807B007D807F007C807E007E807F00766
:1052700008000002100000041800000620000008CA
:105280002800000A3000000C3800000E48004002E0
:105290005000400458004006600040086800400A82
:1052A0007000400C7800400E88008002900080045E
:1052B00098008006A0008008A800800AB000800C3A
:1052C000B800800EC800C002D000C004D800C006DC
:1052D000E000C008E800C00AF000C00CF800C00EF2
:1052E0000801000310010005180100072001000952
:1052F0002801000B3001000D3801000F4801400368
:105300005001400558014007600140096801400B09
:105310007001400D7801400F8801800390018005E5
:1053200098018007A0018009A801800BB001800DC1
:10533000B801800FC801C003D001C005D801C00763
:10534000E001C009E801C00BF001C00DF801C00F79
:105350001002080418020806200208082802080A99
:105360003002080C3802080E500248045802480661
:10537000600248086802480A7002480C7802480E29
:105380009002880498028806A0028808A802880A69
:10539000B002880CB802880ED002C804D802C80631
:1053A000E002C808E802C80AF002C80CF802C80EF9
:1053B0001003080518030807200308092803080B31
:1053C0003003080D3803080F5003480558034807F9
:1053D000600348096803480B7003480D7803480FC1
:1053E0009003880598038807A0038809A803880B01
:1053F000B003880DB803880FD003C805D803C807C9
:10540000E003C809E803C80BF003C80DF803C80F90
:1054100018041006200410082804100A3004100C88
:105420003804100E58045006600450086804500AEE
:105430007004500C7804500E98049006A004900854
:10544000A804900AB004900CB804900ED804D006BA
:10545000E004D008E804D00AF004D00CF804D00E20
:1054600018051007200510092805100B3005100D30
:105470003805100F58055007600550096805500B96
:105480007005500D7805500F98059007A0059009FC
:10549000A805900BB005900DB805900FD805D00762
:1054A000E005D009E805D00BF005D00DF805D00FC8
:1054B000200618082806180A3006180C3806180E98
:1054C000600658086806580A7006580C7806580E88
:1054D000A0069808A806980AB006980CB806980E78
:1054E000E006D808E806D80AF006D80CF806D80E68
:1054F000200718092807180B3007180D3807180F50
:10550000600758096807580B7007580D7807580F3F
:10551000A0079809A807980BB007980DB807980F2F
:10552000E007D809E807D80BF007D80DF807D80F1F
:105530002808200A3008200C3808200E6808600A65
:105540007008600C7808600EA808A00AB008A00CCB
:10555000B808A00EE808E00AF008E00CF808E00E31
:105560002809200B3009200D3809200F6809600B2D
:105570007009600D7809600FA809A00BB009A00D93
:10558000B809A00FE809E00BF009E00DF809E00FF9
:10559000300A280C380A280E700A680C780A680E3F
:1055A000B00AA80CB80AA80EF00AE80CF80AE80E2F
:1055B000300B280D380B280F700B680D780B680F17
:1055C000B00BA80DB80BA80FF00BE80DF80BE80F07
:1055D000380C300E780C700EB80CB00EF80CF00EC3
:1055E000380D300F780D700FB80DB00FF80DF00FAB
:1055F0000800001010000002180000122000000433
:105600002800001430000006380000164000000892
:10561000480000185000000A5800001A6000000CF2
:105620006800001C7000000E7800001E800000085A
:10563000880040109000400298004012A0004004F2
:10564000A8004014B0004006B8004016C000400852
:10565000C8004018D000400AD800401AE000400CB2
:10566000E800401CF000400EF800401E0001000859
:1056700008018010100180021801801220018004AE
:10568000280180143001800638018016400180080E
:10569000480180185001800A5801801A6001800C6E
:1056A0006801801C7001800E7801801E8001400816
:1056B0008801C0109001C0029801C012A001C0046E
:1056C000A801C014B001C006B801C016C001C008CE
:1056D000C801C018D001C00AD801C01AE001C00C2E
:1056E000E801C01CF001C00EF801C01E0002000855
:1056F0000802001110020003180200132002000526
:105700002802001530020007380200174002000985
:10571000480200195002000B5802001B6002000DE5
:105720006802001D7002000F7802001F80028008CE
:10573000880240119002400398024013A0024005E5
:10574000A8024015B0024007B8024017C002400945
:10575000C8024019D002400BD802401BE002400DA5
:10576000E802401DF002400FF802401F000340080D
:1057700008038011100380031803801320038005A1
:105780002803801530038007380380174003800901
:10579000480380195003800B5803801B6003800D61
:1057A0006803801D7003800F7803801F8003C0088A
:1057B0008803C0119003C0039803C013A003C00561
:1057C000A803C015B003C007B803C017C003C009C1
:1057D000C803C019D003C00BD803C01BE003C00D21
:1057E000E803C01DF003C00FF803C01F0004001041
:1057F00008040810100400111804081220040810EE
:105800002804081430040806380408164004080860
:10581000480408185004080A5804081A6004080CC0
:105820006804081C7004080E7804081E8004001820
:10583000880448109004001998044812A00408181D
:10584000A8044814B0044806B8044816C004480820
:10585000C8044818D004480AD804481AE004480C80
:10586000E804481CF004480EF804481E00054010E7
:1058700008058810100540111805881220054810E9
:1058800028058814300588063805881640058808DC
:10589000480588185005880A5805881A6005880C3C
:1058A0006805881C7005880E7805881E80054018DC
:1058B0008805C810900540199805C812A005481819
:1058C000A805C814B005C806B805C816C005C8089C
:1058D000C805C818D005C80AD805C81AE005C80CFC
:1058E000E805C81CF005C80EF805C81E00068010A3
:1058F00008060811100680111806081320068810E3
:105900002806081530060807380608174006080953
:10591000480608195006080B5806081B6006080DB3
:105920006806081D7006080F7806081F8006801894
:10593000880648119006801998064813A006881812
:10594000A8064815B0064807B8064817C006480913
:10595000C8064819D006480BD806481BE006480D73
:10596000E806481DF006480FF806481F0007C0105B
:10597000080788111007C011180788132007C810DE
:1059800028078815300788073807881740078809CF
:10599000480788195007880B5807881B6007880D2F
:1059A0006807881D7007880F7807881F8007C01850
:1059B0008807C8119007C0199807C813A007C8180E
:1059C000A807C815B007C807B807C817C007C8098F
:1059D000C807C819D007C80BD807C81BE007C80DEF
:1059E000E807C81DF007C80FF807C81F08081010FF
:1059F0001008400818081012200800112808101478
:105A00003008801138081016480810185008100A7D
:105A10005808101A6008100C6808101C7008100E46
:105A20007808101E8008000A880850109008000BA3
:105A300098085012A008080AA8085014B008080BCB
:105A4000B8085016C008100AC8085018D008500AE4
:105A5000D808501AE008500CE808501CF008500E06
:105A6000F808501E080990101009800918099012B2
:105A70002009001928099014300980193809901656
:105A80004009000B480990185009900A5809901ACB
:105A90006009900C6809901C7009900E7809901E9E
:105AA0008009400A8809D0109009400B9809D0124B
:105AB000A009480AA809D014B009480BB809D016A3
:105AC000C009500AC809D018D009D00AD809D01A7C
:105AD000E009D00CE809D01CF009D00EF809D01E5E
:105AE000080A1011180A1013200A4011280A10156C
:105AF000300AC011380A1017480A1019500A100B42
:105B0000580A101B600A100D680A101D700A100F49
:105B1000780A101F880A5011900A800B980A5013B7
:105B2000A00A5011A80A5015B00A880BB80A5017DD
:105B3000C00A800BC80A5019D00A500BD80A501B53
:105B4000E00A500DE80A501DF00A500FF80A501FE5
:105B5000080B9011180B9013200B4019280B90156F
:105B6000300BC019380B9017480B9019500B900B45
:105B7000580B901B600B900D680B901D700B900FD5
:105B8000780B901F880BD011900BC00B980BD01383
:105B9000A00B5019A80BD015B00BC80BB80BD01721
:105BA000C80BD019D80BD01BE00BD00DE80BD01DC3
:105BB000F00BD00FF80BD01F000C0012080C1810BF
:105BC000100C0013180C1812200C0812280C1814B2
:105BD000300C0813380C1816400C1012480C18180A
:105BE000500C1013580C181A600C1812680C181C62
:105BF000700C180E780C181E800C001A880C5810A7
:105C0000900C001B980C5812A00C081AA80C5814E1
:105C1000B00C081BB80C5816C00C101AC80C581839
:105C2000D00C101BD80C581AE00C181AE80C581C91
:105C3000F00C580EF80C581E000D4012080D98106C
:105C4000100D4013180D9812200D4812280D9814AD
:105C5000300D4813380D9816400D5012480D981805
:105C6000500D5013580D981A600D5812680D981C5D
:105C7000700D980E780D981E800D401A880DD81062
:105C8000900D401B980DD812A00D481AA80DD814DD
:105C9000B00D481BB80DD816C00D501AC80DD81835
:105CA000D00D501BD80DD81AE00D581AE80DD81C8D
:105CB000F00DD80EF80DD81E000E8012080E181127
:105CC000100E8013180E1813200E8812280E1815A7
:105CD000300E8813380E1817400E9012480E1819FF
:105CE000500E9013580E181B600E9812680E181D57
:105CF000700E180F780E181F800E801A880E58111B
:105D0000900E801B980E5813A00E881AA80E5815D6
:105D1000B00E881BB80E5817C00E901AC80E58192E
:105D2000D00E901BD80E581BE00E981AE80E581D86
:105D3000F00E580FF80E581F000FC012080F9811E0
:105D4000100FC013180F9813200FC812280F9815A2
:105D5000300FC813380F9817400FD012480F9819FA
:105D6000500FD013580F981B600FD812680F981D52
:105D7000700F980F780F981F800FC01A880FD811D6
:105D8000900FC01B980FD813A00FC81AA80FD815D2
:105D9000B00FC81BB80FD817C00FD01AC80FD8192A
:105DA000D00FD01BD80FD81BE00FD81AE80FD81D82
:105DB000F00FD81BF80FD81F08102010101040103B
:105DC00018102012281020143010881038102016B7
:105DD0004010001148102018501040115810201A7F
:105DE000601008126810201C701088127810201E95
:105DF0008010001288100812901040129810601243
:105E0000A0102012A8106014B0106012B810601614
:105E1000C0100013C8106018D0104013D810601ABA
:105E2000E0101812E810601CF0109812F810601EB4
:105E300008112012101140111811A0122011081879
:105E40002811A014301188183811A0164811A01874
:105E50005811A01A6011081A6811A01C7011881A34
:105E60007811A01E80111012881118129011501272
:105E70009811E012A0111818A811E014B011981888
:105E8000B811E016C0111013C811E018D01150134A
:105E9000D811E01AE011181AE811E01CF011981A54
:105EA000F811E01E0012001808120818101240180D
:105EB00018122013201220182812201530126018F2
:105EC0003812201740120019481220195012401998
:105ED0005812201B601220196812201D7012C8125F
:105EE0007812201F8012001A8812081A9012401A85
:105EF00098126013A012201AA8126015B012601A2E
:105F0000B8126017C012001BC8126019D012401BD3
:105F1000D812601BE012201BE812601DF012601BFB
:105F2000F812601F001310180813181810135018D7
:105F30001813A013201348182813A0153013C818DD
:105F40003813A017401310194813A01950135019F3
:105F50005813A01B6013481A6813A01D7013C81AA9
:105F60007813A01F8013101A8813181A9013501A50
:105F70009813E013A0135818A813E015B013D818FD
:105F8000B813E017C013101BC813E019D013501B2F
:105F9000D813E01BE013581AE813E01DF013D81AC9
:105FA000F813E01F081420141014001518142015FD
:105FB00030140815381428164014001548142818F1
:105FC000501410155814281A601420156814281C31
:105FD000701418157814281E8014001C8814201CB6
:105FE0009014001D9814201DA014081CA814281C2F
:105FF000B014081DB8146816C014101CC814681812
:10600000D014101DD814681AE014181CE814681C69
:10601000F014181DF814681E0815201510154015E9
:1060200018156015201528182815281C3015481536
:106030003815A8164815A8185815A81A6015281A52
:106040006815A81C7015A81A7815A81E8015401C84
:106050008815601C9015401D9815601DA015481CE2
:10606000A815681CB015481DB815E816C015501CB9
:10607000C815E818D015501DD815E81AE015581C99
:10608000E815E81CF015581DF815E81E0016001C50
:106090000816081C1016401C1816481C2016201C38
:1060A0002816281C3016601C381628174016001DAC
:1060B000481628195016401D5816281B6016201D1A
:1060C0006816281D7016601D7816281F8016801C03
:1060D0008816A01C9016801D9816A01DA016881C5E
:1060E000A816A81CB016881DB8166817C016901CF4
:1060F000C8166819D016901DD816681BE016981C93
:10610000E816681DF016981DF816681F0017101C79
:106110000817181C1017501C1817581C201768183F
:106120002817681C3017E8183817A8174017101DD3
:106130004817A8195017501D5817A81B6017681A40
:106140006817A81D7017E81A7817A81F8017C01CB9
:106150008817E01C9017C01D9817E01DA017C81CD9
:10616000A817E81CB017C81DB817E817C017D01C2F
:10617000C817E819D017D01DD817E81BE017D81C8E
:10618000E817E81DF017D81DF817E81F1818601851
:10619000301848183818601C5818301A6818301C05
:1061A0007018181A7818301E8018001A8818081AE3
:1061B0009018001B98186019A018201AA818281AFF
:1061C000B018201BB818601DC018101AC818181A6B
:1061D000D018101BD818701AE018301AE818701C64
:1061E000F018581AF818701E081920191819601A92
:1061F0002819081D301988193819881D4819201BBD
:106200005819B01A6019081B6819B01C7019881B3E
:106210007819B01E8019401A8819481A9019401B25
:106220009819601BA019601AA819181DB019601BD5
:10623000B819981DC019501AC819581AD019501BEE
:10624000D819F01AE019181BE819F01CF019981B5E
:10625000F819F01E381A701C581A301B681A301DB5
:10626000701A181B781A301F901AC01A981AC81A78
:10627000B01AE01AB81AE81AC01A801BC81A881B8C
:10628000D01AC01BD81A701BE01AA01BE81A701D88
:10629000F01AE01BF81A701F281B481D381BC81D78
:1062A000481B601B581BB01B681BB01D701BC81B14
:1062B000781BB01F901BC01B981BC81BA81B581D28
:1062C000B01BE01BB81BD81DD81BF01BE81BF01D32
:1062D000F81BF01F081C201C181C301C381C681CE4
:1062E000481C601C581C701C781C381E801C001E2A
:1062F000881C201E901C001F981C201FA01C081E1C
:10630000A81C281EB01C081FB81C281FC01C101E6B
:10631000C81C301ED01C101FD81C301FE01C181EBB
:10632000E81C381EF01C181FF81C781E081D201DC4
:10633000181D301D381DA81D481D601D581D701DDD
:10634000681D281F781DB81E801D401E881D601EF8
:10635000901D401F981D601FA01D481EA81D681E8F
:10636000B01D481FB81D681FC01D501EC81D701EDF
:10637000D01D501FD81D701FE01D581EE81D781E2F
:10638000F01D581FF81DF81E081E201E181E301E76
:10639000481E601E581E701E781E381F881EA01EC4
:1063A000901E801F981EA01FB01E881FB81EA81F19
:1063B000C01E801FC81E881FD01E901FD81EB01F71
:1063C000E01EA01FE81EA81FF01E981FF81E781FD1
:1063D000081F201F181F301F481F601F581F701FE5
:1063E000781FB81F881FA01F901FC01F981FE01F95
:1063F000B01FC81FB81FE81FC81FE01FD81FF01F1D
:1064000008000010100000201800003020000002DA
:106410002800001230000022380000324000000442
:1064200048000014500000245800003460000006AA
:106430006800001670000026780000368000000812
:10644000880000189000002898000038A000000A7A
:10645000A800001AB000002AB800003AC000000CE2
:10646000C800001CD000002CD800003CE000000E4A
:10647000E800001EF000002EF800003E00010004BD
:106480000801401010014020180140302001400256
:1064900028014012300140223801403240014004BE
:1064A0004801401450014024580140346001400626
:1064B000680140167001402678014036800140088E
:1064C000880140189001402898014038A001400AF6
:1064D000A801401AB001402AB801403AC001400C5E
:1064E000C801401CD001402CD801403CE001400EC6
:1064F000E801401EF001402EF801403E0002000875
:1065000008028010100280201802803020028002D1
:106510002802801230028022380280324002800439
:1065200048028014500280245802803460028006A1
:106530006802801670028026780280368002800809
:10654000880280189002802898028038A002800A71
:10655000A802801AB002802AB802803AC002800CD9
:10656000C802801CD002802CD802803CE002800E41
:10657000E802801EF002802EF802803E0003000C2C
:106580000803C0101003C0201803C0302003800C83
:106590002803C0123003C0223803C0324003C004B5
:1065A0004803C0145003C0245803C0346003C0061D
:1065B0006803C0167003C0267803C0368003C00885
:1065C0008803C0189003C0289803C038A003C00AED
:1065D000A803C01AB003C02AB803C03AC003C00C55
:1065E000C803C01CD003C02CD803C03CE003C00EBD
:1065F000E803C01EF003C02EF803C03E08040011DB
:1066000010040021180400312004000C2804001399
:10661000300400233804003340040005480400150A
:106620005004002558040035600400076804001772
:1066300070040027780400378004000988040019DA
:106640009004002998040039A004000BA804001B42
:10665000B004002BB804003BC004000DC804001DAA
:10666000D004002DD804003DE004000FE804001F12
:10667000F004002FF804003F0805401110054021E8
:10668000180540312005000D280540133005402332
:10669000380540334805401550054025580540351C
:1066A00060054007680540177005402778054037AA
:1066B0008005400988054019900540299805403912
:1066C000A005400BA805401BB005402BB805403B7A
:1066D000C005400DC805401DD005402DD805403DE2
:1066E000E005400FE805401FF005402FF805403F4A
:1066F0000006400808068011100680211806803127
:106700002006C00828068013300680233806803310
:1067100040064009480680155006802558068035F9
:106720006006800768068017700680277806803725
:10673000800680098806801990068029980680398D
:10674000A006800BA806801BB006802BB806803BF5
:10675000C006800DC806801DD006802DD806803D5D
:10676000E006800FE806801FF006802FF806803FC5
:106770000007400C0807C0111007C0211807C031DE
:106780002007C00C2807C0133007C0233807C033C8
:106790004007400D4807C0155007C0255807C035B1
:1067A0006007C0076807C0177007C0277807C037A1
:1067B0008007C0098807C0199007C0299807C03909
:1067C000A007C00BA807C01BB007C02BB807C03B71
:1067D000C007C00DC807C01DD007C02DD807C03DD9
:1067E000E007C00FE807C01FF007C02FF807C03F41
:1067F00000080010080808101008082018080830C1
:1068000020088010280808123008082238080832AA
:106810004008001148080814500808245808083493
:10682000600880116808081670080826780808367D
:106830008008081088080818900808289808083860
:10684000A008080AA808081AB008082AB808083AD0
:10685000C008080CC808081CD008082CD808083C38
:10686000E008080EE808081EF008082EF808083EA0
:106870000009001408094810100948201809483078
:106880002009801428094812300948223809483262
:10689000400900154809481450094824580948344B
:1068A0006009801568094816700948267809483635
:1068B0008009081488094818900948289809483818
:1068C000A009480AA809481AB009482AB809483A4C
:1068D000C009480CC809481CD009482CD809483CB4
:1068E000E009480EE809481EF009482EF809483E1C
:1068F000000A0018080A8810100A8820180A883030
:10690000200A8018280A8812300A8822380A883219
:10691000400A0019480A8814500A8824580A883402
:10692000600A8019680A8816700A8826780A8836EC
:10693000800A0818880A8818900A8828980A8838CF
:10694000A00A8818A80A881AB00A882AB80A883AB9
:10695000C00A880CC80A881CD00A882CD80A883C2F
:10696000E00A880EE80A881EF00A882EF80A883E97
:10697000000B001C080BC810100BC820180BC830E7
:10698000200B801C280BC812300BC822380BC832D1
:10699000400B001D480BC814500BC824580BC834BA
:1069A000600B801D680BC816700BC826780BC836A4
:1069B000800B081C880BC818900BC828980BC83887
:1069C000A00B881CA80BC81AB00BC82AB80BC83A71
:1069D000C00BC80CC80BC81CD00BC82CD80BC83CAB
:1069E000E00BC80EE80BC81EF00BC82EF80BC83E13
:1069F000000C4010080C0811100C0821180C08316C
:106A0000200CC010280C0813300C0823380C083355
:106A1000400C4011480C0815500C0825580C08353E
:106A2000600CC011680C0817700C0827780C083728
:106A3000800C4810880C0819900C0829980C08390B
:106A4000A00CC810A80C081BB00C082BB80C083BF5
:106A5000C00C080DC80C081DD00C082DD80C083D22
:106A6000E00C080FE80C081FF00C082FF80C083F8A
:106A7000000D4014080D4811100D4821180D483123
:106A8000200DC014280D4813300D4823380D48330D
:106A9000400D4015480D4815500D4825580D4835F6
:106AA000600DC015680D4817700D4827780D4837E0
:106AB000800D4814880D4819900D4829980D4839C3
:106AC000A00DC814A80D481BB00D482BB80D483BAD
:106AD000C00D4815C80D481DD00D482DD80D483D96
:106AE000E00D480FE80D481FF00D482FF80D483F06
:106AF000000E4018080E8811100E8821180E8831DB
:106B0000200EC018280E8813300E8823380E8833C4
:106B1000400E4019480E8815500E8825580E8835AD
:106B2000600EC019680E8817700E8827780E883797
:106B3000800E4818880E8819900E8829980E88397A
:106B4000A00EC818A80E881BB00E882BB80E883B64
:106B5000C00E4819C80E881DD00E882DD80E883D4D
:106B6000E00E880FE80E881FF00E882FF80E883F81
:106B7000000F401C080FC811100FC821180FC83192
:106B8000200FC01C280FC813300FC823380FC8337C
:106B9000400F401D480FC815500FC825580FC83565
:106BA000600FC01D680FC817700FC827780FC8374F
:106BB000800F481C880FC819900FC829980FC83932
:106BC000A00FC81CA80FC81BB00FC82BB80FC83B1C
:106BD000C00F481DC80FC81DD00FC82DD80FC83D05
:106BE000E00FC81DE80FC81FF00FC82FF80FC83FEF
:106BF0000010002008101010101010201810103075
:106C0000201080202810101230101022381010325E
:106C10004010002148101014501010245810103447
:106C20006010802168101016701010267810103631
:106C30008010082088101018901010289810103814
:106C4000A0108820A810101AB010102AB810103AFE
:106C5000C0100821C810101CD010102CD810103CE7
:106C6000E0108821E810101EF010102EF810103ED1
:106C70000011002408111024101150201811503058
:106C80002011802428115012301150223811503216
:106C900040110025481150145011502458115034FF
:106CA00060118025681150167011502678115036E9
:106CB00080110824881150189011502898115038CC
:106CC000A0118824A811501AB011502AB811503AB6
:106CD000C0110825C811501CD011502CD811503C9F
:106CE000E0118825E811501EF011502EF811503E89
:106CF000001200280812102810129020181290304C
:106D000020128028281290123012902238129032CD
:106D100040120029481290145012902458129034B6
:106D200060128029681290167012902678129036A0
:106D30008012082888129018901290289812903883
:106D4000A0128828A812901AB012902AB812903A6D
:106D5000C0120829C812901CD012902CD812903C56
:106D6000E0128829E812901EF012902EF812903E40
:106D70000013002C0813102C1013D0201813D0303F
:106D80002013802C2813902C3013D0223813D032AB
:106D90004013002D4813D0145013D0245813D0346E
:106DA0006013802D6813D0167013D0267813D03658
:106DB0008013082C8813D0189013D0289813D0383B
:106DC000A013882CA813D01AB013D02AB813D03A25
:106DD000C013082DC813D01CD013D02CD813D03C0E
:106DE000E013882DE813D01EF013D02EF813D03EF8
:106DF00000144020081450201014102118141031D1
:106E00002014C0202814D02030141023381410333C
:106E100040144021481410155014102558141035F2
:106E20006014C021681410177014102778141037DC
:106E300080144820881410199014102998141039BF
:106E4000A014C820A814101BB014102BB814103BA9
:106E5000C0144821C814101DD014102DD814103D92
:106E6000E014C821E814101FF014102FF814103F7C
:106E700000154024081550241015502118155031C4
:106E80002015C0242815D024301550233815503330
:106E900040154025481550155015502558155035AA
:106EA0006015C02568155017701550277815503794
:106EB0008015482488155019901550299815503977
:106EC000A015C824A815501BB015502BB815503B61
:106ED000C0154825C815501DD015502DD815503D4A
:106EE000E015C825E815501FF015502FF815503F34
:106EF00000164028081650281016902118169031B8
:106F00002016C0282816D028301690233816903323
:106F1000401640294816502950169025581690358D
:106F20006016C0296816901770169027781690374B
:106F3000801648288816901990169029981690392E
:106F4000A016C828A816901BB016902BB816903B18
:106F5000C0164829C816901DD016902DD816903D01
:106F6000E016C829E816901FF016902FF816903FEB
:106F70000017402C0817502C1017D0211817D031AB
:106F80002017C02C2817D02C3017D0233817D03317
:106F90004017402D4817502D5017D0255817D03581
:106FA0006017C02D6817D0177017D0277817D03703
:106FB0008017482C8817D0199017D0299817D039E6
:106FC000A017C82CA817D01BB017D02BB817D03BD0
:106FD000C017482DC817D01DD017D02DD817D03DB9
:106FE000E017C82DE817D01FF017D02FF817D03FA3
:106FF0000018003008181030101818201818183011
:10700000201880302818903030181822381818327C
:1070100040180031481810315018182458181834E6
:107020006018803168189031701818267818183652
:1070300080180830881818309018182898181838B0
:10704000A0188830A818181AB018182AB818183AB2
:10705000C0180831C818181CD018182CD818183C9B
:10706000E0188831E818181EF018182EF818183E85
:107070000019003408191034101958201819583004
:107080002019803428199034301958223819583270
:1070900040190035481910355019582458195834DA
:1070A0006019803568199035701958267819583646
:1070B00080190834881918349019582898195838A4
:1070C000A0198834A819581AB019582AB819583A6A
:1070D000C0190835C819581CD019582CD819583C53
:1070E000E0198835E819581EF019582EF819583E3D
:1070F000001A0038081A1038101A9820181A9830F8
:10710000201A8038281A9038301A9822381A983263
:10711000401A0039481A1039501A9824581A9834CD
:10712000601A8039681A9039701A9826781A983639
:10713000801A0838881A1838901A9828981A983897
:10714000A01A8838A81A9838B01A982AB81A983A03
:10715000C01A0839C81A981CD01A982CD81A983C0A
:10716000E01A8839E81A981EF01A982EF81A983EF4
:10717000001B003C081B103C101BD820181BD830EB
:10718000201B803C281B903C301BD822381BD83257
:10719000401B003D481B103D501BD824581BD834C1
:1071A000601B803D681B903D701BD826781BD8362D
:1071B000801B083C881B183C901BD828981BD8388B
:1071C000A01B883CA81B983CB01BD82AB81BD83AF7
:1071D000C01B083DC81BD81CD01BD82CD81BD83CC2
:1071E000E01B883DE81BD81EF01BD82EF81BD83EAC
:1071F000001C4030081C5030101C1821181C18317D
:10720000201CC030281CD030301C1823381C1833E8
:10721000401C4031481C5031501C1825581C183552
:10722000601CC031681CD031701C1827781C1837BE
:10723000801C4830881C5830901C1829981C18391C
:10724000A01CC830A81CD830B01C182BB81C183B88
:10725000C01C4831C81C181DD01C182DD81C183D46
:10726000E01CC831E81C181FF01C182FF81C183F30
:10727000001D4034081D5034101D5821181D583170
:10728000201DC034281DD034301D5823381D5833DC
:10729000401D4035481D5035501D5825581D583546
:1072A000601DC035681DD035701D5827781D5837B2
:1072B000801D4834881D5834901D5829981D583910
:1072C000A01DC834A81DD834B01D582BB81D583B7C
:1072D000C01D4835C81D5835D01D582DD81D583DE6
:1072E000E01DC835E81D581FF01D582FF81D583FE8
:1072F000001E4038081E5038101E9821181E983164
:10730000201EC038281ED038301E9823381E9833CF
:10731000401E4039481E5039501E9825581E983539
:10732000601EC039681ED039701E9827781E9837A5
:10733000801E4838881E5838901E9829981E983903
:10734000A01EC838A81ED838B01E982BB81E983B6F
:10735000C01E4839C81E5839D01E982DD81E983DD9
:10736000E01EC839E81E981FF01E982FF81E983F9F
:10737000001F403C081F503C101FD821181FD83157
:10738000201FC03C281FD03C301FD823381FD833C3
:10739000401F403D481F503D501FD825581FD8352D
:1073A000601FC03D681FD03D701FD827781FD83799
:1073B000801F483C881F583C901FD829981FD839F7
:1073C000A01FC83CA81FD83CB01FD82BB81FD83B63
:1073D000C01F483DC81F583DD01FD82DD81FD83DCD
:1073E000E01FC83DE81FD83DF01FD82FF81FD83F39
:1073F00008208020102020201820203028208028DD
:107400003020202238202032402000214820C02077
:107410005020202458202034602010246820C028C8
:107420007020202678202036882080309020202848
:1074300098202038A0200830A8208038B020202AAA
:10744000B820203AC0200821C820C030D020202CED
:10745000D820203CE0200831E820C038F020202E41
:10746000F820203E00210024082180211021102432
:1074700018216030202120242821802930216022F9
:1074800038216032402100254821C021502160244C
:1074900058216034602150246821C0297021602661
:1074A000782160368021082488218031902160284D
:1074B00098216038A0210834A8218039B021602AA1
:1074C000B821603AC0210825C821C031D021602CE4
:1074D000D821603CE0210835E821C039F021602E38
:1074E000F821603E0022003008228030102208304F
:1074F0001822A03020221030282288283022A022F2
:107500003822A032402240304822C0305022A024ED
:107510005822A034602250306822C8287022A02649
:107520007822A03680222030882288309022A0281D
:107530009822A038A0221830A8228838B022A02A89
:10754000B822A03AC0226030C822C830D022A02C75
:10755000D822A03CE0221831E822C838F022A02E20
:10756000F822A03E00230031082380311023083187
:107570001823E030202310312823882930231831A4
:107580003823E032402340314823C0315023E024E7
:107590005823E034602350316823C8297023E02643
:1075A0007823E03680231824882388319023E0282C
:1075B0009823E038A0231834A8238839B023E02A80
:1075C000B823E03AC0231825C823C831D023E02CC3
:1075D000D823E03CE0231835E823C839F023E02E17
:1075E000F823E03E0824802410242024182420318D
:1075F0002824802C302410313824203340240025C6
:107600004824C024502420255824203560241025E7
:107610006824C02C702420277824203788248034C4
:107620009024202998242039A0244830A824803C84
:10763000B024202BB824203BC0240825C824C03403
:10764000D024202DD824203DE0244831E824C03C1B
:10765000F024202FF824203F082580251025202500
:10766000182560312825802D30255031382560338C
:107670004825C02550256025582560356825C02D32
:10768000702560277825603788258035902560290A
:1076900098256039A0254834A825803DB025602B69
:1076A000B825603BC825C035D025602DD825603D64
:1076B000E0254835E825C03DF025602FF825603FDE
:1076C0000026003408268034102608341826A031FD
:1076D000202610342826882C302618343826A0334B
:1076E000402640344826C034502648345826A03519
:1076F000602650346826C82C7026A0277826A0372C
:1077000080262034882688349026A0299826A039FF
:10771000A0265830A826883CB026A02BB826A03B2F
:10772000C0266034C826C834D026A02DD826A03D57
:10773000E0265831E826C83CF026A02FF826A03FC6
:107740000027003508278035102708351827E03135
:10775000202710352827882D302718353827E03383
:10776000402740354827C035502748355827E03551
:10777000602750356827C82D7027E0277827E03725
:1077800080272035882788359027E0299827E039F9
:10779000A0275834A827883DB027E02BB827E03B26
:1077A000C0276035C827C835D027E02DD827E03D51
:1077B000E0275835E827C83DF027E02FF827E03FBD
:1077C00008282028102880281828283028289028C1
:1077D00030288828382828324028002C4828202C97
:1077E0005028802C582828346028082C6828D02855
:1077F0007028882C782828368828903098282838AF
:10780000A0282830A8289038B028282AB828283A54
:10781000C028102CC828D030D028282CD828283CA4
:10782000E028182CE828D038F028282EF828283E00
:107830000029002C0829082C1029102C1829683040
:107840002029202C282990293029D0303829683245
:107850004029402C4829602C5029C02C58296834D4
:107860006029482C6829D0297029C82C78296836C5
:107870008029802C882990319029282C98296838D3
:10788000A0292834A8299039B029682AB829683A4B
:10789000C029502CC829D031D029682CD829683C5F
:1078A000E029582CE829D039F029682EF829683EBB
:1078B000002A0038082A2038102A8038182AA830D0
:1078C000202A0838282A2838302A8838382AA83226
:1078D000402A003C482A203C502A803C582AA834A0
:1078E000602A083C682A283C702A883C782AA836F6
:1078F000802A1038882A9830902A9038982AA838F8
:10790000A02A1838A82A9838B02A9838B82AA83A4D
:10791000C02A103CC82AD830D02AA82CD82AA83C83
:10792000E02A183CE82AD838F02AA82EF82AA83EDF
:10793000002B4038082B6038102BC038182BE8304B
:10794000202B4838282B6838302BC838382BE832A1
:10795000402B403C482B603C502BC03C582BE8341B
:10796000602B483C682B683C702BC83C782BE83671
:10797000802B5038882B9831902BD038982BE838B2
:10798000A02B5838A82B9839B02BD838B82BE83A08
:10799000C02B503CC82BD831D02BE82CD82BE83C3E
:1079A000E02B583CE82BD839F02BE82EF82BE83E9A
:1079B000082C202C102C802C182C2831282C902CB2
:1079C000302C9031382C2833402C002D482C202D81
:1079D000502C802D582C2835602C082D682CD02C4C
:1079E000702C882D782C2837882C9034982C2839A6
:1079F000A02C6830A82C903CB02C6838B82C283BC0
:107A0000C02C102DC82CD034D02C282DD82C283D9B
:107A1000E02C182DE82CD03CF02C282FF82C283FF7
:107A2000082D202D102D802D182D6831282D902DFA
:107A3000302DD031382D6833482D602D502DC02D7C
:107A4000582D6835682DD02D702DC82D782D6837AC
:107A5000882D9035982D6839A02D6834A82D903D3B
:107A6000B02D683CB82D683BC82DD035D82D683D69
:107A7000E02D6835E82DD03DF02D682FF82D683FBA
:107A8000002E0039082E2039102E8039182EA831EA
:107A9000202E0839282E2839302E8839382EA83340
:107AA000402E003D482E203D502E803D582EA835BA
:107AB000602E083D682E283D702E883D782EA83710
:107AC000802E1039882E9834902E9039982EA8390F
:107AD000A02E1839A82E983CB02E9839B82EA83B65
:107AE000C02E103DC82ED834D02E903DD82EA83DA3
:107AF000E02E183DE82ED83CF02EA82FF82EA83FF7
:107B0000002F4039082F6039102FC039182FE83165
:107B1000202F4839282F6839302FC839382FE833BB
:107B2000402F403D482F603D502FC03D582FE83535
:107B3000602F483D682F683D702FC83D782FE8378B
:107B4000802F5039882F9835902FD039982FE839C9
:107B5000A02F5839A82F983DB02FD839B82FE83B1F
:107B6000C02F503DC82FD835D02FD03DD82FE83D5D
:107B7000E02F583DE82FD83DF02FD83DF82FE83FB3
:107B80001830303038303032403000314830083131
:107B90005030103158303034603020316830283166
:107BA00070301834783030368830A0309830303823
:107BB000A830A038B0308838B830303AC030803182
:107BC000C830E030D0309031D830303CE0308831AF
:107BD000E830E038F0308839F830303E0031003499
:107BE0000831083410311034183118342031203461
:107BF000283128343031303438317032403100355A
:107C000048310835503110355831703460312035E5
:107C1000683128357031583478317036803180348D
:107C20008831A0319031903498317038A031883447
:107C3000A831A039B031883CB831703AC0318035B4
:107C4000C831E031D0319035D831703CE0318835E1
:107C5000E831E039F031883DF831703E00320038CB
:107C600008328038103208381832883820321038FC
:107C700028329038303218383832B03240324038FA
:107C80004832C038503248385832B03460325038F8
:107C90006832D038703258387832B0368032203876
:107CA0008832A038903228389832B038A032303834
:107CB000A832A838B0329838B832B03AC0326038FA
:107CC000C832E038D0326838D832B03CE032703850
:107CD000E832E838F0329839F832B03E00330039F3
:107CE0000833803910330839183388392033103974
:107CF0002833903930331839383398394033403984
:107D00004833C039503348395833F0346033503930
:107D10006833D039703358397833F03680332039AE
:107D20008833A039903328399833F038A033983409
:107D3000A833A839B033983CB833F03AC03360392F
:107D4000C833E039D0336839D833F03CE033983564
:107D5000E833E839F033983DF833F03E18343034E6
:107D6000383418394034003548340835503410352B
:107D7000583430356034203568342835703418353F
:107D8000783430378834A03498343039A834A03C63
:107D9000B034C838B834303BC0348035C834E034EF
:107DA000D0349035D834303DE0348835E834E03C88
:107DB000F034C839F834303F183530353835583953
:107DC00058357035783570378835A0359835703925
:107DD000A835A03DB035C83CB835703BC835E03556
:107DE000D835703DE835E03DF035C83DF835703F99
:107DF0000036003C0836803C1036083C1836883C7B
:107E00002036103C2836903C3036183C3836983CAA
:107E10004036403C4836C03C5036483C5836C83C5A
:107E20006036503C6836D03C7036583C7836B037B7
:107E30008036203C8836A03C9036283C9836B039B5
:107E4000A036303CA836A83CB036D838B836B03B5F
:107E5000C036603CC836E03CD036683CD836B03DD1
:107E6000E036703CE836E83CF036D839F836B03FBA
:107E70000037003D0837803D1037083D1837883DF2
:107E80002037103D2837903D3037183D3837983D22
:107E90004037403D4837C03D5037483D5837C83DD2
:107EA0006037503D6837D03D7037583D7837F037F0
:107EB0008037203D8837A03D9037283D9837F039EE
:107EC000A037303DA837A83DB037D83CB837F03B95
:107ED000C037603DC837E03DD037683DD837F03D0A
:107EE000E037703DE837E83DF037D83DF837F03FF0
:107EF00038389838403800394838083950381039FF
:107F0000583818396038203968382839703830398D
:107F10007838983CA838B038B838383AC038803902
:107F2000C8388839D0389039D838383CE038A0394A
:107F3000E838F038F838383EF038A8390039003CD5
:107F40000839083C1039103C1839183C2039203CBD
:107F50002839283C3039303C3839383C4039003DEC
:107F60004839083D5039103D5839183D6039203D99
:107F70006839283D7039303D7839D83C8039803CAB
:107F80008839883C9039903C9839983CA039A03C7D
:107F9000A839B039B839783AB039A83CC039803DF1
:107FA000C839883DD039903DD839783CE039A03D7A
:107FB000E839F039F839783EF039A83D083A103AF6
:107FC000103A203A183A303A203A803A283A903A11
:107FD000303AA03A383AB03A403A003B483A103B7F
:107FE000503A203B583A303B603A803B683A903BED
:107FF000703AA03B783AB03B883AA03A983AB03A07
:10800000A83AB03AC03A083BC83A183BD03A283BA5
:10801000D83AB83CE03A883BE83A983BF03AA83B7B
:10802000F83AB83E003B003E083B103E103B203E75
:10803000183B303E203B803E283B903E303BA03EEC
:10804000383BB03E403B003F483B103F503B203F59
:10805000583B303F603B803F683B903F703BA03FC8
:10806000783BB03F803B083E883B183E903B283E23
:10807000983B383EA03B883EA83B983EB03BA83E8C
:10808000B83BB83EC03B083FC83B183FD03B283FF9
:10809000D83BF83CE03B883FE83B983FF03BA83FAB
:1080A000F83BF83E383C983C403C003D483C083D9D
:1080B000503C103D583C183D603C203D683C283DFC
:1080C000703C303D783C983DA83CB03CB83CB03E5C
:1080D000C03C803DC83C883DD03C903DD83C383DBC
:1080E000E03CA03DE83CF03CF03CA83DF83C383F8B
:1080F000383D983D783DD83DA83DB03DB83DB03FB6
:10810000E83DF03D083E803EF83D783F103E803E21
:10811000183E883E203E803E283E903E303E883EBF
:10812000383E983E403E003F483E203F503E803F14
:10813000583EA03F603E083F683E283F703E883F63
:10814000783EA83F883EA03E983EA83EC03E103FE5
:10815000A83EB03EC83E303FD03E903FD83EB03FF4
:10816000E03E183FE83E383FF03E983F083F803FF2
:10817000F83EB83F103F803F183F883F203F803F88
:10818000283F903F303F883F383F983F483F503F1F
:10819000503F603F583F703F603FC03F683FD03F17
:1081A000703FE03F783FF03F883FA03F983FA83FB7
:1081B000A83FB03FD83FF03FC83FE03FE83FF03F27
:1081C000000000000000803FC2C5473EBE147B3F58
:1081D00015EFC33E5E836C3FDA390E3F31DB543F0F
:1081E000F304353FF304353F31DB543FDA390E3FBA
:1081F0005E836C3F15EFC33EBE147B3FC2C5473E56
:108200000000803F00000000BE147B3FC2C547BE97
:108210005E836C3F15EFC3BE31DB543FDA390EBFCE
:10822000F304353FF30435BFDA390E3F31DB54BF79
:1082300015EFC33E5E836CBFC2C5473EBE147BBF15
:10824000000000000000803F36BDC83D6DC47E3F89
:10825000C2C5473EBE147B3F31A0943E0BFA743F2B
:1082600015EFC33E5E836C3FEA5AF13E98C5613F0D
:10827000DA390E3F31DB543F9967223F03E4453F33
:10828000F304353FF304353F03E4453F9967223F4C
:1082900031DB543FDA390E3F98C5613FEA5AF13E6F
:1082A0005E836C3F15EFC33E0BFA743F31A0943EE2
:1082B000BE147B3FC2C5473E6DC47E3F36BDC83D40
:1082C0000000803F000000006DC47E3F36BDC8BD89
:1082D000BE147B3FC2C547BE0BFA743F31A094BEAB
:1082E0005E836C3F15EFC3BE98C5613FEA5AF1BE8D
:1082F00031DB543FDA390EBF03E4453F996722BFB3
:10830000F304353FF30435BF9967223F03E445BFCB
:10831000DA390E3F31DB54BFEA5AF13E98C561BFEE
:1083200015EFC33E5E836CBF31A0943E0BFA74BF61
:10833000C2C5473EBE147BBF36BDC83D6DC47EBFBF
:10834000000000000000803F2FFB483D0FB17F3F41
:1083500036BDC83D6DC47E3F8340163EAC3A7D3F7E
:10836000C2C5473EBE147B3FCCCF783EF853783F22
:1083700031A0943E0BFA743FD47CAC3E0809713FA7
:1083800015EFC33E5E836C3F80E8DA3ED86B673FF3
:10839000EA5AF13E98C5613F3D9C033F1A945B3F0A
:1083A000DA390E3F31DB543FC07F183F029F4D3F0B
:1083B0009967223F03E4453F4AEB2B3FF9AE3D3F2F
:1083C000F304353FF304353FF9AE3D3F4AEB2B3F15
:1083D00003E4453F9967223F029F4D3FC07F183F0E
:1083E00031DB543FDA390E3F1A945B3F3D9C033F2B
:1083F00098C5613FEA5AF13ED86B673F80E8DA3EA4
:108400005E836C3F15EFC33E0809713FD47CAC3EE0
:108410000BFA743F31A0943EF853783FCCCF783EAE
:10842000BE147B3FC2C5473EAC3A7D3F8340163EFB
:108430006DC47E3F36BDC83D0FB17F3F2FFB483D29
:108440000000803F000000000FB17F3F2FFB48BDC0
:108450006DC47E3F36BDC8BDAC3A7D3F834016BE7D
:10846000BE147B3FC2C547BEF853783FCCCF78BE21
:108470000BFA743F31A094BE0809713FD47CACBEA6
:108480005E836C3F15EFC3BED86B673F80E8DABEF2
:1084900098C5613FEA5AF1BE1A945B3F3D9C03BF09
:1084A00031DB543FDA390EBF029F4D3FC07F18BF0A
:1084B00003E4453F996722BFF9AE3D3F4AEB2BBF2E
:1084C000F304353FF30435BF4AEB2B3FF9AE3DBF14
:1084D0009967223F03E445BFC07F183F029F4DBF0D
:1084E000DA390E3F31DB54BF3D9C033F1A945BBF2A
:1084F000EA5AF13E98C561BF80E8DA3ED86B67BFA3
:1085000015EFC33E5E836CBFD47CAC3E080971BFDF
:1085100031A0943E0BFA74BFCCCF783EF85378BFAD
:10852000C2C5473EBE147BBF8340163EAC3A7DBFFA
:1085300036BDC83D6DC47EBF2FFB483D0FB17FBF28
:10854000000000000000803FB00AC93C43EC7F3FC0
:108550002FFB483D0FB17F3F05A9963D6D4E7F3FF4
:1085600036BDC83D6DC47E3F73B2FA3D24137E3FD5
:108570008340163EAC3A7D3FA2102F3E283B7C3F05
:10858000C2C5473EBE147B3F135C603E9DC7793F2A
:10859000CCCF783EF853783F938E883E07BA763F2B
:1085A00031A0943E0BFA743FE59AA03E4714733F06
:1085B000D47CAC3E0809713F2A44B83E9ED86E3F39
:1085C00015EFC33E5E836C3FCA7BCF3EA7096A3F6F
:1085D00080E8DA3ED86B673F7533E63E59AA643FC0
:1085E000EA5AF13E98C5613F275DFC3E05BE5E3FFD
:1085F0003D9C033F1A945B3F9BF5083F5348583F0F
:10860000DA390E3F31DB543F2A68133F3D4D513F6D
:10861000C07F183F029F4D3FD17F1D3F12D1493F80
:108620009967223F03E4453F5636273F70D8413FC4
:108630004AEB2B3FF9AE3D3FBB85303F4268393FA7
:10864000F304353FF304353F4268393FBB85303F83
:10865000F9AE3D3F4AEB2B3F70D8413F5636273F9E
:1086600003E4453F9967223F12D1493FD17F1D3F27
:10867000029F4D3FC07F183F3D4D513F2A68133F39
:1086800031DB543FDA390E3F5348583F9BF5083FE2
:108690001A945B3F3D9C033F05BE5E3F275DFC3E59
:1086A00098C5613FEA5AF13E59AA643F7533E63EE8
:1086B000D86B673F80E8DA3EA7096A3FCA7BCF3EA6
:1086C0005E836C3F15EFC33E9ED86E3F2A44B83E92
:1086D0000809713FD47CAC3E4714733FE59AA03E35
:1086E0000BFA743F31A0943E07BA763F938E883ED2
:1086F000F853783FCCCF783E9DC7793F135C603EFE
:10870000BE147B3FC2C5473E283B7C3FA2102F3E94
:10871000AC3A7D3F8340163E24137E3F73B2FA3D50
:108720006DC47E3F36BDC83D6D4E7F3F05A9963D69
:108730000FB17F3F2FFB483D43EC7F3FB00AC93C60
:108740000000803F0000000043EC7F3FB00AC9BC3E
:108750000FB17F3F2FFB48BD6D4E7F3F05A996BDF2
:108760006DC47E3F36BDC8BD24137E3F73B2FABDD3
:10877000AC3A7D3F834016BE283B7C3FA2102FBE03
:10878000BE147B3FC2C547BE9DC7793F135C60BE28
:10879000F853783FCCCF78BE07BA763F938E88BE29
:1087A0000BFA743F31A094BE4714733FE59AA0BE04
:1087B0000809713FD47CACBE9ED86E3F2A44B8BE37
:1087C0005E836C3F15EFC3BEA7096A3FCA7BCFBE6D
:1087D000D86B673F80E8DABE59AA643F7533E6BEBE
:1087E00098C5613FEA5AF1BE05BE5E3F275DFCBEFB
:1087F0001A945B3F3D9C03BF5348583F9BF508BF0D
:1088000031DB543FDA390EBF3D4D513F2A6813BF6B
:10881000029F4D3FC07F18BF12D1493FD17F1DBF7E
:1088200003E4453F996722BF70D8413F563627BFC2
:10883000F9AE3D3F4AEB2BBF4268393FBB8530BFA5
:10884000F304353FF30435BFBB85303F426839BF81
:108850004AEB2B3FF9AE3DBF5636273F70D841BF9C
:108860009967223F03E445BFD17F1D3F12D149BF25
:10887000C07F183F029F4DBF2A68133F3D4D51BF37
:10888000DA390E3F31DB54BF9BF5083F534858BFE0
:108890003D9C033F1A945BBF275DFC3E05BE5EBF57
:1088A000EA5AF13E98C561BF7533E63E59AA64BFE6
:1088B00080E8DA3ED86B67BFCA7BCF3EA7096ABFA4
:1088C00015EFC33E5E836CBF2A44B83E9ED86EBF90
:1088D000D47CAC3E080971BFE59AA03E471473BF33
:1088E00031A0943E0BFA74BF938E883E07BA76BFD0
:1088F000CCCF783EF85378BF135C603E9DC779BFFC
:10890000C2C5473EBE147BBFA2102F3E283B7CBF92
:108910008340163EAC3A7DBF73B2FA3D24137EBF4E
:1089200036BDC83D6DC47EBF05A9963D6D4E7FBF67
:108930002FFB483D0FB17FBFB00AC93C43EC7FBF5E
:10894000000000000000803F900E493C11FB7F3F7B
:10895000B00AC93C43EC7F3F2CC3163D98D37F3F00
:108960002FFB483D0FB17F3F742B7B3DAB847F3F96
:1089700005A9963D6D4E7F3F80B6AF3D580E7F3FB7
:1089800036BDC83D6DC47E3F2EBCE13DB0707E3F1C
:1089900073B2FA3D24137E3F86CF093ECCAB7D3FB8
:1089A0008340163EAC3A7D3FB6AB223EC9BF7C3F0A
:1089B000A2102F3E283B7C3FCF6E3B3ECDAC7B3F91
:1089C000C2C5473EBE147B3F0115543E02737A3F39
:1089D000135C603E9DC7793F7F9A6C3E9812793F49
:1089E000CCCF783EF853783FC07D823EC58B773F31
:1089F000938E883E07BA763F229A8E3EC6DE753F3A
:108A000031A0943E0BFA743F86A09A3EDD0B743F72
:108A1000E59AA03E4714733F128FA63E5213723F51
:108A2000D47CAC3E0809713FEF63B23E73F56F3FF3
:108A30002A44B83E9ED86E3F4A1DBE3E93B26D3F5B
:108A400015EFC33E5E836C3F53B9C93E0C4B6B3F81
:108A5000CA7BCF3EA7096A3F4136D53E3CBF683F3F
:108A600080E8DA3ED86B673F4F92E03E880F663F62
:108A70007533E63E59AA643FBBCBEB3E5A3C633F9D
:108A8000EA5AF13E98C5613FCBE0F63E2146603F91
:108A9000275DFC3E05BE5E3FE4E7003F532D5D3F92
:108AA0003D9C033F1A945B3F824B063F6AF2593F5D
:108AB0009BF5083F5348583F6B9A0B3FE595563F4F
:108AC000DA390E3F31DB543FCDD3103F4918533FC5
:108AD0002A68133F3D4D513FD9F6153F1F7A4F3F4E
:108AE000C07F183F029F4D3FC6021B3FF8BB4B3F64
:108AF000D17F1D3F12D1493FCBF61F3F65DE473F77
:108B00009967223F03E4453F25D2243F00E2433FDB
:108B10005636273F70D8413F1594293F67C73F3FDE
:108B20004AEB2B3FF9AE3D3FDE3B2E3F3B8F3B3FB9
:108B3000BB85303F4268393FC9C8323F233A373F8F
:108B4000F304353FF304353F233A373FC9C8323F7A
:108B50004268393FBB85303F3B8F3B3FDE3B2E3F7A
:108B6000F9AE3D3F4AEB2B3F67C73F3F1594293F86
:108B700070D8413F5636273F00E2433F25D2243F7D
:108B800003E4453F9967223F65DE473FCBF61F3F31
:108B900012D1493FD17F1D3FF8BB4B3FC6021B3F5F
:108BA000029F4D3FC07F183F1F7A4F3FD9F6153FB8
:108BB0003D4D513F2A68133F4918533FCDD3103FD5
:108BC00031DB543FDA390E3FE595563F6B9A0B3F48
:108BD0005348583F9BF5083F6AF2593F824B063F86
:108BE0001A945B3F3D9C033F532D5D3FE4E7003FFC
:108BF00005BE5E3F275DFC3E2146603FCBE0F63E72
:108C000098C5613FEA5AF13E5A3C633FBBCBEB3E0D
:108C100059AA643F7533E63E880F663F4F92E03EA7
:108C2000D86B673F80E8DA3E3CBF683F4136D53EAF
:108C3000A7096A3FCA7BCF3E0C4B6B3F53B9C93E75
:108C40005E836C3F15EFC33E93B26D3F4A1DBE3E3F
:108C50009ED86E3F2A44B83E73F56F3FEF63B23E35
:108C60000809713FD47CAC3E5213723F128FA63E6E
:108C70004714733FE59AA03EDD0B743F86A09A3EF1
:108C80000BFA743F31A0943EC6DE753F229A8E3EA9
:108C900007BA763F938E883EC58B773FC07D823E74
:108CA000F853783FCCCF783E9812793F7F9A6C3E4C
:108CB0009DC7793F135C603E02737A3F0115543EB5
:108CC000BE147B3FC2C5473ECDAC7B3FCF6E3B3E23
:108CD000283B7C3FA2102F3EC9BF7C3FB6AB223E53
:108CE000AC3A7D3F8340163ECCAB7D3F86CF093EFC
:108CF00024137E3F73B2FA3DB0707E3F2EBCE13D3F
:108D00006DC47E3F36BDC83D580E7F3F80B6AF3D37
:108D10006D4E7F3F05A9963DAB847F3F742B7B3D15
:108D20000FB17F3F2FFB483D98D37F3F2CC3163DAB
:108D300043EC7F3FB00AC93C11FB7F3F900E493C9A
:108D40000000803F0000000011FB7F3F900E49BCF7
:108D500043EC7F3FB00AC9BC98D37F3F2CC316BDFC
:108D60000FB17F3F2FFB48BDAB847F3F742B7BBD92
:108D70006D4E7F3F05A996BD580E7F3F80B6AFBDB3
:108D80006DC47E3F36BDC8BDB0707E3F2EBCE1BD18
:108D900024137E3F73B2FABDCCAB7D3F86CF09BEB4
:108DA000AC3A7D3F834016BEC9BF7C3FB6AB22BE06
:108DB000283B7C3FA2102FBECDAC7B3FCF6E3BBE8D
:108DC000BE147B3FC2C547BE02737A3F011554BE35
:108DD0009DC7793F135C60BE9812793F7F9A6CBE45
:108DE000F853783FCCCF78BEC58B773FC07D82BE2D
:108DF00007BA763F938E88BEC6DE753F229A8EBE36
:108E00000BFA743F31A094BEDD0B743F86A09ABE6E
:108E10004714733FE59AA0BE5213723F128FA6BE4D
:108E20000809713FD47CACBE73F56F3FEF63B2BEEF
:108E30009ED86E3F2A44B8BE93B26D3F4A1DBEBE57
:108E40005E836C3F15EFC3BE0C4B6B3F53B9C9BE7D
:108E5000A7096A3FCA7BCFBE3CBF683F4136D5BE3B
:108E6000D86B673F80E8DABE880F663F4F92E0BE5E
:108E700059AA643F7533E6BE5A3C633FBBCBEBBE99
:108E800098C5613FEA5AF1BE2146603FCBE0F6BE8D
:108E900005BE5E3F275DFCBE532D5D3FE4E700BF8E
:108EA0001A945B3F3D9C03BF6AF2593F824B06BF59
:108EB0005348583F9BF508BFE595563F6B9A0BBF4B
:108EC00031DB543FDA390EBF4918533FCDD310BFC1
:108ED0003D4D513F2A6813BF1F7A4F3FD9F615BF4A
:108EE000029F4D3FC07F18BFF8BB4B3FC6021BBF60
:108EF00012D1493FD17F1DBF65DE473FCBF61FBF73
:108F000003E4453F996722BF00E2433F25D224BFD7
:108F100070D8413F563627BF67C73F3F159429BFDA
:108F2000F9AE3D3F4AEB2BBF3B8F3B3FDE3B2EBFB5
:108F30004268393FBB8530BF233A373FC9C832BF8B
:108F4000F304353FF30435BFC9C8323F233A37BF76
:108F5000BB85303F426839BFDE3B2E3F3B8F3BBF76
:108F60004AEB2B3FF9AE3DBF1594293F67C73FBF82
:108F70005636273F70D841BF25D2243F00E243BF79
:108F80009967223F03E445BFCBF61F3F65DE47BF2D
:108F9000D17F1D3F12D149BFC6021B3FF8BB4BBF5B
:108FA000C07F183F029F4DBFD9F6153F1F7A4FBFB4
:108FB0002A68133F3D4D51BFCDD3103F491853BFD1
:108FC000DA390E3F31DB54BF6B9A0B3FE59556BF44
:108FD0009BF5083F534858BF824B063F6AF259BF82
:108FE0003D9C033F1A945BBFE4E7003F532D5DBFF8
:108FF000275DFC3E05BE5EBFCBE0F63E214660BF6E
:10900000EA5AF13E98C561BFBBCBEB3E5A3C63BF09
:109010007533E63E59AA64BF4F92E03E880F66BFA3
:1090200080E8DA3ED86B67BF4136D53E3CBF68BFAB
:10903000CA7BCF3EA7096ABF53B9C93E0C4B6BBF71
:1090400015EFC33E5E836CBF4A1DBE3E93B26DBF3B
:109050002A44B83E9ED86EBFEF63B23E73F56FBF31
:10906000D47CAC3E080971BF128FA63E521372BF6A
:10907000E59AA03E471473BF86A09A3EDD0B74BFED
:1090800031A0943E0BFA74BF229A8E3EC6DE75BFA5
:10909000938E883E07BA76BFC07D823EC58B77BF70
:1090A000CCCF783EF85378BF7F9A6C3E981279BF48
:1090B000135C603E9DC779BF0115543E02737ABFB1
:1090C000C2C5473EBE147BBFCF6E3B3ECDAC7BBF1F
:1090D000A2102F3E283B7CBFB6AB223EC9BF7CBF4F
:1090E0008340163EAC3A7DBF86CF093ECCAB7DBFF8
:1090F00073B2FA3D24137EBF2EBCE13DB0707EBF3B
:1091000036BDC83D6DC47EBF80B6AF3D580E7FBF33
:1091100005A9963D6D4E7FBF742B7B3DAB847FBF11
:109120002FFB483D0FB17FBF2CC3163D98D37FBFA7
:10913000B00AC93C43EC7FBF900E493C11FB7FBF96
:10914000000000000000803F890FC93BC4FE7F3F44
:10915000900E493C11FB7F3FB6C9963CE6F47F3F39
:10916000B00AC93C43EC7F3FB949FB3C29E17F3F52
:109170002CC3163D98D37F3F07E02F3D8FC37F3F21
:109180002FFB483D0FB17F3F6814623D189C7F3F25
:10919000742B7B3DAB847F3F0A208A3DC76A7F3FAB
:1091A00005A9963D6D4E7F3F8C30A33D9D2F7F3F9F
:1091B00080B6AF3D580E7F3FC33ABC3D9DEA7E3F2F
:1091C00036BDC83D6DC47E3FB93DD53DC99B7E3F90
:1091D0002EBCE13DB0707E3F7638EE3D23437E3FAE
:1091E00073B2FA3D24137E3F0295033EB1E07D3F0A
:1091F00086CF093ECCAB7D3FB708103E74747D3FEF
:109200008340163EAC3A7D3FDE761C3E73FE7C3FCB
:10921000B6AB223EC9BF7C3FFCDE283EB07E7C3F21
:10922000A2102F3E283B7C3F9840353E31F57B3FD6
:10923000CF6E3B3ECDAC7B3F379B413EFC617B3FDD
:10924000C2C5473EBE147B3F60EE4D3E16C57A3F19
:109250000115543E02737A3F97395A3E841E7A3F75
:10926000135C603E9DC7793F667C663E4E6E793FDB
:109270007F9A6C3E9812793F51B6723E7BB4783F2C
:10928000CCCF783EF853783FE1E67E3E10F1773F51
:10929000C07D823EC58B773FCE86853E1724773FC3
:1092A000938E883E07BA763F07958B3E974D763F63
:1092B000229A8E3EC6DE753FDD9D913E976D753FCD
:1092C00031A0943E0BFA743F17A1973E2284743F5D
:1092D00086A09A3EDD0B743F789E9D3E3F91733F82
:1092E000E59AA03E4714733FC595A33EF894723F9C
:1092F000128FA63E5213723FC486A93E578F713F0C
:10930000D47CAC3E0809713F3A71AF3E6680703F35
:10931000EF63B23E73F56F3FEC54B53E30686F3F7C
:109320002A44B83E9ED86E3FA031BB3EBE466E3F3B
:109330004A1DBE3E93B26D3F1E07C13E1D1C6D3FD0
:1093400015EFC33E5E836C3F29D5C63E58E86B3FA0
:1093500053B9C93E0C4B6B3F8B9BCC3E7BAB6A3FFA
:10936000CA7BCF3EA7096A3F095AD23E9165693F41
:109370004136D53E3CBF683F6B10D83EA816683FCB
:1093800080E8DA3ED86B673F79BEDD3ECCBE663FF3
:109390004F92E03E880F663FFA63E33E0B5E653F07
:1093A0007533E63E59AA643FB700E93E73F4633F64
:1093B000BBCBEB3E5A3C633F7994EE3E1082623F5A
:1093C000EA5AF13E98C5613F071FF43EF206613F3D
:1093D000CBE0F63E2146603F2DA0F93E27835F3F5C
:1093E000275DFC3E05BE5E3FB217FF3EBEF65D3F09
:1093F000E4E7003F532D5D3FB142023FC7615C3F50
:109400003D9C033F1A945B3F84F4043F50C45A3F91
:10941000824B063F6AF2593F36A1073F6A1E593F09
:109420009BF5083F5348583FAD480A3F2670573FC9
:109430006B9A0B3FE595563FD0EA0C3F93B9553FE9
:10944000DA390E3F31DB543F84870F3FC3FA533F75
:10945000CDD3103F4918533FB01E123FC633523F81
:109460002A68133F3D4D513F39B0143FAF64503F20
:10947000D9F6153F1F7A4F3F073C173F908D4E3F5F
:10948000C07F183F029F4D3F00C2193F79AE4C3F4D
:10949000C6021B3FF8BB4B3F0C421C3F7FC74A3FF5
:1094A000D17F1D3F12D1493F12BC1E3FB3D8483F68
:1094B000CBF61F3F65DE473FF92F213F2AE2463FAB
:1094C0009967223F03E4453FA99D233FF5E3443FCD
:1094D00025D2243F00E2433F0A05263F29DE423FD2
:1094E0005636273F70D8413F0566283FDAD0403FC7
:1094F0001594293F67C73F3F82C02A3F1BBC3E3FB0
:109500004AEB2B3FF9AE3D3F69142D3F03A03C3F92
:10951000DE3B2E3F3B8F3B3FA5612F3FA47C3A3F74
:10952000BB85303F4268393F1DA8313F1652383F56
:10953000C9C8323F233A373FBCE7333F6C20363F40
:10954000F304353FF304353F6C20363FBCE7333F2F
:10955000233A373FC9C8323F1652383F1DA8313F22
:109560004268393FBB85303FA47C3A3FA5612F3F1D
:109570003B8F3B3FDE3B2E3F03A03C3F69142D3F1A
:10958000F9AE3D3F4AEB2B3F1BBC3E3F82C02A3F1A
:1095900067C73F3F1594293FDAD0403F0566283F13
:1095A00070D8413F5636273F29DE423F0A05263F05
:1095B00000E2433F25D2243FF5E3443FA99D233FEA
:1095C00003E4453F9967223F2AE2463FF92F213FB6
:1095D00065DE473FCBF61F3FB3D8483F12BC1E3F66
:1095E00012D1493FD17F1D3F7FC74A3F0C421C3FEC
:1095F000F8BB4B3FC6021B3F79AE4C3F00C2193F40
:10960000029F4D3FC07F183F908D4E3F073C173F54
:109610001F7A4F3FD9F6153FAF64503F39B0143F22
:109620003D4D513F2A68133FC633523FB01E123F93
:109630004918533FCDD3103FC3FA533F84870F3FA0
:1096400031DB543FDA390E3F93B9553FD0EA0C3F36
:10965000E595563F6B9A0B3F2670573FAD480A3F42
:109660005348583F9BF5083F6A1E593F36A1073FB4
:109670006AF2593F824B063F50C45A3F84F4043F7C
:109680001A945B3F3D9C033FC7615C3FB142023F80
:10969000532D5D3FE4E7003FBEF65D3FB217FF3E4E
:1096A00005BE5E3F275DFC3E27835F3F2DA0F93E50
:1096B0002146603FCBE0F63EF206613F071FF43ED5
:1096C00098C5613FEA5AF13E1082623F7994EE3EBE
:1096D0005A3C633FBBCBEB3E73F4633FB700E93EBC
:1096E00059AA643F7533E63E0B5E653FFA63E33E7D
:1096F000880F663F4F92E03ECCBE663F79BEDD3EAE
:10970000D86B673F80E8DA3EA816683F6B10D83EFA
:109710003CBF683F4136D53E9165693F095AD23E0C
:10972000A7096A3FCA7BCF3E7BAB6A3F8B9BCC3E8F
:109730000C4B6B3F53B9C93E58E86B3F29D5C63E29
:109740005E836C3F15EFC33E1D1C6D3F1E07C13E7F
:1097500093B26D3F4A1DBE3EBE466E3FA031BB3E3A
:109760009ED86E3F2A44B83E30686F3FEC54B53EF9
:1097700073F56F3FEF63B23E6680703F3A71AF3E64
:109780000809713FD47CAC3E578F713FC486A93E17
:109790005213723F128FA63EF894723FC595A33EB6
:1097A0004714733FE59AA03E3F91733F789E9D3EDC
:1097B000DD0B743F86A09A3E2284743F17A1973E2A
:1097C0000BFA743F31A0943E976D753FDD9D913E3D
:1097D000C6DE753F229A8E3E974D763F07958B3EAB
:1097E00007BA763F938E883E1724773FCE86853E14
:1097F000C58B773FC07D823E10F1773FE1E67E3E2C
:10980000F853783FCCCF783E7BB4783F51B6723E68
:109810009812793F7F9A6C3E4E6E793F667C663E29
:109820009DC7793F135C603E841E7A3F97395A3E4C
:1098300002737A3F0115543E16C57A3F60EE4D3EE5
:10984000BE147B3FC2C5473EFC617B3F379B413E18
:10985000CDAC7B3FCF6E3B3E31F57B3F9840353EF4
:10986000283B7C3FA2102F3EB07E7C3FFCDE283E92
:10987000C9BF7C3FB6AB223E73FE7C3FDE761C3E0A
:10988000AC3A7D3F8340163E74747D3FB708103E6E
:10989000CCAB7D3F86CF093EB1E07D3F0295033ED4
:1098A00024137E3F73B2FA3D23437E3F7638EE3D6C
:1098B000B0707E3F2EBCE13DC99B7E3FB93DD53D9A
:1098C0006DC47E3F36BDC83D9DEA7E3FC33ABC3D78
:1098D000580E7F3F80B6AF3D9D2F7F3F8C30A33D1C
:1098E0006D4E7F3F05A9963DC76A7F3F0A208A3D9E
:1098F000AB847F3F742B7B3D189C7F3F6814623D97
:109900000FB17F3F2FFB483D8FC37F3F07E02F3DC7
:1099100098D37F3F2CC3163D29E17F3FB949FB3CDB
:1099200043EC7F3FB00AC93CE6F47F3FB6C9963CA2
:1099300011FB7F3F900E493CC4FE7F3F890FC93B1E
:109940000000803F00000000C4FE7F3F890FC9BBBC
:1099500011FB7F3F900E49BCE6F47F3FB6C996BC31
:1099600043EC7F3FB00AC9BC29E17F3FB949FBBC4A
:1099700098D37F3F2CC316BD8FC37F3F07E02FBD19
:109980000FB17F3F2FFB48BD189C7F3F681462BD1D
:10999000AB847F3F742B7BBDC76A7F3F0A208ABDA3
:1099A0006D4E7F3F05A996BD9D2F7F3F8C30A3BD97
:1099B000580E7F3F80B6AFBD9DEA7E3FC33ABCBD27
:1099C0006DC47E3F36BDC8BDC99B7E3FB93DD5BD88
:1099D000B0707E3F2EBCE1BD23437E3F7638EEBDA6
:1099E00024137E3F73B2FABDB1E07D3F029503BE02
:1099F000CCAB7D3F86CF09BE74747D3FB70810BEE7
:109A0000AC3A7D3F834016BE73FE7C3FDE761CBEC3
:109A1000C9BF7C3FB6AB22BEB07E7C3FFCDE28BE19
:109A2000283B7C3FA2102FBE31F57B3F984035BECE
:109A3000CDAC7B3FCF6E3BBEFC617B3F379B41BED5
:109A4000BE147B3FC2C547BE16C57A3F60EE4DBE11
:109A500002737A3F011554BE841E7A3F97395ABE6D
:109A60009DC7793F135C60BE4E6E793F667C66BED3
:109A70009812793F7F9A6CBE7BB4783F51B672BE24
:109A8000F853783FCCCF78BE10F1773FE1E67EBE49
:109A9000C58B773FC07D82BE1724773FCE8685BEBB
:109AA00007BA763F938E88BE974D763F07958BBE5B
:109AB000C6DE753F229A8EBE976D753FDD9D91BEC5
:109AC0000BFA743F31A094BE2284743F17A197BE55
:109AD000DD0B743F86A09ABE3F91733F789E9DBE7A
:109AE0004714733FE59AA0BEF894723FC595A3BE94
:109AF0005213723F128FA6BE578F713FC486A9BE04
:109B00000809713FD47CACBE6680703F3A71AFBE2D
:109B100073F56F3FEF63B2BE30686F3FEC54B5BE74
:109B20009ED86E3F2A44B8BEBE466E3FA031BBBE33
:109B300093B26D3F4A1DBEBE1D1C6D3F1E07C1BEC8
:109B40005E836C3F15EFC3BE58E86B3F29D5C6BE98
:109B50000C4B6B3F53B9C9BE7BAB6A3F8B9BCCBEF2
:109B6000A7096A3FCA7BCFBE9165693F095AD2BE39
:109B70003CBF683F4136D5BEA816683F6B10D8BEC3
:109B8000D86B673F80E8DABECCBE663F79BEDDBEEB
:109B9000880F663F4F92E0BE0B5E653FFA63E3BEFF
:109BA00059AA643F7533E6BE73F4633FB700E9BE5C
:109BB0005A3C633FBBCBEBBE1082623F7994EEBE52
:109BC00098C5613FEA5AF1BEF206613F071FF4BE35
:109BD0002146603FCBE0F6BE27835F3F2DA0F9BE54
:109BE00005BE5E3F275DFCBEBEF65D3FB217FFBE01
:109BF000532D5D3FE4E700BFC7615C3FB14202BF48
:109C00001A945B3F3D9C03BF50C45A3F84F404BF89
:109C10006AF2593F824B06BF6A1E593F36A107BF01
:109C20005348583F9BF508BF2670573FAD480ABFC1
:109C3000E595563F6B9A0BBF93B9553FD0EA0CBFE1
:109C400031DB543FDA390EBFC3FA533F84870FBF6D
:109C50004918533FCDD310BFC633523FB01E12BF79
:109C60003D4D513F2A6813BFAF64503F39B014BF18
:109C70001F7A4F3FD9F615BF908D4E3F073C17BF57
:109C8000029F4D3FC07F18BF79AE4C3F00C219BF45
:109C9000F8BB4B3FC6021BBF7FC74A3F0C421CBFED
:109CA00012D1493FD17F1DBFB3D8483F12BC1EBF60
:109CB00065DE473FCBF61FBF2AE2463FF92F21BFA3
:109CC00003E4453F996722BFF5E3443FA99D23BFC5
:109CD00000E2433F25D224BF29DE423F0A0526BFCA
:109CE00070D8413F563627BFDAD0403F056628BFBF
:109CF00067C73F3F159429BF1BBC3E3F82C02ABFA8
:109D0000F9AE3D3F4AEB2BBF03A03C3F69142DBF8A
:109D10003B8F3B3FDE3B2EBFA47C3A3FA5612FBF6C
:109D20004268393FBB8530BF1652383F1DA831BF4E
:109D3000233A373FC9C832BF6C20363FBCE733BF38
:109D4000F304353FF30435BFBCE7333F6C2036BF27
:109D5000C9C8323F233A37BF1DA8313F165238BF1A
:109D6000BB85303F426839BFA5612F3FA47C3ABF15
:109D7000DE3B2E3F3B8F3BBF69142D3F03A03CBF12
:109D80004AEB2B3FF9AE3DBF82C02A3F1BBC3EBF12
:109D90001594293F67C73FBF0566283FDAD040BF0B
:109DA0005636273F70D841BF0A05263F29DE42BFFD
:109DB00025D2243F00E243BFA99D233FF5E344BFE2
:109DC0009967223F03E445BFF92F213F2AE246BFAE
:109DD000CBF61F3F65DE47BF12BC1E3FB3D848BF5E
:109DE000D17F1D3F12D149BF0C421C3F7FC74ABFE4
:109DF000C6021B3FF8BB4BBF00C2193F79AE4CBF38
:109E0000C07F183F029F4DBF073C173F908D4EBF4C
:109E1000D9F6153F1F7A4FBF39B0143FAF6450BF1A
:109E20002A68133F3D4D51BFB01E123FC63352BF8B
:109E3000CDD3103F491853BF84870F3FC3FA53BF98
:109E4000DA390E3F31DB54BFD0EA0C3F93B955BF2E
:109E50006B9A0B3FE59556BFAD480A3F267057BF3A
:109E60009BF5083F534858BF36A1073F6A1E59BFAC
:109E7000824B063F6AF259BF84F4043F50C45ABF74
:109E80003D9C033F1A945BBFB142023FC7615CBF78
:109E9000E4E7003F532D5DBFB217FF3EBEF65DBF46
:109EA000275DFC3E05BE5EBF2DA0F93E27835FBF48
:109EB000CBE0F63E214660BF071FF43EF20661BFCD
:109EC000EA5AF13E98C561BF7994EE3E108262BFB6
:109ED000BBCBEB3E5A3C63BFB700E93E73F463BFB4
:109EE0007533E63E59AA64BFFA63E33E0B5E65BF75
:109EF0004F92E03E880F66BF79BEDD3ECCBE66BFA6
:109F000080E8DA3ED86B67BF6B10D83EA81668BFF2
:109F10004136D53E3CBF68BF095AD23E916569BF04
:109F2000CA7BCF3EA7096ABF8B9BCC3E7BAB6ABF87
:109F300053B9C93E0C4B6BBF29D5C63E58E86BBF21
:109F400015EFC33E5E836CBF1E07C13E1D1C6DBF77
:109F50004A1DBE3E93B26DBFA031BB3EBE466EBF32
:109F60002A44B83E9ED86EBFEC54B53E30686FBFF1
:109F7000EF63B23E73F56FBF3A71AF3E668070BF5C
:109F8000D47CAC3E080971BFC486A93E578F71BF0F
:109F9000128FA63E521372BFC595A33EF89472BFAE
:109FA000E59AA03E471473BF789E9D3E3F9173BFD4
:109FB00086A09A3EDD0B74BF17A1973E228474BF22
:109FC00031A0943E0BFA74BFDD9D913E976D75BF35
:109FD000229A8E3EC6DE75BF07958B3E974D76BFA3
:109FE000938E883E07BA76BFCE86853E172477BF0C
:109FF000C07D823EC58B77BFE1E67E3E10F177BF24
:10A00000CCCF783EF85378BF51B6723E7BB478BF60
:10A010007F9A6C3E981279BF667C663E4E6E79BF21
:10A02000135C603E9DC779BF97395A3E841E7ABF44
:10A030000115543E02737ABF60EE4D3E16C57ABFDD
:10A04000C2C5473EBE147BBF379B413EFC617BBF10
:10A05000CF6E3B3ECDAC7BBF9840353E31F57BBFEC
:10A06000A2102F3E283B7CBFFCDE283EB07E7CBF8A
:10A07000B6AB223EC9BF7CBFDE761C3E73FE7CBF02
:10A080008340163EAC3A7DBFB708103E74747DBF66
:10A0900086CF093ECCAB7DBF0295033EB1E07DBFCC
:10A0A00073B2FA3D24137EBF7638EE3D23437EBF64
:10A0B0002EBCE13DB0707EBFB93DD53DC99B7EBF92
:10A0C00036BDC83D6DC47EBFC33ABC3D9DEA7EBF70
:10A0D00080B6AF3D580E7FBF8C30A33D9D2F7FBF14
:10A0E00005A9963D6D4E7FBF0A208A3DC76A7FBF96
:10A0F000742B7B3DAB847FBF6814623D189C7FBF8F
:10A100002FFB483D0FB17FBF07E02F3D8FC37FBFBF
:10A110002CC3163D98D37FBFB949FB3C29E17FBFD3
:10A12000B00AC93C43EC7FBFB6C9963CE6F47FBF9A
:10A13000900E493C11FB7FBF890FC93BC4FE7FBF16
:10A14000000000000000803FC70F493BB1FF7F3F88
:10A15000890FC93BC4FE7F3F59CB163C39FD7F3F79
:10A16000900E493C11FB7F3F4B517B3C4AF87F3FAF
:10A17000B6C9963CE6F47F3F69EAAF3CE3F07F3F27
:10A18000B00AC93C43EC7F3F7B2AE23C05E77F3FB6
:10A19000B949FB3C29E17F3F2F340A3DAFDA7F3FCD
:10A1A0002CC3163D98D37F3FCC51233DE2CB7F3F5C
:10A1B00007E02F3D8FC37F3FD56D3C3D9EBA7F3F6B
:10A1C0002FFB483D0FB17F3F0E88553DE3A67F3FF3
:10A1D0006814623D189C7F3F38A06E3DB1907F3F70
:10A1E000742B7B3DAB847F3F0ADB833D08787F3F48
:10A1F0000A208A3DC76A7F3FB464903DE95C7F3F97
:10A2000005A9963D6D4E7F3FF9EC9C3D543F7F3F45
:10A210008C30A33D9D2F7F3FBA73A93D491F7F3FDF
:10A2200080B6AF3D580E7F3FDAF8B53DC9FC7E3FA2
:10A23000C33ABC3D9DEA7E3F397CC23DD4D77E3FC8
:10A2400036BDC83D6DC47E3FB7FDCE3D69B07E3F93
:10A25000B93DD53DC99B7E3F377DDB3D8B867E3F3B
:10A260002EBCE13DB0707E3F9AFAE73D385A7E3F02
:10A270007638EE3D23437E3FC075F43D722B7E3F22
:10A2800073B2FA3D24137E3F4577003E38FA7D3F96
:10A290000295033EB1E07D3F6EB2063E8CC67D3F27
:10A2A00086CF093ECCAB7D3F4AEC0C3E6E907D3FA5
:10A2B000B708103E74747D3FCA24133EDE577D3FBD
:10A2C0008340163EAC3A7D3FE05B193EDD1C7D3F8E
:10A2D000DE761C3E73FE7C3F7B911F3E6CDF7C3F35
:10A2E000B6AB223EC9BF7C3F8CC5253E8A9F7C3FD2
:10A2F000FCDE283EB07E7C3F04F82B3E3A5D7C3F7E
:10A30000A2102F3E283B7C3FD428323E7A187C3F57
:10A310009840353E31F57B3FEC57383E4DD17B3F81
:10A32000CF6E3B3ECDAC7B3F3E853E3EB2877B3F12
:10A33000379B413EFC617B3FB9B0443EAB3B7B3F2A
:10A34000C2C5473EBE147B3F4FDA4A3E37ED7A3FE7
:10A3500060EE4D3E16C57A3FF101513E599C7A3F61
:10A360000115543E02737A3F8F27573E10497A3FBA
:10A3700097395A3E841E7A3F1A4B5D3E5EF3793F11
:10A38000135C603E9DC7793F836C633E439B793F7E
:10A39000667C663E4E6E793FBA8B693EC040793F1F
:10A3A0007F9A6C3E9812793FB2A86F3ED6E3783F11
:10A3B00051B6723E7BB4783F5AC3753E8684783F6F
:10A3C000CCCF783EF853783FA4DB7B3ED122783F58
:10A3D000E1E67E3E10F1773FC0F8803EB7BE773FA2
:10A3E000C07D823EC58B773F7002843E3A58773FEE
:10A3F000CE86853E1724773FDA0A873E5BEF763FAD
:10A40000938E883E07BA763FF8118A3E1B84763FCA
:10A4100007958B3E974D763FC0178D3E7A16763F57
:10A42000229A8E3EC6DE753F2C1C903E7BA6753F61
:10A43000DD9D913E976D753F351F933E1D34753FF1
:10A4400031A0943E0BFA743FD220963E62BF743F17
:10A4500017A1973E2284743FFE20993E4B48743FDB
:10A4600086A09A3EDD0B743FAF1F9C3ED9CE733F52
:10A47000789E9D3E3F91733FDF1C9F3E0E53733F7E
:10A48000E59AA03E4714733F8718A23EEBD4723F73
:10A49000C595A33EF894723F9F12A53E7054723F3B
:10A4A000128FA63E5213723F1F0BA83E9FD1713FE1
:10A4B000C486A93E578F713F0102AB3E7A4C713F73
:10A4C000D47CAC3E0809713F3CF7AD3E02C5703FFD
:10A4D0003A71AF3E6680703FCBEAB03E373B703F8B
:10A4E000EF63B23E73F56F3FA5DCB33E1BAF6F3F2A
:10A4F000EC54B53E30686F3FC3CCB63EB0206F3FE2
:10A500002A44B83E9ED86E3F1EBBB93EF88F6E3FC0
:10A51000A031BB3EBE466E3FAFA7BC3EF2FC6D3FD6
:10A520004A1DBE3E93B26D3F6F92BF3EA1676D3F25
:10A530001E07C13E1D1C6D3F557BC23E07D06C3FC0
:10A5400015EFC33E5E836C3F5C62C53E24366C3FB4
:10A5500029D5C63E58E86B3F7C47C83EFB996B3F08
:10A5600053B9C93E0C4B6B3FAE2ACB3E8CFB6A3FC6
:10A570008B9BCC3E7BAB6A3FEA0BCE3ED95A6A3FFF
:10A58000CA7BCF3EA7096A3F2AEBD03EE4B7693FBA
:10A59000095AD23E9165693F67C8D33EAE12693F02
:10A5A0004136D53E3CBF683F99A3D63E396B683FE4
:10A5B0006B10D83EA816683FB97CD93E87C1673F6B
:10A5C00080E8DA3ED86B673FC153DC3E9915673FA0
:10A5D00079BEDD3ECCBE663FA928DF3E7167663F8F
:10A5E0004F92E03E880F663F6AFBE13E10B7653F41
:10A5F000FA63E33E0B5E653FFECBE43E7904653FC4
:10A600007533E63E59AA643F5D9AE73EAC4F643F1E
:10A61000B700E93E73F4633F8166EA3EAC98633F5E
:10A62000BBCBEB3E5A3C633F6330ED3E7BDF623F8A
:10A630007994EE3E1082623FFBF7EF3E1A24623FB0
:10A64000EA5AF13E98C5613F43BDF23E8A66613FDA
:10A65000071FF43EF206613F3580F53ECFA6603F0E
:10A66000CBE0F63E2146603FC840F83EE9E45F3F5C
:10A670002DA0F93E27835F3FF7FEFA3EDB205F3FC8
:10A68000275DFC3E05BE5E3FBBBAFD3EA65A5E3F5F
:10A69000B217FF3EBEF65D3F063A003F4D925D3F6A
:10A6A000E4E7003F532D5D3F7395013FD1C75C3F09
:10A6B000B142023FC7615C3F9FEF023F34FB5B3F0B
:10A6C0003D9C033F1A945B3F8948043F792C5B3FD4
:10A6D00084F4043F50C45A3F2CA0053FA05B5A3F6E
:10A6E000824B063F6AF2593F86F6063FAD88593FD6
:10A6F00036A1073F6A1E593F924B083FA1B3583F0E
:10A700009BF5083F5348583F4E9F093F7FDC573F1A
:10A71000AD480A3F2670573FB7F10A3F4803573FFD
:10A720006B9A0B3FE595563FC9420C3FFE27563FBB
:10A73000D0EA0C3F93B9553F81920D3FA44A553F53
:10A74000DA390E3F31DB543FDBE00E3F3B6B543FC9
:10A7500084870F3FC3FA533FD52D103FC789533F1E
:10A76000CDD3103F4918533F6B79113F49A6523F53
:10A77000B01E123FC633523F9AC3123FC2C0513F70
:10A780002A68133F3D4D513F5F0C143F37D9503F6E
:10A7900039B0143FAF64503FB753153FA8EF4F3F58
:10A7A000D9F6153F1F7A4F3F9F99163F17044F3F29
:10A7B000073C173F908D4E3F12DE173F89164E3FE4
:10A7C000C07F183F029F4D3F0F21193FFD264D3F8F
:10A7D00000C2193F79AE4C3F93621A3F78354C3F27
:10A7E000C6021B3FF8BB4B3F99A21B3FFA414B3FB0
:10A7F0000C421C3F7FC74A3F1FE11C3F874C4A3F2A
:10A80000D17F1D3F12D1493F221E1E3F2155493F96
:10A8100012BC1E3FB3D8483F9F591F3FCA5B483FF9
:10A82000CBF61F3F65DE473F9393203F8560473F50
:10A83000F92F213F2AE2463FFBCB213F5463463F9D
:10A840009967223F03E4453FD302233F3964453FE4
:10A85000A99D233FF5E3443F1A38243F3763443F23
:10A8600025D2243F00E2433FCB6B253F5160433F5D
:10A870000A05263F29DE423FE39D263F895B423F92
:10A880005636273F70D8413F61CE273FE154413FC4
:10A890000566283FDAD0403F41FD283F5C4C403FF1
:10A8A0001594293F67C73F3F802A2A3FFC413F3F1D
:10A8B00082C02A3F1BBC3E3F1B562B3FC5353E3F47
:10A8C0004AEB2B3FF9AE3D3F0F802C3FB8273D3F71
:10A8D00069142D3F03A03C3F59A82D3FD9173C3F99
:10A8E000DE3B2E3F3B8F3B3FF7CE2E3F29063B3FC3
:10A8F000A5612F3FA47C3A3FE6F32F3FACF2393FEE
:10A90000BB85303F4268393F2217313F65DD383F14
:10A910001DA8313F1652383FAA38323F55C6373F3F
:10A92000C9C8323F233A373F7A58333F7FAD363F6D
:10A93000BCE7333F6C20363F8F76343FE792353F9C
:10A94000F304353FF304353FE792353F8F76343FCC
:10A950006C20363FBCE7333F7FAD363F7A58333FFC
:10A96000233A373FC9C8323F55C6373FAA38323F2E
:10A970001652383F1DA8313F65DD383F2217313F61
:10A980004268393FBB85303FACF2393FE6F32F3F99
:10A99000A47C3A3FA5612F3F29063B3FF7CE2E3FCF
:10A9A0003B8F3B3FDE3B2E3FD9173C3F59A82D3F05
:10A9B00003A03C3F69142D3FB8273D3F0F802C3F3B
:10A9C000F9AE3D3F4AEB2B3FC5353E3F1B562B3F73
:10A9D0001BBC3E3F82C02A3FFC413F3F802A2A3FAA
:10A9E00067C73F3F1594293F5C4C403F41FD283FDE
:10A9F000DAD0403F0566283FE154413F61CE273F12
:10AA000070D8413F5636273F895B423FE39D263F42
:10AA100029DE423F0A05263F5160433FCB6B253F6D
:10AA200000E2433F25D2243F3763443F1A38243F96
:10AA3000F5E3443FA99D233F3964453FD302233FBB
:10AA400003E4453F9967223F5463463FFBCB213FD8
:10AA50002AE2463FF92F213F8560473F9393203FED
:10AA600065DE473FCBF61F3FCA5B483F9F591F3FFC
:10AA7000B3D8483F12BC1E3F2155493F221E1E3FFE
:10AA800012D1493FD17F1D3F874C4A3F1FE11C3FF8
:10AA90007FC74A3F0C421C3FFA414B3F99A21B3FE4
:10AAA000F8BB4B3FC6021B3F78354C3F93621A3FC1
:10AAB00079AE4C3F00C2193FFD264D3F0F21193F93
:10AAC000029F4D3FC07F183F89164E3F12DE173F51
:10AAD000908D4E3F073C173F17044F3F9F99163FFD
:10AAE0001F7A4F3FD9F6153FA8EF4F3FB753153F99
:10AAF000AF64503F39B0143F37D9503F5F0C143F1B
:10AB00003D4D513F2A68133FC2C0513F9AC3123F87
:10AB1000C633523FB01E123F49A6523F6B79113FD8
:10AB20004918533FCDD3103FC789533FD52D103F10
:10AB3000C3FA533F84870F3F3B6B543FDBE00E3F2C
:10AB400031DB543FDA390E3FA44A553F81920D3F25
:10AB500093B9553FD0EA0C3FFE27563FC9420C3F00
:10AB6000E595563F6B9A0B3F4803573FB7F10A3FB5
:10AB70002670573FAD480A3F7FDC573F4E9F093F45
:10AB80005348583F9BF5083FA1B3583F924B083FAD
:10AB90006A1E593F36A1073FAD88593F86F6063FEA
:10ABA0006AF2593F824B063FA05B5A3F2CA0053FFB
:10ABB00050C45A3F84F4043F792C5B3F8948043FDA
:10ABC0001A945B3F3D9C033F34FB5B3F9FEF023F8A
:10ABD000C7615C3FB142023FD1C75C3F7395013F03
:10ABE000532D5D3FE4E7003F4D925D3F063A003F45
:10ABF000BEF65D3FB217FF3EA65A5E3FBBBAFD3EB2
:10AC000005BE5E3F275DFC3EDB205F3FF7FEFA3E60
:10AC100027835F3F2DA0F93EE9E45F3FC840F83E3F
:10AC20002146603FCBE0F63ECFA6603F3580F53E43
:10AC3000F206613F071FF43E8A66613F43BDF23E64
:10AC400098C5613FEA5AF13E1A24623FFBF7EF3E96
:10AC50001082623F7994EE3E7BDF623F6330ED3ECF
:10AC60005A3C633FBBCBEB3EAC98633F8166EA3E08
:10AC700073F4633FB700E93EAC4F643F5D9AE73E33
:10AC800059AA643F7533E63E7904653FFECBE43E46
:10AC90000B5E653FFA63E33E10B7653F6AFBE13E3A
:10ACA000880F663F4F92E03E7167663FA928DF3EFE
:10ACB000CCBE663F79BEDD3E9915673FC153DC3E91
:10ACC000D86B673F80E8DA3E87C1673FB97CD93EE1
:10ACD000A816683F6B10D83E396B683F99A3D63EE3
:10ACE0003CBF683F4136D53EAE12693F67C8D33E90
:10ACF0009165693F095AD23EE4B7693F2AEBD03EDD
:10AD0000A7096A3FCA7BCF3ED95A6A3FEA0BCE3EBB
:10AD10007BAB6A3F8B9BCC3E8CFB6A3FAE2ACB3E23
:10AD20000C4B6B3F53B9C93EFB996B3F7C47C83E08
:10AD300058E86B3F29D5C63E24366C3F5C62C53E61
:10AD40005E836C3F15EFC33E07D06C3F557BC23E20
:10AD50001D1C6D3F1E07C13EA1676D3F6F92BF3E38
:10AD600093B26D3F4A1DBE3EF2FC6D3FAFA7BC3EA5
:10AD7000BE466E3FA031BB3EF88F6E3F1EBBB93E54
:10AD80009ED86E3F2A44B83EB0206F3FC3CCB63E3B
:10AD900030686F3FEC54B53E1BAF6F3FA5DCB33E50
:10ADA00073F56F3FEF63B23E373B703FCBEAB03E87
:10ADB0006680703F3A71AF3E02C5703F3CF7AD3ED2
:10ADC0000809713FD47CAC3E7A4C713F0102AB3E26
:10ADD000578F713FC486A93E9FD1713F1F0BA83E7C
:10ADE0005213723F128FA63E7054723F9F12A53EBF
:10ADF000F894723FC595A33EEBD4723F8718A23EEC
:10AE00004714733FE59AA03E0E53733FDF1C9F3EED
:10AE10003F91733F789E9D3ED9CE733FAF1F9C3EBE
:10AE2000DD0B743F86A09A3E4B48743FFE20993E4E
:10AE30002284743F17A1973E62BF743FD220963E92
:10AE40000BFA743F31A0943E1D34753F351F933E7D
:10AE5000976D753FDD9D913E7BA6753F2C1C903E06
:10AE6000C6DE753F229A8E3E7A16763FC0178D3E1B
:10AE7000974D763F07958B3E1B84763FF8118A3EAF
:10AE800007BA763F938E883E5BEF763FDA0A873EBD
:10AE90001724773FCE86853E3A58773F7002843E2E
:10AEA000C58B773FC07D823EB7BE773FC0F8803EFE
:10AEB00010F1773FE1E67E3ED122783FA4DB7B3E76
:10AEC000F853783FCCCF783E8684783F5AC3753E9E
:10AED0007BB4783F51B6723ED6E3783FB2A86F3E5E
:10AEE0009812793F7F9A6C3EC040793FBA8B693E99
:10AEF0004E6E793F667C663E439B793F836C633E32
:10AF00009DC7793F135C603E5EF3793F1A4B5D3E0F
:10AF1000841E7A3F97395A3E10497A3F8F27573E11
:10AF200002737A3F0115543E599C7A3FF101513E1C
:10AF300016C57A3F60EE4D3E37ED7A3F4FDA4A3E16
:10AF4000BE147B3FC2C5473EAB3B7B3FB9B0443EDE
:10AF5000FC617B3F379B413EB2877B3F3E853E3E57
:10AF6000CDAC7B3FCF6E3B3E4DD17B3FEC57383E67
:10AF700031F57B3F9840353E7A187C3FD428323EED
:10AF8000283B7C3FA2102F3E3A5D7C3F04F82B3ECD
:10AF9000B07E7C3FFCDE283E8A9F7C3F8CC5253EF0
:10AFA000C9BF7C3FB6AB223E6CDF7C3F7B911F3E2E
:10AFB00073FE7C3FDE761C3EDD1C7D3FE05B193E70
:10AFC000AC3A7D3F8340163EDE577D3FCA24133E98
:10AFD00074747D3FB708103E6E907D3F4AEC0C3E86
:10AFE000CCAB7D3F86CF093E8CC67D3F6EB2063E20
:10AFF000B1E07D3F0295033E38FA7D3F4577003E44
:10B0000024137E3F73B2FA3D722B7E3FC075F43D30
:10B0100023437E3F7638EE3D385A7E3F9AFAE73D2D
:10B02000B0707E3F2EBCE13D8B867E3F377DDB3DA1
:10B03000C99B7E3FB93DD53D69B07E3FB7FDCE3D52
:10B040006DC47E3F36BDC83DD4D77E3F397CC23DFE
:10B050009DEA7E3FC33ABC3DC9FC7E3FDAF8B53D70
:10B06000580E7F3F80B6AF3D491F7F3FBA73A93D61
:10B070009D2F7F3F8C30A33D543F7F3FF9EC9C3D9B
:10B080006D4E7F3F05A9963DE95C7F3FB464903DDE
:10B09000C76A7F3F0A208A3D08787F3F0ADB833DED
:10B0A000AB847F3F742B7B3DB1907F3F38A06E3DDA
:10B0B000189C7F3F6814623DE3A67F3F0E88553D94
:10B0C0000FB17F3F2FFB483D9EBA7F3FD56D3C3D82
:10B0D0008FC37F3F07E02F3DE2CB7F3FCC51233D25
:10B0E00098D37F3F2CC3163DAFDA7F3F2F340A3D04
:10B0F00029E17F3FB949FB3C05E77F3F7B2AE23CE2
:10B1000043EC7F3FB00AC93CE3F07F3F69EAAF3CC4
:10B11000E6F47F3FB6C9963C4AF87F3F4B517B3CF3
:10B1200011FB7F3F900E493C39FD7F3F59CB163CC8
:10B13000C4FE7F3F890FC93BB1FF7F3FC70F493B2B
:10B140000000803F00000000B1FF7F3FC70F49BBF8
:10B15000C4FE7F3F890FC9BB39FD7F3F59CB16BC69
:10B1600011FB7F3F900E49BC4AF87F3F4B517BBC9F
:10B17000E6F47F3FB6C996BCE3F07F3F69EAAFBC17
:10B1800043EC7F3FB00AC9BC05E77F3F7B2AE2BCA6
:10B1900029E17F3FB949FBBCAFDA7F3F2F340ABDBD
:10B1A00098D37F3F2CC316BDE2CB7F3FCC5123BD4C
:10B1B0008FC37F3F07E02FBD9EBA7F3FD56D3CBD5B
:10B1C0000FB17F3F2FFB48BDE3A67F3F0E8855BDE3
:10B1D000189C7F3F681462BDB1907F3F38A06EBD60
:10B1E000AB847F3F742B7BBD08787F3F0ADB83BD38
:10B1F000C76A7F3F0A208ABDE95C7F3FB46490BD87
:10B200006D4E7F3F05A996BD543F7F3FF9EC9CBD35
:10B210009D2F7F3F8C30A3BD491F7F3FBA73A9BDCF
:10B22000580E7F3F80B6AFBDC9FC7E3FDAF8B5BD92
:10B230009DEA7E3FC33ABCBDD4D77E3F397CC2BDB8
:10B240006DC47E3F36BDC8BD69B07E3FB7FDCEBD83
:10B25000C99B7E3FB93DD5BD8B867E3F377DDBBD2B
:10B26000B0707E3F2EBCE1BD385A7E3F9AFAE7BDF2
:10B2700023437E3F7638EEBD722B7E3FC075F4BD12
:10B2800024137E3F73B2FABD38FA7D3F457700BE86
:10B29000B1E07D3F029503BE8CC67D3F6EB206BE17
:10B2A000CCAB7D3F86CF09BE6E907D3F4AEC0CBE95
:10B2B00074747D3FB70810BEDE577D3FCA2413BEAD
:10B2C000AC3A7D3F834016BEDD1C7D3FE05B19BE7E
:10B2D00073FE7C3FDE761CBE6CDF7C3F7B911FBE25
:10B2E000C9BF7C3FB6AB22BE8A9F7C3F8CC525BEC2
:10B2F000B07E7C3FFCDE28BE3A5D7C3F04F82BBE6E
:10B30000283B7C3FA2102FBE7A187C3FD42832BE47
:10B3100031F57B3F984035BE4DD17B3FEC5738BE71
:10B32000CDAC7B3FCF6E3BBEB2877B3F3E853EBE02
:10B33000FC617B3F379B41BEAB3B7B3FB9B044BE1A
:10B34000BE147B3FC2C547BE37ED7A3F4FDA4ABED7
:10B3500016C57A3F60EE4DBE599C7A3FF10151BE51
:10B3600002737A3F011554BE10497A3F8F2757BEAA
:10B37000841E7A3F97395ABE5EF3793F1A4B5DBE01
:10B380009DC7793F135C60BE439B793F836C63BE6E
:10B390004E6E793F667C66BEC040793FBA8B69BE0F
:10B3A0009812793F7F9A6CBED6E3783FB2A86FBE01
:10B3B0007BB4783F51B672BE8684783F5AC375BE5F
:10B3C000F853783FCCCF78BED122783FA4DB7BBE48
:10B3D00010F1773FE1E67EBEB7BE773FC0F880BE92
:10B3E000C58B773FC07D82BE3A58773F700284BEDE
:10B3F0001724773FCE8685BE5BEF763FDA0A87BE9D
:10B4000007BA763F938E88BE1B84763FF8118ABEBA
:10B41000974D763F07958BBE7A16763FC0178DBE47
:10B42000C6DE753F229A8EBE7BA6753F2C1C90BE51
:10B43000976D753FDD9D91BE1D34753F351F93BEE1
:10B440000BFA743F31A094BE62BF743FD22096BE07
:10B450002284743F17A197BE4B48743FFE2099BECB
:10B46000DD0B743F86A09ABED9CE733FAF1F9CBE42
:10B470003F91733F789E9DBE0E53733FDF1C9FBE6E
:10B480004714733FE59AA0BEEBD4723F8718A2BE63
:10B49000F894723FC595A3BE7054723F9F12A5BE2B
:10B4A0005213723F128FA6BE9FD1713F1F0BA8BED1
:10B4B000578F713FC486A9BE7A4C713F0102ABBE63
:10B4C0000809713FD47CACBE02C5703F3CF7ADBEED
:10B4D0006680703F3A71AFBE373B703FCBEAB0BE7B
:10B4E00073F56F3FEF63B2BE1BAF6F3FA5DCB3BE1A
:10B4F00030686F3FEC54B5BEB0206F3FC3CCB6BED2
:10B500009ED86E3F2A44B8BEF88F6E3F1EBBB9BEB0
:10B51000BE466E3FA031BBBEF2FC6D3FAFA7BCBEC6
:10B5200093B26D3F4A1DBEBEA1676D3F6F92BFBE15
:10B530001D1C6D3F1E07C1BE07D06C3F557BC2BEB0
:10B540005E836C3F15EFC3BE24366C3F5C62C5BEA4
:10B5500058E86B3F29D5C6BEFB996B3F7C47C8BEF8
:10B560000C4B6B3F53B9C9BE8CFB6A3FAE2ACBBEB6
:10B570007BAB6A3F8B9BCCBED95A6A3FEA0BCEBEEF
:10B58000A7096A3FCA7BCFBEE4B7693F2AEBD0BEAA
:10B590009165693F095AD2BEAE12693F67C8D3BEF2
:10B5A0003CBF683F4136D5BE396B683F99A3D6BED4
:10B5B000A816683F6B10D8BE87C1673FB97CD9BE5B
:10B5C000D86B673F80E8DABE9915673FC153DCBE90
:10B5D000CCBE663F79BEDDBE7167663FA928DFBE7F
:10B5E000880F663F4F92E0BE10B7653F6AFBE1BE31
:10B5F0000B5E653FFA63E3BE7904653FFECBE4BEB4
:10B6000059AA643F7533E6BEAC4F643F5D9AE7BE0E
:10B6100073F4633FB700E9BEAC98633F8166EABE4E
:10B620005A3C633FBBCBEBBE7BDF623F6330EDBE7A
:10B630001082623F7994EEBE1A24623FFBF7EFBEA0
:10B6400098C5613FEA5AF1BE8A66613F43BDF2BECA
:10B65000F206613F071FF4BECFA6603F3580F5BEFE
:10B660002146603FCBE0F6BEE9E45F3FC840F8BE4C
:10B6700027835F3F2DA0F9BEDB205F3FF7FEFABEB8
:10B6800005BE5E3F275DFCBEA65A5E3FBBBAFDBE4F
:10B69000BEF65D3FB217FFBE4D925D3F063A00BF5A
:10B6A000532D5D3FE4E700BFD1C75C3F739501BFF9
:10B6B000C7615C3FB14202BF34FB5B3F9FEF02BFFB
:10B6C0001A945B3F3D9C03BF792C5B3F894804BFC4
:10B6D00050C45A3F84F404BFA05B5A3F2CA005BF5E
:10B6E0006AF2593F824B06BFAD88593F86F606BFC6
:10B6F0006A1E593F36A107BFA1B3583F924B08BFFE
:10B700005348583F9BF508BF7FDC573F4E9F09BF0A
:10B710002670573FAD480ABF4803573FB7F10ABFED
:10B72000E595563F6B9A0BBFFE27563FC9420CBFAB
:10B7300093B9553FD0EA0CBFA44A553F81920DBF43
:10B7400031DB543FDA390EBF3B6B543FDBE00EBFB9
:10B75000C3FA533F84870FBFC789533FD52D10BF0E
:10B760004918533FCDD310BF49A6523F6B7911BF43
:10B77000C633523FB01E12BFC2C0513F9AC312BF60
:10B780003D4D513F2A6813BF37D9503F5F0C14BF5E
:10B79000AF64503F39B014BFA8EF4F3FB75315BF48
:10B7A0001F7A4F3FD9F615BF17044F3F9F9916BF19
:10B7B000908D4E3F073C17BF89164E3F12DE17BFD4
:10B7C000029F4D3FC07F18BFFD264D3F0F2119BF7F
:10B7D00079AE4C3F00C219BF78354C3F93621ABF17
:10B7E000F8BB4B3FC6021BBFFA414B3F99A21BBFA0
:10B7F0007FC74A3F0C421CBF874C4A3F1FE11CBF1A
:10B8000012D1493FD17F1DBF2155493F221E1EBF86
:10B81000B3D8483F12BC1EBFCA5B483F9F591FBFE9
:10B8200065DE473FCBF61FBF8560473F939320BF40
:10B830002AE2463FF92F21BF5463463FFBCB21BF8D
:10B8400003E4453F996722BF3964453FD30223BFD4
:10B85000F5E3443FA99D23BF3763443F1A3824BF13
:10B8600000E2433F25D224BF5160433FCB6B25BF4D
:10B8700029DE423F0A0526BF895B423FE39D26BF82
:10B8800070D8413F563627BFE154413F61CE27BFB4
:10B89000DAD0403F056628BF5C4C403F41FD28BFE1
:10B8A00067C73F3F159429BFFC413F3F802A2ABF0D
:10B8B0001BBC3E3F82C02ABFC5353E3F1B562BBF37
:10B8C000F9AE3D3F4AEB2BBFB8273D3F0F802CBF61
:10B8D00003A03C3F69142DBFD9173C3F59A82DBF89
:10B8E0003B8F3B3FDE3B2EBF29063B3FF7CE2EBFB3
:10B8F000A47C3A3FA5612FBFACF2393FE6F32FBFDE
:10B900004268393FBB8530BF65DD383F221731BF04
:10B910001652383F1DA831BF55C6373FAA3832BF2F
:10B92000233A373FC9C832BF7FAD363F7A5833BF5D
:10B930006C20363FBCE733BFE792353F8F7634BF8C
:10B94000F304353FF30435BF8F76343FE79235BFBC
:10B95000BCE7333F6C2036BF7A58333F7FAD36BFEC
:10B96000C9C8323F233A37BFAA38323F55C637BF1E
:10B970001DA8313F165238BF2217313F65DD38BF51
:10B98000BB85303F426839BFE6F32F3FACF239BF89
:10B99000A5612F3FA47C3ABFF7CE2E3F29063BBFBF
:10B9A000DE3B2E3F3B8F3BBF59A82D3FD9173CBFF5
:10B9B00069142D3F03A03CBF0F802C3FB8273DBF2B
:10B9C0004AEB2B3FF9AE3DBF1B562B3FC5353EBF63
:10B9D00082C02A3F1BBC3EBF802A2A3FFC413FBF9A
:10B9E0001594293F67C73FBF41FD283F5C4C40BFCE
:10B9F0000566283FDAD040BF61CE273FE15441BF02
:10BA00005636273F70D841BFE39D263F895B42BF32
:10BA10000A05263F29DE42BFCB6B253F516043BF5D
:10BA200025D2243F00E243BF1A38243F376344BF86
:10BA3000A99D233FF5E344BFD302233F396445BFAB
:10BA40009967223F03E445BFFBCB213F546346BFC8
:10BA5000F92F213F2AE246BF9393203F856047BFDD
:10BA6000CBF61F3F65DE47BF9F591F3FCA5B48BFEC
:10BA700012BC1E3FB3D848BF221E1E3F215549BFEE
:10BA8000D17F1D3F12D149BF1FE11C3F874C4ABFE8
:10BA90000C421C3F7FC74ABF99A21B3FFA414BBFD4
:10BAA000C6021B3FF8BB4BBF93621A3F78354CBFB1
:10BAB00000C2193F79AE4CBF0F21193FFD264DBF83
:10BAC000C07F183F029F4DBF12DE173F89164EBF41
:10BAD000073C173F908D4EBF9F99163F17044FBFED
:10BAE000D9F6153F1F7A4FBFB753153FA8EF4FBF89
:10BAF00039B0143FAF6450BF5F0C143F37D950BF0B
:10BB00002A68133F3D4D51BF9AC3123FC2C051BF77
:10BB1000B01E123FC63352BF6B79113F49A652BFC8
:10BB2000CDD3103F491853BFD52D103FC78953BF00
:10BB300084870F3FC3FA53BFDBE00E3F3B6B54BF1C
:10BB4000DA390E3F31DB54BF81920D3FA44A55BF15
:10BB5000D0EA0C3F93B955BFC9420C3FFE2756BFF0
:10BB60006B9A0B3FE59556BFB7F10A3F480357BFA5
:10BB7000AD480A3F267057BF4E9F093F7FDC57BF35
:10BB80009BF5083F534858BF924B083FA1B358BF9D
:10BB900036A1073F6A1E59BF86F6063FAD8859BFDA
:10BBA000824B063F6AF259BF2CA0053FA05B5ABFEB
:10BBB00084F4043F50C45ABF8948043F792C5BBFCA
:10BBC0003D9C033F1A945BBF9FEF023F34FB5BBF7A
:10BBD000B142023FC7615CBF7395013FD1C75CBFF3
:10BBE000E4E7003F532D5DBF063A003F4D925DBF35
:10BBF000B217FF3EBEF65DBFBBBAFD3EA65A5EBFA2
:10BC0000275DFC3E05BE5EBFF7FEFA3EDB205FBF50
:10BC10002DA0F93E27835FBFC840F83EE9E45FBF2F
:10BC2000CBE0F63E214660BF3580F53ECFA660BF33
:10BC3000071FF43EF20661BF43BDF23E8A6661BF54
:10BC4000EA5AF13E98C561BFFBF7EF3E1A2462BF86
:10BC50007994EE3E108262BF6330ED3E7BDF62BFBF
:10BC6000BBCBEB3E5A3C63BF8166EA3EAC9863BFF8
:10BC7000B700E93E73F463BF5D9AE73EAC4F64BF23
:10BC80007533E63E59AA64BFFECBE43E790465BF36
:10BC9000FA63E33E0B5E65BF6AFBE13E10B765BF2A
:10BCA0004F92E03E880F66BFA928DF3E716766BFEE
:10BCB00079BEDD3ECCBE66BFC153DC3E991567BF81
:10BCC00080E8DA3ED86B67BFB97CD93E87C167BFD1
:10BCD0006B10D83EA81668BF99A3D63E396B68BFD3
:10BCE0004136D53E3CBF68BF67C8D33EAE1269BF80
:10BCF000095AD23E916569BF2AEBD03EE4B769BFCD
:10BD0000CA7BCF3EA7096ABFEA0BCE3ED95A6ABFAB
:10BD10008B9BCC3E7BAB6ABFAE2ACB3E8CFB6ABF13
:10BD200053B9C93E0C4B6BBF7C47C83EFB996BBFF8
:10BD300029D5C63E58E86BBF5C62C53E24366CBF51
:10BD400015EFC33E5E836CBF557BC23E07D06CBF10
:10BD50001E07C13E1D1C6DBF6F92BF3EA1676DBF28
:10BD60004A1DBE3E93B26DBFAFA7BC3EF2FC6DBF95
:10BD7000A031BB3EBE466EBF1EBBB93EF88F6EBF44
:10BD80002A44B83E9ED86EBFC3CCB63EB0206FBF2B
:10BD9000EC54B53E30686FBFA5DCB33E1BAF6FBF40
:10BDA000EF63B23E73F56FBFCBEAB03E373B70BF77
:10BDB0003A71AF3E668070BF3CF7AD3E02C570BFC2
:10BDC000D47CAC3E080971BF0102AB3E7A4C71BF16
:10BDD000C486A93E578F71BF1F0BA83E9FD171BF6C
:10BDE000128FA63E521372BF9F12A53E705472BFAF
:10BDF000C595A33EF89472BF8718A23EEBD472BFDC
:10BE0000E59AA03E471473BFDF1C9F3E0E5373BFDD
:10BE1000789E9D3E3F9173BFAF1F9C3ED9CE73BFAE
:10BE200086A09A3EDD0B74BFFE20993E4B4874BF3E
:10BE300017A1973E228474BFD220963E62BF74BF82
:10BE400031A0943E0BFA74BF351F933E1D3475BF6D
:10BE5000DD9D913E976D75BF2C1C903E7BA675BFF6
:10BE6000229A8E3EC6DE75BFC0178D3E7A1676BF0B
:10BE700007958B3E974D76BFF8118A3E1B8476BF9F
:10BE8000938E883E07BA76BFDA0A873E5BEF76BFAD
:10BE9000CE86853E172477BF7002843E3A5877BF1E
:10BEA000C07D823EC58B77BFC0F8803EB7BE77BFEE
:10BEB000E1E67E3E10F177BFA4DB7B3ED12278BF66
:10BEC000CCCF783EF85378BF5AC3753E868478BF8E
:10BED00051B6723E7BB478BFB2A86F3ED6E378BF4E
:10BEE0007F9A6C3E981279BFBA8B693EC04079BF89
:10BEF000667C663E4E6E79BF836C633E439B79BF22
:10BF0000135C603E9DC779BF1A4B5D3E5EF379BFFF
:10BF100097395A3E841E7ABF8F27573E10497ABF01
:10BF20000115543E02737ABFF101513E599C7ABF0C
:10BF300060EE4D3E16C57ABF4FDA4A3E37ED7ABF06
:10BF4000C2C5473EBE147BBFB9B0443EAB3B7BBFCE
:10BF5000379B413EFC617BBF3E853E3EB2877BBF47
:10BF6000CF6E3B3ECDAC7BBFEC57383E4DD17BBF57
:10BF70009840353E31F57BBFD428323E7A187CBFDD
:10BF8000A2102F3E283B7CBF04F82B3E3A5D7CBFBD
:10BF9000FCDE283EB07E7CBF8CC5253E8A9F7CBFE0
:10BFA000B6AB223EC9BF7CBF7B911F3E6CDF7CBF1E
:10BFB000DE761C3E73FE7CBFE05B193EDD1C7DBF60
:10BFC0008340163EAC3A7DBFCA24133EDE577DBF88
:10BFD000B708103E74747DBF4AEC0C3E6E907DBF76
:10BFE00086CF093ECCAB7DBF6EB2063E8CC67DBF10
:10BFF0000295033EB1E07DBF4577003E38FA7DBF34
:10C0000073B2FA3D24137EBFC075F43D722B7EBF20
:10C010007638EE3D23437EBF9AFAE73D385A7EBF1D
:10C020002EBCE13DB0707EBF377DDB3D8B867EBF91
:10C03000B93DD53DC99B7EBFB7FDCE3D69B07EBF42
:10C0400036BDC83D6DC47EBF397CC23DD4D77EBFEE
:10C05000C33ABC3D9DEA7EBFDAF8B53DC9FC7EBF60
:10C0600080B6AF3D580E7FBFBA73A93D491F7FBF51
:10C070008C30A33D9D2F7FBFF9EC9C3D543F7FBF8B
:10C0800005A9963D6D4E7FBFB464903DE95C7FBFCE
:10C090000A208A3DC76A7FBF0ADB833D08787FBFDD
:10C0A000742B7B3DAB847FBF38A06E3DB1907FBFCA
:10C0B0006814623D189C7FBF0E88553DE3A67FBF84
:10C0C0002FFB483D0FB17FBFD56D3C3D9EBA7FBF72
:10C0D00007E02F3D8FC37FBFCC51233DE2CB7FBF15
:10C0E0002CC3163D98D37FBF2F340A3DAFDA7FBFF4
:10C0F000B949FB3C29E17FBF7B2AE23C05E77FBFD2
:10C10000B00AC93C43EC7FBF69EAAF3CE3F07FBFB4
:10C11000B6C9963CE6F47FBF4B517B3C4AF87FBFE3
:10C12000900E493C11FB7FBF59CB163C39FD7FBFB8
:10C13000890FC93BC4FE7FBFC70F493BB1FF7FBF1B
:10C14000000000000000803FD40FC93AECFF7F3FA1
:10C15000C70F493BB1FF7F3FC1CB963B4EFF7F3FAF
:10C16000890FC93BC4FE7F3F3053FB3B13FE7F3F2B
:10C1700059CB163C39FD7F3F02ED2F3C39FC7F3F08
:10C18000900E493C11FB7F3F0030623CC1F97F3F7C
:10C190004B517B3C4AF87F3F38398A3CACF67F3FB5
:10C1A000B6C9963CE6F47F3F1C5AA33CF8F27F3FA9
:10C1B00069EAAF3CE3F07F3F9B7ABC3CA7EE7F3F50
:10C1C000B00AC93C43EC7F3FA69AD53CB8E97F3F13
:10C1D0007B2AE23C05E77F3F2DBAEE3C2BE47F3F14
:10C1E000B949FB3C29E17F3F90EC033D00DE7F3FF6
:10C1F0002F340A3DAFDA7F3FB87B103D37D77F3F02
:10C200002CC3163D98D37F3F880A1D3DD1CF7F3F79
:10C21000CC51233DE2CB7F3FF698293DCCC77F3FF1
:10C2200007E02F3D8FC37F3FFC26363D2ABF7F3F6F
:10C23000D56D3C3D9EBA7F3F91B4423DEAB57F3F0C
:10C240002FFB483D0FB17F3FAF414F3D0DAC7F3FCE
:10C250000E88553DE3A67F3F4CCE5B3D91A17F3FCD
:10C260006814623D189C7F3F625A683D78967F3F14
:10C2700038A06E3DB1907F3FE9E5743DC28A7F3FB3
:10C28000742B7B3DAB847F3F6CB8803D6D7E7F3FE0
:10C290000ADB833D08787F3F94FD863D7B717F3FBD
:10C2A0000A208A3DC76A7F3F6A428D3DEC637F3F2B
:10C2B000B464903DE95C7F3FE786933DBF557F3F87
:10C2C00005A9963D6D4E7F3F0ACB993DF4467F3FD1
:10C2D000F9EC9C3D543F7F3FCF0EA03D8D377F3F13
:10C2E0008C30A33D9D2F7F3F3052A63D87277F3F57
:10C2F000BA73A93D491F7F3F2B95AC3DE4167F3FA4
:10C3000080B6AF3D580E7F3FBBD7B23DA4057F3FFF
:10C31000DAF8B53DC9FC7E3FDD19B93DC7F37E3F74
:10C32000C33ABC3D9DEA7E3F8D5BBF3D4CE17E3F05
:10C33000397CC23DD4D77E3FC69CC53D34CE7E3FBE
:10C3400036BDC83D6DC47E3F86DDCB3D7FBA7E3FA6
:10C35000B7FDCE3D69B07E3FC81DD23D2DA67E3FC4
:10C36000B93DD53DC99B7E3F895DD83D3D917E3F1E
:10C37000377DDB3D8B867E3FC49CDE3DB17B7E3FBF
:10C380002EBCE13DB0707E3F76DBE43D88657E3FAC
:10C390009AFAE73D385A7E3F9A19EB3DC14E7E3FEF
:10C3A0007638EE3D23437E3F2E57F13D5E377E3F8C
:10C3B000C075F43D722B7E3F2C94F73D5E1F7E3F8F
:10C3C00073B2FA3D24137E3F92D0FD3DC2067E3FFC
:10C3D0004577003E38FA7D3F2E06023E88ED7D3FD0
:10C3E0000295033EB1E07D3FC223053EB2D37D3FBF
:10C3F0006EB2063E8CC67D3F0541083E40B97D3F8A
:10C4000086CF093ECCAB7D3FF35D0B3E309E7D3F3A
:10C410004AEC0C3E6E907D3F8B7A0E3E85827D3FCE
:10C42000B708103E74747D3FCC96113E3D667D3F4B
:10C43000CA24133EDE577D3FB2B2143E59497D3FB8
:10C440008340163EAC3A7D3F3DCE173ED82B7D3F14
:10C45000E05B193EDD1C7D3F6BE91A3EBC0D7D3F64
:10C46000DE761C3E73FE7C3F38041E3E03EF7C3FAD
:10C470007B911F3E6CDF7C3FA51E213EAECF7C3FF3
:10C48000B6AB223EC9BF7C3FAD38243EBDAF7C3F3A
:10C490008CC5253E8A9F7C3F5152273E318F7C3F81
:10C4A000FCDE283EB07E7C3F8D6B2A3E086E7C3FD2
:10C4B00004F82B3E3A5D7C3F61842D3E444C7C3F2A
:10C4C000A2102F3E283B7C3FC99C303EE5297C3F93
:10C4D000D428323E7A187C3FC4B4333EE9067C3F10
:10C4E0009840353E31F57B3F50CC363E53E37B3FA1
:10C4F000EC57383E4DD17B3F6CE3393E20BF7B3F4C
:10C50000CF6E3B3ECDAC7B3F15FA3C3E539A7B3F12
:10C510003E853E3EB2877B3F4910403EEA747B3FFA
:10C52000379B413EFC617B3F0726433EE74E7B3F06
:10C53000B9B0443EAB3B7B3F4D3B463E48287B3F3A
:10C54000C2C5473EBE147B3F1850493E0E017B3F9B
:10C550004FDA4A3E37ED7A3F67644C3E3AD97A3F2C
:10C5600060EE4D3E16C57A3F38784F3ECBB07A3FED
:10C57000F101513E599C7A3F898B523EC1877A3FE7
:10C580000115543E02737A3F589E553E1C5E7A3F19
:10C590008F27573E10497A3FA4B0583EDD337A3F8B
:10C5A00097395A3E841E7A3F6AC25B3E04097A3F3D
:10C5B0001A4B5D3E5EF3793FA8D35E3E91DD793F35
:10C5C000135C603E9DC7793F5CE4613E83B1793F77
:10C5D000836C633E439B793F86F4643EDC84793F01
:10C5E000667C663E4E6E793F2204683E9A57793FDC
:10C5F000BA8B693EC040793F2F136B3EBF29793F0C
:10C600007F9A6C3E9812793FAB216E3E4AFB783F91
:10C61000B2A86F3ED6E3783F942F713E3BCC783F73
:10C6200051B6723E7BB4783FE83C743E939C783FB1
:10C630005AC3753E8684783FA649773E526C783F50
:10C64000CCCF783EF853783FCB557A3E773B783F56
:10C65000A4DB7B3ED122783F56617D3E040A783FC1
:10C66000E1E67E3E10F1773F2236803EF7D7773FF6
:10C67000C0F8803EB7BE773F4ABB813E51A5773FA9
:10C68000C07D823EC58B773F2240833E1372773F49
:10C690007002843E3A58773FAAC4843E3C3E773FBE
:10C6A000CE86853E1724773FDF48863ECC09773F0C
:10C6B000DA0A873E5BEF763FC1CC873EC4D4763F33
:10C6C000938E883E07BA763F5050893E249F763F2E
:10C6D000F8118A3E1B84763F8AD38A3EEC68763F07
:10C6E00007958B3E974D763F6E568C3E1B32763FBC
:10C6F000C0178D3E7A16763FFCD88D3EB3FA753F53
:10C70000229A8E3EC6DE753F325B8F3EB3C2753FC6
:10C710002C1C903E7BA6753F10DD903E1C8A753F19
:10C72000DD9D913E976D753F945E923EED50753F55
:10C73000351F933E1D34753FBFDF933E2717753F6E
:10C7400031A0943E0BFA743F8D60953EC9DC743F76
:10C75000D220963E62BF743F00E1963ED5A1743F61
:10C7600017A1973E2284743F1661983E4966743F34
:10C77000FE20993E4B48743FCEE0993E272A743FF5
:10C7800086A09A3EDD0B743F27609B3E6EED733FA3
:10C79000AF1F9C3ED9CE733F20DF9C3E1FB0733F3E
:10C7A000789E9D3E3F91733FB85D9E3E3972733FC8
:10C7B000DF1C9F3E0E53733FEEDB9F3EBE33733F45
:10C7C000E59AA03E4714733FC259A13EACF4723FB4
:10C7D0008718A23EEBD4723F33D7A23E04B5723F16
:10C7E000C595A33EF894723F3F54A43EC774723F70
:10C7F0009F12A53E7054723FE5D0A53EF433723FC0
:10C80000128FA63E5213723F254DA73E8CF2713F08
:10C810001F0BA83E9FD1713FFEC8A83E8EB0713F4E
:10C82000C486A93E578F713F6F44AA3EFB6D713F8E
:10C830000102AB3E7A4C713F77BFAB3ED42A713FC9
:10C84000D47CAC3E0809713F153AAD3E17E7703F06
:10C850003CF7AD3E02C5703F49B4AE3EC6A2703F44
:10C860003A71AF3E6680703F102EB03EE15D703F82
:10C87000CBEAB03E373B703F6BA7B13E6718703FC5
:10C88000EF63B23E73F56F3F5820B33E5AD26F3F0D
:10C89000A5DCB33E1BAF6F3FD698B43EB88B6F3F5D
:10C8A000EC54B53E30686F3FE610B63E83446F3FB0
:10C8B000C3CCB63EB0206F3F8488B73EBAFC6E3F13
:10C8C0002A44B83E9ED86E3FB2FFB83E5DB46E3F7C
:10C8D0001EBBB93EF88F6E3F6E76BA3E6D6B6E3FF3
:10C8E000A031BB3EBE466E3FB6ECBB3EEB216E3F79
:10C8F000AFA7BC3EF2FC6D3F8B62BD3ED5D76D3F0E
:10C900004A1DBE3E93B26D3FEBD7BE3E2D8D6D3FAF
:10C910006F92BF3EA1676D3FD54CC03EF2416D3F67
:10C920001E07C13E1D1C6D3F48C1C13E24F66C3F31
:10C93000557BC23E07D06C3F4435C33EC5A96C3F12
:10C9400015EFC33E5E836C3FC8A8C43ED45C6C3F09
:10C950005C62C53E24366C3FD21BC63E500F6C3F16
:10C9600029D5C63E58E86B3F628EC73E3BC16B3F40
:10C970007C47C83EFB996B3F7700C93E95726B3F81
:10C9800053B9C93E0C4B6B3F1072CA3E5E236B3FDE
:10C99000AE2ACB3E8CFB6A3F2CE3CB3E95D36A3F5D
:10C9A0008B9BCC3E7BAB6A3FCA53CD3E3C836A3FF8
:10C9B000EA0BCE3ED95A6A3FEAC3CE3E52326A3FB4
:10C9C000CA7BCF3EA7096A3F8A33D03ED7E0693F92
:10C9D0002AEBD03EE4B7693FAAA2D13ECC8E693F94
:10C9E000095AD23E9165693F4811D33E323C693FB6
:10C9F00067C8D33EAE12693F647FD43E07E9683F03
:10CA00004136D53E3CBF683FFDECD53E4C95683F76
:10CA100099A3D63E396B683F135AD73E0341683F0E
:10CA20006B10D83EA816683FA3C6D83E2AEC673FD5
:10CA3000B97CD93E87C1673FAD32DA3EC196673FC8
:10CA400080E8DA3ED86B673F319EDB3ECA40673FE5
:10CA5000C153DC3E9915673F2E09DD3E45EA663F2E
:10CA600079BEDD3ECCBE663FA273DE3E3093663FAC
:10CA7000A928DF3E7167663F8DDDDF3E8E3B663F56
:10CA80004F92E03E880F663FEE46E13E5EE3653F33
:10CA90006AFBE13E10B7653FC4AFE23EA08A653F46
:10CAA000FA63E33E0B5E653F0E18E43E5431653F8A
:10CAB000FECBE43E7904653FCB7FE53E7BD7643F08
:10CAC0007533E63E59AA643FFBE6E63E147D643FBB
:10CAD0005D9AE73EAC4F643F9C4DE83E2122643FA7
:10CAE000B700E93E73F4633FAEB3E93EA1C6633FCE
:10CAF0008166EA3EAC98633F3019EB3E956A633F2E
:10CB0000BBCBEB3E5A3C633F217EEC3EFC0D633FCA
:10CB10006330ED3E7BDF623F80E2ED3ED7B0623FA7
:10CB20007994EE3E1082623F4C46EF3E2653623FC0
:10CB3000FBF7EF3E1A24623F85A9F03EEAF4613F1D
:10CB4000EA5AF13E98C5613F290CF23E2296613FB8
:10CB500043BDF23E8A66613F386EF33ED036613F98
:10CB6000071FF43EF206613FB1CFF43EF2D6603FBC
:10CB70003580F53ECFA6603F9330F63E8976603F24
:10CB8000CBE0F63E2146603FDC90F73E9615603FD5
:10CB9000C840F83EE9E45F3F8EF0F83E19B45F3FCD
:10CBA0002DA0F93E27835F3FA54FFA3E12525F3F0B
:10CBB000F7FEFA3EDB205F3F22AEFB3E81EF5E3F99
:10CBC000275DFC3E05BE5E3F040CFD3E678C5E3F6C
:10CBD000BBBAFD3EA65A5E3F4A69FE3EC3285E3F91
:10CBE000B217FF3EBEF65D3FF3C5FF3E97C45D3F03
:10CBF000063A003F4D925D3FFF90003FE15F5D3F91
:10CC0000E4E7003F532D5D3FB53E013FA3FA5C3F93
:10CC10007395013FD1C75C3F1CEC013FDD945C3F45
:10CC2000B142023FC7615C3F3299023F8E2E5C3FAA
:10CC30009FEF023F34FB5B3FF845033FB8C75B3FC4
:10CC40003D9C033F1A945B3F6DF2033F5A605B3F8C
:10CC50008948043F792C5B3F919E043F75F85A3F09
:10CC600084F4043F50C45A3F624A053F09905A3F3A
:10CC70002CA0053FA05B5A3FE2F5053F16275A3F1F
:10CC8000824B063F6AF2593F0EA1063F9CBD593FB9
:10CC900086F6063FAD88593FE84B073F9C53593F06
:10CCA00036A1073F6A1E593F6FF6073F17E9583F05
:10CCB000924B083FA1B3583FA1A0083F0B7E583FBD
:10CCC0009BF5083F5348583F7F4A093F7912583F28
:10CCD0004E9F093F7FDC573F09F4093F63A6573F4A
:10CCE000AD480A3F2670573F3D9D0A3FC739573F21
:10CCF000B7F10A3F4803573F1C460B3FA7CC563FAE
:10CD00006B9A0B3FE595563FA5EE0B3F025F563FF2
:10CD1000C9420C3FFE27563FD7960C3FD9F0553FEE
:10CD2000D0EA0C3F93B9553FB33E0D3F2C82553F9F
:10CD300081920D3FA44A553F38E60D3FFB12553F07
:10CD4000DA390E3F31DB543F658D0E3F47A3543F28
:10CD5000DBE00E3F3B6B543F3B340F3F0F33543F00
:10CD600084870F3FC3FA533FB8DA0F3F55C2533F92
:10CD7000D52D103FC789533FDC80103F1851533FDA
:10CD8000CDD3103F4918533FA726113F59DF523FDB
:10CD90006B79113F49A6523F19CC113F186D523F94
:10CDA000B01E123FC633523F3071123F54FA513F0A
:10CDB0009AC3123FC2C0513FEE15133F1087513F37
:10CDC0002A68133F3D4D513F50BA133F4A13513F1C
:10CDD0005F0C143F37D9503F585E143F039F503FBC
:10CDE00039B0143FAF64503F0402153F3B2A503F17
:10CDF000B753153FA8EF4F3F54A5153FF4B44F3F2D
:10CE0000D9F6153F1F7A4F3F4748163F2B3F4F3FFC
:10CE10009F99163F17044F3FDFEA163FE4C84E3F85
:10CE2000073C173F908D4E3F188D173F1C524E3FC9
:10CE300012DE173F89164E3FF52E183FD5DA4D3FCB
:10CE4000C07F183F029F4D3F73D0183F10634D3F86
:10CE50000F21193FFD264D3F9471193FCBEA4C3FFE
:10CE600000C2193F79AE4C3F55121A3F08724C3F31
:10CE700093621A3F78354C3FB8B21A3FC7F84B3F20
:10CE8000C6021B3FF8BB4B3FBB521B3F097F4B3FCA
:10CE900099A21B3FFA414B3F5FF21B3FCC044B3F33
:10CEA0000C421C3F7FC74A3FA2911C3F138A4A3F56
:10CEB0001FE11C3F874C4A3F84301D3FDC0E4A3F38
:10CEC000D17F1D3F12D1493F06CF1D3F2993493FD6
:10CED000221E1E3F2155493F266D1E3FFA16493F2F
:10CEE00012BC1E3FB3D8483FE50A1F3F4E9A483F49
:10CEF0009F591F3FCA5B483F41A81F3F271D483F1E
:10CF0000CBF61F3F65DE473F3B45203F849F473FB1
:10CF10009393203F8560473FD2E1203F6721473F01
:10CF2000F92F213F2AE2463F067E213FCEA2463F0F
:10CF3000FBCB213F5463463FD719223FBB23463FDB
:10CF40009967223F03E4453F43B5223F2DA4453F67
:10CF5000D302233F3964453F4B50233F2624453FAE
:10CF6000A99D233FF5E3443FEEEA233FA5A3443FB9
:10CF70001A38243F3763443F2C85243FAB22443F7B
:10CF800025D2243F00E2433F041F253F38A1433F01
:10CF9000CB6B253F5160433F77B8253F4C1F433F44
:10CFA0000A05263F29DE423F8451263FE89C423F46
:10CFB000E39D263F895B423F2AEA263F0B1A423F08
:10CFC0005636273F70D8413F6882273FB796413F8A
:10CFD00061CE273FE154413F401A283FEC12413FC8
:10CFE0000566283FDAD0403FB0B1283FA98E403FC8
:10CFF00041FD283F5C4C403FB848293FF009403F85
:10D000001594293F67C73F3F57DF293FC0843F3F03
:10D01000802A2A3FFC413F3F8E752A3F1BFF3E3F3F
:10D0200082C02A3F1BBC3E3F5B0B2B3FFF783E3F3D
:10D030001B562B3FC5353E3FBFA02B3F6EF23D3FF9
:10D040004AEB2B3FF9AE3D3FB9352C3F676B3D3F77
:10D050000F802C3FB8273D3F49CA2C3FECE33C3FB3
:10D0600069142D3F03A03C3F6F5E2D3FFC5B3C3FAE
:10D0700059A82D3FD9173C3F29F22D3F98D33B3F6C
:10D08000DE3B2E3F3B8F3B3F78852E3FC14A3B3FE7
:10D09000F7CE2E3F29063B3F5B182F3F75C13A3F25
:10D0A000A5612F3FA47C3A3FD3AA2F3FB7373A3F21
:10D0B000E6F32F3FACF2393FDE3C303F85AD393FE0
:10D0C000BB85303F4268393F7CCE303FE122393F5B
:10D0D0002217313F65DD383FAD5F313FCB97383F99
:10D0E0001DA8313F1652383F71F0313F430C383F95
:10D0F000AA38323F55C6373FC780323F4A80373F54
:10D10000C9C8323F233A373FAF10333FDFF3363FD2
:10D110007A58333F7FAD363F29A0333F0467363F0F
:10D12000BCE7333F6C20363F342F343FB8D9353F0E
:10D130008F76343FE792353FCFBD343FFB4B353FD1
:10D14000F304353FF304353FFB4B353FCFBD343F50
:10D15000E792353F8F76343FB8D9353F342F343F8F
:10D160006C20363FBCE7333F0467363F29A0333F8E
:10D170007FAD363F7A58333FDFF3363FAF10333F52
:10D18000233A373FC9C8323F4A80373FC780323FD2
:10D1900055C6373FAA38323F430C383F71F0313F14
:10D1A0001652383F1DA8313FCB97383FAD5F313F16
:10D1B00065DD383F2217313FE122393F7CCE303FD9
:10D1C0004268393FBB85303F85AD393FDE3C303F5B
:10D1D000ACF2393FE6F32F3FB7373A3FD3AA2F3FA0
:10D1E000A47C3A3FA5612F3F75C13A3F5B182F3FA2
:10D1F00029063B3FF7CE2E3FC14A3B3F78852E3F65
:10D200003B8F3B3FDE3B2E3F98D33B3F29F22D3FE8
:10D21000D9173C3F59A82D3FFC5B3C3F6F5E2D3F2B
:10D2200003A03C3F69142D3FECE33C3F49CA2C3F2F
:10D23000B8273D3F0F802C3F676B3D3FB9352C3FF2
:10D24000F9AE3D3F4AEB2B3F6EF23D3FBFA02B3F77
:10D25000C5353E3F1B562B3FFF783E3F5B0B2B3FB8
:10D260001BBC3E3F82C02A3F1BFF3E3F8E752A3FBC
:10D27000FC413F3F802A2A3FC0843F3F57DF293F80
:10D2800067C73F3F1594293FF009403FB848293F01
:10D290005C4C403F41FD283FA98E403FB0B1283F44
:10D2A000DAD0403F0566283FEC12413F401A283F44
:10D2B000E154413F61CE273FB796413F6882273F07
:10D2C00070D8413F5636273F0B1A423F2AEA263F85
:10D2D000895B423FE39D263FE89C423F8451263FC5
:10D2E00029DE423F0A05263F4C1F433F77B8253FC2
:10D2F0005160433FCB6B253F38A1433F041F253F7F
:10D3000000E2433F25D2243FAB22443F2C85243FFB
:10D310003763443F1A38243FA5A3443FEEEA233F36
:10D32000F5E3443FA99D233F2624453F4B50233F2F
:10D330003964453FD302233F2DA4453F43B5223FE7
:10D3400003E4453F9967223FBB23463FD719223F5D
:10D350005463463FFBCB213FCEA2463F067E213F92
:10D360002AE2463FF92F213F6721473FD2E1203F84
:10D370008560473F9393203F849F473F3B45203F35
:10D3800065DE473FCBF61F3F271D483F41A81F3FA3
:10D39000CA5B483F9F591F3F4E9A483FE50A1F3FCF
:10D3A000B3D8483F12BC1E3FFA16493F266D1E3FB8
:10D3B0002155493F221E1E3F2993493F06CF1D3F5D
:10D3C00012D1493FD17F1D3FDC0E4A3F84301D3FC3
:10D3D000874C4A3F1FE11C3F138A4A3FA2911C3FE2
:10D3E0007FC74A3F0C421C3FCC044B3F5FF21B3FC0
:10D3F000FA414B3F99A21B3F097F4B3FBB521B3F5A
:10D40000F8BB4B3FC6021B3FC7F84B3FB8B21A3FB1
:10D4100078354C3F93621A3F08724C3F55121A3FC1
:10D4200079AE4C3F00C2193FCBEA4C3F9471193F93
:10D43000FD264D3F0F21193F10634D3F73D0183F1C
:10D44000029F4D3FC07F183FD5DA4D3FF52E183F64
:10D4500089164E3F12DE173F1C524E3F188D173F64
:10D46000908D4E3F073C173FE4C84E3FDFEA163F22
:10D4700017044F3F9F99163F2B3F4F3F4748163F9A
:10D480001F7A4F3FD9F6153FF4B44F3F54A5153FCF
:10D49000A8EF4F3FB753153F3B2A503F0402153FBB
:10D4A000AF64503F39B0143F039F503F585E143F64
:10D4B00037D9503F5F0C143F4A13513F50BA133FC6
:10D4C0003D4D513F2A68133F1087513FEE15133FE2
:10D4D000C2C0513F9AC3123F54FA513F3071123FBC
:10D4E000C633523FB01E123F186D523F19CC113F48
:10D4F00049A6523F6B79113F59DF523FA726113F92
:10D500004918533FCDD3103F1851533FDC80103F93
:10D51000C789533FD52D103F55C2533FB8DA0F3F4F
:10D52000C3FA533F84870F3F0F33543F3B340F3FC1
:10D530003B6B543FDBE00E3F47A3543F658D0E3FEE
:10D5400031DB543FDA390E3FFB12553F38E60D3FD1
:10D55000A44A553F81920D3F2C82553FB33E0D3F6B
:10D5600093B9553FD0EA0C3FD9F0553FD7960C3FC1
:10D57000FE27563FC9420C3F025F563FA5EE0B3FC8
:10D58000E595563F6B9A0B3FA7CC563F1C460B3F89
:10D590004803573FB7F10A3FC739573F3D9D0A3F00
:10D5A0002670573FAD480A3F63A6573F09F4093F2D
:10D5B0007FDC573F4E9F093F7912583F7F4A093F12
:10D5C0005348583F9BF5083F0B7E583FA1A0083FAA
:10D5D000A1B3583F924B083F17E9583F6FF6073FFA
:10D5E0006A1E593F36A1073F9C53593FE84B073FFE
:10D5F000AD88593F86F6063F9CBD593F0EA1063FB8
:10D600006AF2593F824B063F16275A3FE2F5053F23
:10D61000A05B5A3F2CA0053F09905A3F624A053F44
:10D6200050C45A3F84F4043F75F85A3F919E043F1A
:10D63000792C5B3F8948043F5A605B3F6DF2033FA2
:10D640001A945B3F3D9C033FB8C75B3FF845033FDF
:10D6500034FB5B3F9FEF023F8E2E5C3F3299023FCF
:10D66000C7615C3FB142023FDD945C3F1CEC013F6F
:10D67000D1C75C3F7395013FA3FA5C3FB53E013FC4
:10D68000532D5D3FE4E7003FE15F5D3FFF90003FCA
:10D690004D925D3F063A003F97C45D3FF3C5FF3EA4
:10D6A000BEF65D3FB217FF3EC3285E3F4A69FE3EAD
:10D6B000A65A5E3FBBBAFD3E678C5E3F040CFD3E42
:10D6C00005BE5E3F275DFC3E81EF5E3F22AEFB3E26
:10D6D000DB205F3FF7FEFA3E12525F3FA54FFA3E56
:10D6E00027835F3F2DA0F93E19B45F3F8EF0F83ECF
:10D6F000E9E45F3FC840F83E9615603FDC90F73E96
:10D700002146603FCBE0F63E8976603F9330F63E9F
:10D71000CFA6603F3580F53EF2D6603FB1CFF43EF4
:10D72000F206613F071FF43ED036613F386EF33E8C
:10D730008A66613F43BDF23E2296613F290CF23E6C
:10D7400098C5613FEA5AF13EEAF4613F85A9F03E8F
:10D750001A24623FFBF7EF3E2653623F4C46EF3EF2
:10D760001082623F7994EE3ED7B0623F80E2ED3E98
:10D770007BDF623F6330ED3EFC0D633F217EEC3E7C
:10D780005A3C633FBBCBEB3E956A633F3019EB3E9F
:10D79000AC98633F8166EA3EA1C6633FAEB3E93E03
:10D7A00073F4633FB700E93E2122643F9C4DE83E9D
:10D7B000AC4F643F5D9AE73E147D643FFBE6E63E76
:10D7C00059AA643F7533E63E7BD7643FCB7FE53E85
:10D7D0007904653FFECBE43E5431653F0E18E43ECC
:10D7E0000B5E653FFA63E33EA08A653FC4AFE23E4D
:10D7F00010B7653F6AFBE13E5EE3653FEE46E13E02
:10D80000880F663F4F92E03E8E3B663F8DDDDF3EE8
:10D810007167663FA928DF3E3093663FA273DE3E04
:10D82000CCBE663F79BEDD3E45EA663F2E09DD3E51
:10D830009915673FC153DC3ECA40673F319EDB3ECE
:10D84000D86B673F80E8DA3EC196673FAD32DA3E7B
:10D8500087C1673FB97CD93E2AEC673FA3C6D83E53
:10D86000A816683F6B10D83E0341683F135AD73E55
:10D87000396B683F99A3D63E4C95683FFDECD53E89
:10D880003CBF683F4136D53E07E9683F647FD43EE0
:10D89000AE12693F67C8D33E323C693F4811D33E60
:10D8A0009165693F095AD23ECC8E693FAAA2D13E0A
:10D8B000E4B7693F2AEBD03ED7E0693F8A33D03ED8
:10D8C000A7096A3FCA7BCF3E52326A3FEAC3CE3EC7
:10D8D000D95A6A3FEA0BCE3E3C836A3FCA53CD3EDB
:10D8E0007BAB6A3F8B9BCC3E95D36A3F2CE3CB3E10
:10D8F0008CFB6A3FAE2ACB3E5E236B3F1072CA3E62
:10D900000C4B6B3F53B9C93E95726B3F7700C93ED4
:10D91000FB996B3F7C47C83E3BC16B3F628EC73E65
:10D9200058E86B3F29D5C63E500F6C3FD21BC63E10
:10D9300024366C3F5C62C53ED45C6C3FC8A8C43ED4
:10D940005E836C3F15EFC33EC5A96C3F4435C33EB3
:10D9500007D06C3F557BC23E24F66C3F48C1C13EA8
:10D960001D1C6D3F1E07C13EF2416D3FD54CC03EB0
:10D97000A1676D3F6F92BF3E2D8D6D3FEBD7BE3ED1
:10D9800093B26D3F4A1DBE3ED5D76D3F8B62BD3E03
:10D99000F2FC6D3FAFA7BC3EEB216E3FB6ECBB3E49
:10D9A000BE466E3FA031BB3E6D6B6E3F6E76BA3E9B
:10D9B000F88F6E3F1EBBB93E5DB46E3FB2FFB83EFE
:10D9C0009ED86E3F2A44B83EBAFC6E3F8488B73E6C
:10D9D000B0206F3FC3CCB63E83446F3FE610B63EE7
:10D9E00030686F3FEC54B53EB88B6F3FD698B43E6D
:10D9F0001BAF6F3FA5DCB33E5AD26F3F5820B33EFA
:10DA000073F56F3FEF63B23E6718703F6BA7B13E8F
:10DA1000373B703FCBEAB03EE15D703F102EB03E29
:10DA20006680703F3A71AF3EC6A2703F49B4AE3EC9
:10DA300002C5703F3CF7AD3E17E7703F153AAD3E6B
:10DA40000809713FD47CAC3ED42A713F77BFAB3E0E
:10DA50007A4C713F0102AB3EFB6D713F6F44AA3EB1
:10DA6000578F713FC486A93E8EB0713FFEC8A83E55
:10DA70009FD1713F1F0BA83E8CF2713F254DA73EF1
:10DA80005213723F128FA63EF433723FE5D0A53E8B
:10DA90007054723F9F12A53EC774723F3F54A43E1C
:10DAA000F894723FC595A33E04B5723F33D7A23EAA
:10DAB000EBD4723F8718A23EACF4723FC259A13E2C
:10DAC0004714733FE59AA03EBE33733FEEDB9F3EA3
:10DAD0000E53733FDF1C9F3E3972733FB85D9E3E0D
:10DAE0003F91733F789E9D3E1FB0733F20DF9C3E69
:10DAF000D9CE733FAF1F9C3E6EED733F27609B3EB8
:10DB0000DD0B743F86A09A3E272A743FCEE0993EF3
:10DB10004B48743FFE20993E4966743F1661983E1B
:10DB20002284743F17A1973ED5A1743F00E1963E31
:10DB300062BF743FD220963EC9DC743F8D60953E33
:10DB40000BFA743F31A0943E2717753FBFDF933E19
:10DB50001D34753F351F933EED50753F945E923EE8
:10DB6000976D753FDD9D913E1C8A753F10DD903E9F
:10DB70007BA6753F2C1C903EB3C2753F325B8F3E37
:10DB8000C6DE753F229A8E3EB3FA753FFCD88D3EB5
:10DB90007A16763FC0178D3E1B32763F6E568C3E0E
:10DBA000974D763F07958B3EEC68763F8AD38A3E49
:10DBB0001B84763FF8118A3E249F763F5050893E61
:10DBC00007BA763F938E883EC4D4763FC1CC873E59
:10DBD0005BEF763FDA0A873ECC09773FDF48863E27
:10DBE0001724773FCE86853E3C3E773FAAC4843ECD
:10DBF0003A58773F7002843E1372773F2240833E4B
:10DC0000C58B773FC07D823E51A5773F4ABB813EA1
:10DC1000B7BE773FC0F8803EF7D7773F2236803EC9
:10DC200010F1773FE1E67E3E040A783F56617D3E83
:10DC3000D122783FA4DB7B3E773B783FCB557A3EC1
:10DC4000F853783FCCCF783E526C783FA649773E68
:10DC50008684783F5AC3753E939C783FE83C743E77
:10DC60007BB4783F51B6723E3BCC783F942F713EE7
:10DC7000D6E3783FB2A86F3E4AFB783FAB216E3EB9
:10DC80009812793F7F9A6C3EBF29793F2F136B3EE4
:10DC9000C040793FBA8B693E9A57793F2204683E6B
:10DCA0004E6E793F667C663EDC84793F86F4643E46
:10DCB000439B793F836C633E83B1793F5CE4613E73
:10DCC0009DC7793F135C603E91DD793FA8D35E3EEE
:10DCD0005EF3793F1A4B5D3E04097A3F6AC25B3EB0
:10DCE000841E7A3F97395A3EDD337A3FA4B0583EBE
:10DCF00010497A3F8F27573E1C5E7A3F589E553E0B
:10DD000002737A3F0115543EC1877A3F898B523E98
:10DD1000599C7A3FF101513ECBB07A3F38784F3E63
:10DD200016C57A3F60EE4D3E3AD97A3F67644C3E65
:10DD300037ED7A3F4FDA4A3E0E017B3F1850493E9D
:10DD4000BE147B3FC2C5473E48287B3F4D3B463E05
:10DD5000AB3B7B3FB9B0443EE74E7B3F0726433E9B
:10DD6000FC617B3F379B413EEA747B3F4910403E5C
:10DD7000B2877B3F3E853E3E539A7B3F15FA3C3E41
:10DD8000CDAC7B3FCF6E3B3E20BF7B3F6CE3393E4B
:10DD90004DD17B3FEC57383E53E37B3F50CC363E72
:10DDA00031F57B3F9840353EE9067C3FC4B4333EB5
:10DDB0007A187C3FD428323EE5297C3FC99C303E0E
:10DDC000283B7C3FA2102F3E444C7C3F61842D3E7B
:10DDD0003A5D7C3F04F82B3E086E7C3F8D6B2A3EFB
:10DDE000B07E7C3FFCDE283E318F7C3F5152273E87
:10DDF0008A9F7C3F8CC5253EBDAF7C3FAD38243E1D
:10DE0000C9BF7C3FB6AB223EAECF7C3FA51E213EB4
:10DE10006CDF7C3F7B911F3E03EF7C3F38041E3E4E
:10DE200073FE7C3FDE761C3EBC0D7D3F6BE91A3EE7
:10DE3000DD1C7D3FE05B193ED82B7D3F3DCE173E7C
:10DE4000AC3A7D3F8340163E59497D3FB2B2143E05
:10DE5000DE577D3FCA24133E3D667D3FCC96113E82
:10DE600074747D3FB708103E85827D3F8B7A0E3EED
:10DE70006E907D3F4AEC0C3E309E7D3FF35D0B3E45
:10DE8000CCAB7D3F86CF093E40B97D3F0541083E82
:10DE90008CC67D3F6EB2063EB2D37D3FC223053EA7
:10DEA000B1E07D3F0295033E88ED7D3F2E06023EA8
:10DEB00038FA7D3F4577003EC2067E3F92D0FD3D59
:10DEC00024137E3F73B2FA3D5E1F7E3F2C94F73DD4
:10DED000722B7E3FC075F43D5E377E3F2E57F13D7D
:10DEE00023437E3F7638EE3DC14E7E3F9A19EB3D8F
:10DEF000385A7E3F9AFAE73D88657E3F76DBE43DFF
:10DF0000B0707E3F2EBCE13DB17B7E3FC49CDE3DC8
:10DF10008B867E3F377DDB3D3D917E3F895DD83DE1
:10DF2000C99B7E3FB93DD53D2DA67E3FC81DD23D44
:10DF300069B07E3FB7FDCE3D7FBA7E3F86DDCB3DEB
:10DF40006DC47E3F36BDC83D34CE7E3FC69CC53DC8
:10DF5000D4D77E3F397CC23D4CE17E3F8D5BBF3DD7
:10DF60009DEA7E3FC33ABC3DC7F37E3FDD19B93D14
:10DF7000C9FC7E3FDAF8B53DA4057F3FBBD7B23D73
:10DF8000580E7F3F80B6AF3DE4167F3F2B95AC3DEA
:10DF9000491F7F3FBA73A93D87277F3F3052A63D77
:10DFA0009D2F7F3F8C30A33D8D377F3FCF0EA03D0F
:10DFB000543F7F3FF9EC9C3DF4467F3F0ACB993DAF
:10DFC0006D4E7F3F05A9963DBF557F3FE786933D48
:10DFD000E95C7F3FB464903DEC637F3F6A428D3DD6
:10DFE000C76A7F3F0A208A3D7B717F3F94FD863D53
:10DFF00008787F3F0ADB833D6D7E7F3F6CB8803DB4
:10E00000AB847F3F742B7B3DC28A7F3FE9E5743D43
:10E01000B1907F3F38A06E3D78967F3F625A683D51
:10E02000189C7F3F6814623D91A17F3F4CCE5B3DC1
:10E03000E3A67F3F0E88553D0DAC7F3FAF414F3D7E
:10E040000FB17F3F2FFB483DEAB57F3F91B4423D82
:10E050009EBA7F3FD56D3C3D2ABF7F3FFC26363DB3
:10E060008FC37F3F07E02F3DCCC77F3FF698293D08
:10E07000E2CB7F3FCC51233DD1CF7F3F880A1D3D6E
:10E0800098D37F3F2CC3163D37D77F3FB87B103DD9
:10E09000AFDA7F3F2F340A3D00DE7F3F90EC033D37
:10E0A00029E17F3FB949FB3C2BE47F3F2DBAEE3C91
:10E0B00005E77F3F7B2AE23CB8E97F3FA69AD53C43
:10E0C00043EC7F3FB00AC93CA7EE7F3F9B7ABC3C44
:10E0D000E3F07F3F69EAAF3CF8F27F3F1C5AA33C74
:10E0E000E6F47F3FB6C9963CACF67F3F38398A3CB0
:10E0F0004AF87F3F4B517B3CC1F97F3F0030623C87
:10E1000011FB7F3F900E493C39FC7F3F02ED2F3CD5
:10E1100039FD7F3F59CB163C13FE7F3F3053FB3B0D
:10E12000C4FE7F3F890FC93B4EFF7F3FC1CB963B6B
:10E13000B1FF7F3FC70F493BECFF7F3FD40FC93A88
:10E140000000803F00000000ECFF7F3FD40FC9BA01
:10E15000B1FF7F3FC70F49BB4EFF7F3FC1CB96BB8F
:10E16000C4FE7F3F890FC9BB13FE7F3F3053FBBB0B
:10E1700039FD7F3F59CB16BC39FC7F3F02ED2FBCE8
:10E1800011FB7F3F900E49BCC1F97F3F003062BC5C
:10E190004AF87F3F4B517BBCACF67F3F38398ABC95
:10E1A000E6F47F3FB6C996BCF8F27F3F1C5AA3BC89
:10E1B000E3F07F3F69EAAFBCA7EE7F3F9B7ABCBC30
:10E1C00043EC7F3FB00AC9BCB8E97F3FA69AD5BCF3
:10E1D00005E77F3F7B2AE2BC2BE47F3F2DBAEEBCF4
:10E1E00029E17F3FB949FBBC00DE7F3F90EC03BDD6
:10E1F000AFDA7F3F2F340ABD37D77F3FB87B10BDE2
:10E2000098D37F3F2CC316BDD1CF7F3F880A1DBD59
:10E21000E2CB7F3FCC5123BDCCC77F3FF69829BDD1
:10E220008FC37F3F07E02FBD2ABF7F3FFC2636BD4F
:10E230009EBA7F3FD56D3CBDEAB57F3F91B442BDEC
:10E240000FB17F3F2FFB48BD0DAC7F3FAF414FBDAE
:10E25000E3A67F3F0E8855BD91A17F3F4CCE5BBDAD
:10E26000189C7F3F681462BD78967F3F625A68BDF4
:10E27000B1907F3F38A06EBDC28A7F3FE9E574BD93
:10E28000AB847F3F742B7BBD6D7E7F3F6CB880BDC0
:10E2900008787F3F0ADB83BD7B717F3F94FD86BD9D
:10E2A000C76A7F3F0A208ABDEC637F3F6A428DBD0B
:10E2B000E95C7F3FB46490BDBF557F3FE78693BD67
:10E2C0006D4E7F3F05A996BDF4467F3F0ACB99BDB1
:10E2D000543F7F3FF9EC9CBD8D377F3FCF0EA0BDF3
:10E2E0009D2F7F3F8C30A3BD87277F3F3052A6BD37
:10E2F000491F7F3FBA73A9BDE4167F3F2B95ACBD84
:10E30000580E7F3F80B6AFBDA4057F3FBBD7B2BDDF
:10E31000C9FC7E3FDAF8B5BDC7F37E3FDD19B9BD54
:10E320009DEA7E3FC33ABCBD4CE17E3F8D5BBFBDE5
:10E33000D4D77E3F397CC2BD34CE7E3FC69CC5BD9E
:10E340006DC47E3F36BDC8BD7FBA7E3F86DDCBBD86
:10E3500069B07E3FB7FDCEBD2DA67E3FC81DD2BDA4
:10E36000C99B7E3FB93DD5BD3D917E3F895DD8BDFE
:10E370008B867E3F377DDBBDB17B7E3FC49CDEBD9F
:10E38000B0707E3F2EBCE1BD88657E3F76DBE4BD8C
:10E39000385A7E3F9AFAE7BDC14E7E3F9A19EBBDCF
:10E3A00023437E3F7638EEBD5E377E3F2E57F1BD6C
:10E3B000722B7E3FC075F4BD5E1F7E3F2C94F7BD6F
:10E3C00024137E3F73B2FABDC2067E3F92D0FDBDDC
:10E3D00038FA7D3F457700BE88ED7D3F2E0602BEB0
:10E3E000B1E07D3F029503BEB2D37D3FC22305BE9F
:10E3F0008CC67D3F6EB206BE40B97D3F054108BE6A
:10E40000CCAB7D3F86CF09BE309E7D3FF35D0BBE1A
:10E410006E907D3F4AEC0CBE85827D3F8B7A0EBEAE
:10E4200074747D3FB70810BE3D667D3FCC9611BE2B
:10E43000DE577D3FCA2413BE59497D3FB2B214BE98
:10E44000AC3A7D3F834016BED82B7D3F3DCE17BEF4
:10E45000DD1C7D3FE05B19BEBC0D7D3F6BE91ABE44
:10E4600073FE7C3FDE761CBE03EF7C3F38041EBE8D
:10E470006CDF7C3F7B911FBEAECF7C3FA51E21BED3
:10E48000C9BF7C3FB6AB22BEBDAF7C3FAD3824BE1A
:10E490008A9F7C3F8CC525BE318F7C3F515227BE61
:10E4A000B07E7C3FFCDE28BE086E7C3F8D6B2ABEB2
:10E4B0003A5D7C3F04F82BBE444C7C3F61842DBE0A
:10E4C000283B7C3FA2102FBEE5297C3FC99C30BE73
:10E4D0007A187C3FD42832BEE9067C3FC4B433BEF0
:10E4E00031F57B3F984035BE53E37B3F50CC36BE81
:10E4F0004DD17B3FEC5738BE20BF7B3F6CE339BE2C
:10E50000CDAC7B3FCF6E3BBE539A7B3F15FA3CBEF2
:10E51000B2877B3F3E853EBEEA747B3F491040BEDA
:10E52000FC617B3F379B41BEE74E7B3F072643BEE6
:10E53000AB3B7B3FB9B044BE48287B3F4D3B46BE1A
:10E54000BE147B3FC2C547BE0E017B3F185049BE7B
:10E5500037ED7A3F4FDA4ABE3AD97A3F67644CBE0C
:10E5600016C57A3F60EE4DBECBB07A3F38784FBECD
:10E57000599C7A3FF10151BEC1877A3F898B52BEC7
:10E5800002737A3F011554BE1C5E7A3F589E55BEF9
:10E5900010497A3F8F2757BEDD337A3FA4B058BE6B
:10E5A000841E7A3F97395ABE04097A3F6AC25BBE1D
:10E5B0005EF3793F1A4B5DBE91DD793FA8D35EBE15
:10E5C0009DC7793F135C60BE83B1793F5CE461BE57
:10E5D000439B793F836C63BEDC84793F86F464BEE1
:10E5E0004E6E793F667C66BE9A57793F220468BEBC
:10E5F000C040793FBA8B69BEBF29793F2F136BBEEC
:10E600009812793F7F9A6CBE4AFB783FAB216EBE71
:10E61000D6E3783FB2A86FBE3BCC783F942F71BE53
:10E620007BB4783F51B672BE939C783FE83C74BE91
:10E630008684783F5AC375BE526C783FA64977BE30
:10E64000F853783FCCCF78BE773B783FCB557ABE36
:10E65000D122783FA4DB7BBE040A783F56617DBEA1
:10E6600010F1773FE1E67EBEF7D7773F223680BED6
:10E67000B7BE773FC0F880BE51A5773F4ABB81BE89
:10E68000C58B773FC07D82BE1372773F224083BE29
:10E690003A58773F700284BE3C3E773FAAC484BE9E
:10E6A0001724773FCE8685BECC09773FDF4886BEEC
:10E6B0005BEF763FDA0A87BEC4D4763FC1CC87BE13
:10E6C00007BA763F938E88BE249F763F505089BE0E
:10E6D0001B84763FF8118ABEEC68763F8AD38ABEE7
:10E6E000974D763F07958BBE1B32763F6E568CBE9C
:10E6F0007A16763FC0178DBEB3FA753FFCD88DBE33
:10E70000C6DE753F229A8EBEB3C2753F325B8FBEA6
:10E710007BA6753F2C1C90BE1C8A753F10DD90BEF9
:10E72000976D753FDD9D91BEED50753F945E92BE35
:10E730001D34753F351F93BE2717753FBFDF93BE4E
:10E740000BFA743F31A094BEC9DC743F8D6095BE56
:10E7500062BF743FD22096BED5A1743F00E196BE41
:10E760002284743F17A197BE4966743F166198BE14
:10E770004B48743FFE2099BE272A743FCEE099BED5
:10E78000DD0B743F86A09ABE6EED733F27609BBE83
:10E79000D9CE733FAF1F9CBE1FB0733F20DF9CBE1E
:10E7A0003F91733F789E9DBE3972733FB85D9EBEA8
:10E7B0000E53733FDF1C9FBEBE33733FEEDB9FBE25
:10E7C0004714733FE59AA0BEACF4723FC259A1BE94
:10E7D000EBD4723F8718A2BE04B5723F33D7A2BEF6
:10E7E000F894723FC595A3BEC774723F3F54A4BE50
:10E7F0007054723F9F12A5BEF433723FE5D0A5BEA0
:10E800005213723F128FA6BE8CF2713F254DA7BEE8
:10E810009FD1713F1F0BA8BE8EB0713FFEC8A8BE2E
:10E82000578F713FC486A9BEFB6D713F6F44AABE6E
:10E830007A4C713F0102ABBED42A713F77BFABBEA9
:10E840000809713FD47CACBE17E7703F153AADBEE6
:10E8500002C5703F3CF7ADBEC6A2703F49B4AEBE24
:10E860006680703F3A71AFBEE15D703F102EB0BE62
:10E87000373B703FCBEAB0BE6718703F6BA7B1BEA5
:10E8800073F56F3FEF63B2BE5AD26F3F5820B3BEED
:10E890001BAF6F3FA5DCB3BEB88B6F3FD698B4BE3D
:10E8A00030686F3FEC54B5BE83446F3FE610B6BE90
:10E8B000B0206F3FC3CCB6BEBAFC6E3F8488B7BEF3
:10E8C0009ED86E3F2A44B8BE5DB46E3FB2FFB8BE5C
:10E8D000F88F6E3F1EBBB9BE6D6B6E3F6E76BABED3
:10E8E000BE466E3FA031BBBEEB216E3FB6ECBBBE59
:10E8F000F2FC6D3FAFA7BCBED5D76D3F8B62BDBEEE
:10E9000093B26D3F4A1DBEBE2D8D6D3FEBD7BEBE8F
:10E91000A1676D3F6F92BFBEF2416D3FD54CC0BE47
:10E920001D1C6D3F1E07C1BE24F66C3F48C1C1BE11
:10E9300007D06C3F557BC2BEC5A96C3F4435C3BEF2
:10E940005E836C3F15EFC3BED45C6C3FC8A8C4BEE9
:10E9500024366C3F5C62C5BE500F6C3FD21BC6BEF6
:10E9600058E86B3F29D5C6BE3BC16B3F628EC7BE20
:10E97000FB996B3F7C47C8BE95726B3F7700C9BE61
:10E980000C4B6B3F53B9C9BE5E236B3F1072CABEBE
:10E990008CFB6A3FAE2ACBBE95D36A3F2CE3CBBE3D
:10E9A0007BAB6A3F8B9BCCBE3C836A3FCA53CDBED8
:10E9B000D95A6A3FEA0BCEBE52326A3FEAC3CEBE94
:10E9C000A7096A3FCA7BCFBED7E0693F8A33D0BE72
:10E9D000E4B7693F2AEBD0BECC8E693FAAA2D1BE74
:10E9E0009165693F095AD2BE323C693F4811D3BE96
:10E9F000AE12693F67C8D3BE07E9683F647FD4BEE3
:10EA00003CBF683F4136D5BE4C95683FFDECD5BE56
:10EA1000396B683F99A3D6BE0341683F135AD7BEEE
:10EA2000A816683F6B10D8BE2AEC673FA3C6D8BEB5
:10EA300087C1673FB97CD9BEC196673FAD32DABEA8
:10EA4000D86B673F80E8DABECA40673F319EDBBEC5
:10EA50009915673FC153DCBE45EA663F2E09DDBE0E
:10EA6000CCBE663F79BEDDBE3093663FA273DEBE8C
:10EA70007167663FA928DFBE8E3B663F8DDDDFBE36
:10EA8000880F663F4F92E0BE5EE3653FEE46E1BE13
:10EA900010B7653F6AFBE1BEA08A653FC4AFE2BE26
:10EAA0000B5E653FFA63E3BE5431653F0E18E4BE6A
:10EAB0007904653FFECBE4BE7BD7643FCB7FE5BEE8
:10EAC00059AA643F7533E6BE147D643FFBE6E6BE9B
:10EAD000AC4F643F5D9AE7BE2122643F9C4DE8BE87
:10EAE00073F4633FB700E9BEA1C6633FAEB3E9BEAE
:10EAF000AC98633F8166EABE956A633F3019EBBE0E
:10EB00005A3C633FBBCBEBBEFC0D633F217EECBEAA
:10EB10007BDF623F6330EDBED7B0623F80E2EDBE87
:10EB20001082623F7994EEBE2653623F4C46EFBEA0
:10EB30001A24623FFBF7EFBEEAF4613F85A9F0BEFD
:10EB400098C5613FEA5AF1BE2296613F290CF2BE98
:10EB50008A66613F43BDF2BED036613F386EF3BE78
:10EB6000F206613F071FF4BEF2D6603FB1CFF4BE9C
:10EB7000CFA6603F3580F5BE8976603F9330F6BE04
:10EB80002146603FCBE0F6BE9615603FDC90F7BEB5
:10EB9000E9E45F3FC840F8BE19B45F3F8EF0F8BEAD
:10EBA00027835F3F2DA0F9BE12525F3FA54FFABEEB
:10EBB000DB205F3FF7FEFABE81EF5E3F22AEFBBE79
:10EBC00005BE5E3F275DFCBE678C5E3F040CFDBE4C
:10EBD000A65A5E3FBBBAFDBEC3285E3F4A69FEBE71
:10EBE000BEF65D3FB217FFBE97C45D3FF3C5FFBEE3
:10EBF0004D925D3F063A00BFE15F5D3FFF9000BF71
:10EC0000532D5D3FE4E700BFA3FA5C3FB53E01BF73
:10EC1000D1C75C3F739501BFDD945C3F1CEC01BF25
:10EC2000C7615C3FB14202BF8E2E5C3F329902BF8A
:10EC300034FB5B3F9FEF02BFB8C75B3FF84503BFA4
:10EC40001A945B3F3D9C03BF5A605B3F6DF203BF6C
:10EC5000792C5B3F894804BF75F85A3F919E04BFE9
:10EC600050C45A3F84F404BF09905A3F624A05BF1A
:10EC7000A05B5A3F2CA005BF16275A3FE2F505BFFF
:10EC80006AF2593F824B06BF9CBD593F0EA106BF99
:10EC9000AD88593F86F606BF9C53593FE84B07BFE6
:10ECA0006A1E593F36A107BF17E9583F6FF607BFE5
:10ECB000A1B3583F924B08BF0B7E583FA1A008BF9D
:10ECC0005348583F9BF508BF7912583F7F4A09BF08
:10ECD0007FDC573F4E9F09BF63A6573F09F409BF2A
:10ECE0002670573FAD480ABFC739573F3D9D0ABF01
:10ECF0004803573FB7F10ABFA7CC563F1C460BBF8E
:10ED0000E595563F6B9A0BBF025F563FA5EE0BBFD2
:10ED1000FE27563FC9420CBFD9F0553FD7960CBFCE
:10ED200093B9553FD0EA0CBF2C82553FB33E0DBF7F
:10ED3000A44A553F81920DBFFB12553F38E60DBFE7
:10ED400031DB543FDA390EBF47A3543F658D0EBF08
:10ED50003B6B543FDBE00EBF0F33543F3B340FBFE0
:10ED6000C3FA533F84870FBF55C2533FB8DA0FBF72
:10ED7000C789533FD52D10BF1851533FDC8010BFBA
:10ED80004918533FCDD310BF59DF523FA72611BFBB
:10ED900049A6523F6B7911BF186D523F19CC11BF74
:10EDA000C633523FB01E12BF54FA513F307112BFEA
:10EDB000C2C0513F9AC312BF1087513FEE1513BF17
:10EDC0003D4D513F2A6813BF4A13513F50BA13BFFC
:10EDD00037D9503F5F0C14BF039F503F585E14BF9C
:10EDE000AF64503F39B014BF3B2A503F040215BFF7
:10EDF000A8EF4F3FB75315BFF4B44F3F54A515BF0D
:10EE00001F7A4F3FD9F615BF2B3F4F3F474816BFDC
:10EE100017044F3F9F9916BFE4C84E3FDFEA16BF65
:10EE2000908D4E3F073C17BF1C524E3F188D17BFA9
:10EE300089164E3F12DE17BFD5DA4D3FF52E18BFAB
:10EE4000029F4D3FC07F18BF10634D3F73D018BF66
:10EE5000FD264D3F0F2119BFCBEA4C3F947119BFDE
:10EE600079AE4C3F00C219BF08724C3F55121ABF11
:10EE700078354C3F93621ABFC7F84B3FB8B21ABF00
:10EE8000F8BB4B3FC6021BBF097F4B3FBB521BBFAA
:10EE9000FA414B3F99A21BBFCC044B3F5FF21BBF13
:10EEA0007FC74A3F0C421CBF138A4A3FA2911CBF36
:10EEB000874C4A3F1FE11CBFDC0E4A3F84301DBF18
:10EEC00012D1493FD17F1DBF2993493F06CF1DBFB6
:10EED0002155493F221E1EBFFA16493F266D1EBF0F
:10EEE000B3D8483F12BC1EBF4E9A483FE50A1FBF29
:10EEF000CA5B483F9F591FBF271D483F41A81FBFFE
:10EF000065DE473FCBF61FBF849F473F3B4520BF91
:10EF10008560473F939320BF6721473FD2E120BFE1
:10EF20002AE2463FF92F21BFCEA2463F067E21BFEF
:10EF30005463463FFBCB21BFBB23463FD71922BFBB
:10EF400003E4453F996722BF2DA4453F43B522BF47
:10EF50003964453FD30223BF2624453F4B5023BF8E
:10EF6000F5E3443FA99D23BFA5A3443FEEEA23BF99
:10EF70003763443F1A3824BFAB22443F2C8524BF5B
:10EF800000E2433F25D224BF38A1433F041F25BFE1
:10EF90005160433FCB6B25BF4C1F433F77B825BF24
:10EFA00029DE423F0A0526BFE89C423F845126BF26
:10EFB000895B423FE39D26BF0B1A423F2AEA26BFE8
:10EFC00070D8413F563627BFB796413F688227BF6A
:10EFD000E154413F61CE27BFEC12413F401A28BFA8
:10EFE000DAD0403F056628BFA98E403FB0B128BFA8
:10EFF0005C4C403F41FD28BFF009403FB84829BF65
:10F0000067C73F3F159429BFC0843F3F57DF29BFE3
:10F01000FC413F3F802A2ABF1BFF3E3F8E752ABF1F
:10F020001BBC3E3F82C02ABFFF783E3F5B0B2BBF1D
:10F03000C5353E3F1B562BBF6EF23D3FBFA02BBFD9
:10F04000F9AE3D3F4AEB2BBF676B3D3FB9352CBF57
:10F05000B8273D3F0F802CBFECE33C3F49CA2CBF93
:10F0600003A03C3F69142DBFFC5B3C3F6F5E2DBF8E
:10F07000D9173C3F59A82DBF98D33B3F29F22DBF4C
:10F080003B8F3B3FDE3B2EBFC14A3B3F78852EBFC7
:10F0900029063B3FF7CE2EBF75C13A3F5B182FBF05
:10F0A000A47C3A3FA5612FBFB7373A3FD3AA2FBF01
:10F0B000ACF2393FE6F32FBF85AD393FDE3C30BFC0
:10F0C0004268393FBB8530BFE122393F7CCE30BF3B
:10F0D00065DD383F221731BFCB97383FAD5F31BF79
:10F0E0001652383F1DA831BF430C383F71F031BF75
:10F0F00055C6373FAA3832BF4A80373FC78032BF34
:10F10000233A373FC9C832BFDFF3363FAF1033BFB2
:10F110007FAD363F7A5833BF0467363F29A033BFEF
:10F120006C20363FBCE733BFB8D9353F342F34BFEE
:10F13000E792353F8F7634BFFB4B353FCFBD34BFB1
:10F14000F304353FF30435BFCFBD343FFB4B35BF30
:10F150008F76343FE79235BF342F343FB8D935BF6F
:10F16000BCE7333F6C2036BF29A0333F046736BF6E
:10F170007A58333F7FAD36BFAF10333FDFF336BF32
:10F18000C9C8323F233A37BFC780323F4A8037BFB2
:10F19000AA38323F55C637BF71F0313F430C38BFF4
:10F1A0001DA8313F165238BFAD5F313FCB9738BFF6
:10F1B0002217313F65DD38BF7CCE303FE12239BFB9
:10F1C000BB85303F426839BFDE3C303F85AD39BF3B
:10F1D000E6F32F3FACF239BFD3AA2F3FB7373ABF80
:10F1E000A5612F3FA47C3ABF5B182F3F75C13ABF82
:10F1F000F7CE2E3F29063BBF78852E3FC14A3BBF45
:10F20000DE3B2E3F3B8F3BBF29F22D3F98D33BBFC8
:10F2100059A82D3FD9173CBF6F5E2D3FFC5B3CBF0B
:10F2200069142D3F03A03CBF49CA2C3FECE33CBF0F
:10F230000F802C3FB8273DBFB9352C3F676B3DBFD2
:10F240004AEB2B3FF9AE3DBFBFA02B3F6EF23DBF57
:10F250001B562B3FC5353EBF5B0B2B3FFF783EBF98
:10F2600082C02A3F1BBC3EBF8E752A3F1BFF3EBF9C
:10F27000802A2A3FFC413FBF57DF293FC0843FBF60
:10F280001594293F67C73FBFB848293FF00940BFE1
:10F2900041FD283F5C4C40BFB0B1283FA98E40BF24
:10F2A0000566283FDAD040BF401A283FEC1241BF24
:10F2B00061CE273FE15441BF6882273FB79641BFE7
:10F2C0005636273F70D841BF2AEA263F0B1A42BF65
:10F2D000E39D263F895B42BF8451263FE89C42BFA5
:10F2E0000A05263F29DE42BF77B8253F4C1F43BFA2
:10F2F000CB6B253F516043BF041F253F38A143BF5F
:10F3000025D2243F00E243BF2C85243FAB2244BFDB
:10F310001A38243F376344BFEEEA233FA5A344BF16
:10F32000A99D233FF5E344BF4B50233F262445BF0F
:10F33000D302233F396445BF43B5223F2DA445BFC7
:10F340009967223F03E445BFD719223FBB2346BF3D
:10F35000FBCB213F546346BF067E213FCEA246BF72
:10F36000F92F213F2AE246BFD2E1203F672147BF64
:10F370009393203F856047BF3B45203F849F47BF15
:10F38000CBF61F3F65DE47BF41A81F3F271D48BF83
:10F390009F591F3FCA5B48BFE50A1F3F4E9A48BFAF
:10F3A00012BC1E3FB3D848BF266D1E3FFA1649BF98
:10F3B000221E1E3F215549BF06CF1D3F299349BF3D
:10F3C000D17F1D3F12D149BF84301D3FDC0E4ABFA3
:10F3D0001FE11C3F874C4ABFA2911C3F138A4ABFC2
:10F3E0000C421C3F7FC74ABF5FF21B3FCC044BBFA0
:10F3F00099A21B3FFA414BBFBB521B3F097F4BBF3A
:10F40000C6021B3FF8BB4BBFB8B21A3FC7F84BBF91
:10F4100093621A3F78354CBF55121A3F08724CBFA1
:10F4200000C2193F79AE4CBF9471193FCBEA4CBF73
:10F430000F21193FFD264DBF73D0183F10634DBFFC
:10F44000C07F183F029F4DBFF52E183FD5DA4DBF44
:10F4500012DE173F89164EBF188D173F1C524EBF44
:10F46000073C173F908D4EBFDFEA163FE4C84EBF02
:10F470009F99163F17044FBF4748163F2B3F4FBF7A
:10F48000D9F6153F1F7A4FBF54A5153FF4B44FBFAF
:10F49000B753153FA8EF4FBF0402153F3B2A50BF9B
:10F4A00039B0143FAF6450BF585E143F039F50BF44
:10F4B0005F0C143F37D950BF50BA133F4A1351BFA6
:10F4C0002A68133F3D4D51BFEE15133F108751BFC2
:10F4D0009AC3123FC2C051BF3071123F54FA51BF9C
:10F4E000B01E123FC63352BF19CC113F186D52BF28
:10F4F0006B79113F49A652BFA726113F59DF52BF72
:10F50000CDD3103F491853BFDC80103F185153BF73
:10F51000D52D103FC78953BFB8DA0F3F55C253BF2F
:10F5200084870F3FC3FA53BF3B340F3F0F3354BFA1
:10F53000DBE00E3F3B6B54BF658D0E3F47A354BFCE
:10F54000DA390E3F31DB54BF38E60D3FFB1255BFB1
:10F5500081920D3FA44A55BFB33E0D3F2C8255BF4B
:10F56000D0EA0C3F93B955BFD7960C3FD9F055BFA1
:10F57000C9420C3FFE2756BFA5EE0B3F025F56BFA8
:10F580006B9A0B3FE59556BF1C460B3FA7CC56BF69
:10F59000B7F10A3F480357BF3D9D0A3FC73957BFE0
:10F5A000AD480A3F267057BF09F4093F63A657BF0D
:10F5B0004E9F093F7FDC57BF7F4A093F791258BFF2
:10F5C0009BF5083F534858BFA1A0083F0B7E58BF8A
:10F5D000924B083FA1B358BF6FF6073F17E958BFDA
:10F5E00036A1073F6A1E59BFE84B073F9C5359BFDE
:10F5F00086F6063FAD8859BF0EA1063F9CBD59BF98
:10F60000824B063F6AF259BFE2F5053F16275ABF03
:10F610002CA0053FA05B5ABF624A053F09905ABF24
:10F6200084F4043F50C45ABF919E043F75F85ABFFA
:10F630008948043F792C5BBF6DF2033F5A605BBF82
:10F640003D9C033F1A945BBFF845033FB8C75BBFBF
:10F650009FEF023F34FB5BBF3299023F8E2E5CBFAF
:10F66000B142023FC7615CBF1CEC013FDD945CBF4F
:10F670007395013FD1C75CBFB53E013FA3FA5CBFA4
:10F68000E4E7003F532D5DBFFF90003FE15F5DBFAA
:10F69000063A003F4D925DBFF3C5FF3E97C45DBF84
:10F6A000B217FF3EBEF65DBF4A69FE3EC3285EBF8D
:10F6B000BBBAFD3EA65A5EBF040CFD3E678C5EBF22
:10F6C000275DFC3E05BE5EBF22AEFB3E81EF5EBF06
:10F6D000F7FEFA3EDB205FBFA54FFA3E12525FBF36
:10F6E0002DA0F93E27835FBF8EF0F83E19B45FBFAF
:10F6F000C840F83EE9E45FBFDC90F73E961560BF76
:10F70000CBE0F63E214660BF9330F63E897660BF7F
:10F710003580F53ECFA660BFB1CFF43EF2D660BFD4
:10F72000071FF43EF20661BF386EF33ED03661BF6C
:10F7300043BDF23E8A6661BF290CF23E229661BF4C
:10F74000EA5AF13E98C561BF85A9F03EEAF461BF6F
:10F75000FBF7EF3E1A2462BF4C46EF3E265362BFD2
:10F760007994EE3E108262BF80E2ED3ED7B062BF78
:10F770006330ED3E7BDF62BF217EEC3EFC0D63BF5C
:10F78000BBCBEB3E5A3C63BF3019EB3E956A63BF7F
:10F790008166EA3EAC9863BFAEB3E93EA1C663BFE3
:10F7A000B700E93E73F463BF9C4DE83E212264BF7D
:10F7B0005D9AE73EAC4F64BFFBE6E63E147D64BF56
:10F7C0007533E63E59AA64BFCB7FE53E7BD764BF65
:10F7D000FECBE43E790465BF0E18E43E543165BFAC
:10F7E000FA63E33E0B5E65BFC4AFE23EA08A65BF2D
:10F7F0006AFBE13E10B765BFEE46E13E5EE365BFE2
:10F800004F92E03E880F66BF8DDDDF3E8E3B66BFC8
:10F81000A928DF3E716766BFA273DE3E309366BFE4
:10F8200079BEDD3ECCBE66BF2E09DD3E45EA66BF31
:10F83000C153DC3E991567BF319EDB3ECA4067BFAE
:10F8400080E8DA3ED86B67BFAD32DA3EC19667BF5B
:10F85000B97CD93E87C167BFA3C6D83E2AEC67BF33
:10F860006B10D83EA81668BF135AD73E034168BF35
:10F8700099A3D63E396B68BFFDECD53E4C9568BF69
:10F880004136D53E3CBF68BF647FD43E07E968BFC0
:10F8900067C8D33EAE1269BF4811D33E323C69BF40
:10F8A000095AD23E916569BFAAA2D13ECC8E69BFEA
:10F8B0002AEBD03EE4B769BF8A33D03ED7E069BFB8
:10F8C000CA7BCF3EA7096ABFEAC3CE3E52326ABFA7
:10F8D000EA0BCE3ED95A6ABFCA53CD3E3C836ABFBB
:10F8E0008B9BCC3E7BAB6ABF2CE3CB3E95D36ABFF0
:10F8F000AE2ACB3E8CFB6ABF1072CA3E5E236BBF42
:10F9000053B9C93E0C4B6BBF7700C93E95726BBFB4
:10F910007C47C83EFB996BBF628EC73E3BC16BBF45
:10F9200029D5C63E58E86BBFD21BC63E500F6CBFF0
:10F930005C62C53E24366CBFC8A8C43ED45C6CBFB4
:10F9400015EFC33E5E836CBF4435C33EC5A96CBF93
:10F95000557BC23E07D06CBF48C1C13E24F66CBF88
:10F960001E07C13E1D1C6DBFD54CC03EF2416DBF90
:10F970006F92BF3EA1676DBFEBD7BE3E2D8D6DBFB1
:10F980004A1DBE3E93B26DBF8B62BD3ED5D76DBFE3
:10F99000AFA7BC3EF2FC6DBFB6ECBB3EEB216EBF29
:10F9A000A031BB3EBE466EBF6E76BA3E6D6B6EBF7B
:10F9B0001EBBB93EF88F6EBFB2FFB83E5DB46EBFDE
:10F9C0002A44B83E9ED86EBF8488B73EBAFC6EBF4C
:10F9D000C3CCB63EB0206FBFE610B63E83446FBFC7
:10F9E000EC54B53E30686FBFD698B43EB88B6FBF4D
:10F9F000A5DCB33E1BAF6FBF5820B33E5AD26FBFDA
:10FA0000EF63B23E73F56FBF6BA7B13E671870BF6F
:10FA1000CBEAB03E373B70BF102EB03EE15D70BF09
:10FA20003A71AF3E668070BF49B4AE3EC6A270BFA9
:10FA30003CF7AD3E02C570BF153AAD3E17E770BF4B
:10FA4000D47CAC3E080971BF77BFAB3ED42A71BFEE
:10FA50000102AB3E7A4C71BF6F44AA3EFB6D71BF91
:10FA6000C486A93E578F71BFFEC8A83E8EB071BF35
:10FA70001F0BA83E9FD171BF254DA73E8CF271BFD1
:10FA8000128FA63E521372BFE5D0A53EF43372BF6B
:10FA90009F12A53E705472BF3F54A43EC77472BFFC
:10FAA000C595A33EF89472BF33D7A23E04B572BF8A
:10FAB0008718A23EEBD472BFC259A13EACF472BF0C
:10FAC000E59AA03E471473BFEEDB9F3EBE3373BF83
:10FAD000DF1C9F3E0E5373BFB85D9E3E397273BFED
:10FAE000789E9D3E3F9173BF20DF9C3E1FB073BF49
:10FAF000AF1F9C3ED9CE73BF27609B3E6EED73BF98
:10FB000086A09A3EDD0B74BFCEE0993E272A74BFD3
:10FB1000FE20993E4B4874BF1661983E496674BFFB
:10FB200017A1973E228474BF00E1963ED5A174BF11
:10FB3000D220963E62BF74BF8D60953EC9DC74BF13
:10FB400031A0943E0BFA74BFBFDF933E271775BFF9
:10FB5000351F933E1D3475BF945E923EED5075BFC8
:10FB6000DD9D913E976D75BF10DD903E1C8A75BF7F
:10FB70002C1C903E7BA675BF325B8F3EB3C275BF17
:10FB8000229A8E3EC6DE75BFFCD88D3EB3FA75BF95
:10FB9000C0178D3E7A1676BF6E568C3E1B3276BFEE
:10FBA00007958B3E974D76BF8AD38A3EEC6876BF29
:10FBB000F8118A3E1B8476BF5050893E249F76BF41
:10FBC000938E883E07BA76BFC1CC873EC4D476BF39
:10FBD000DA0A873E5BEF76BFDF48863ECC0977BF07
:10FBE000CE86853E172477BFAAC4843E3C3E77BFAD
:10FBF0007002843E3A5877BF2240833E137277BF2B
:10FC0000C07D823EC58B77BF4ABB813E51A577BF81
:10FC1000C0F8803EB7BE77BF2236803EF7D777BFA9
:10FC2000E1E67E3E10F177BF56617D3E040A78BF63
:10FC3000A4DB7B3ED12278BFCB557A3E773B78BFA1
:10FC4000CCCF783EF85378BFA649773E526C78BF48
:10FC50005AC3753E868478BFE83C743E939C78BF57
:10FC600051B6723E7BB478BF942F713E3BCC78BFC7
:10FC7000B2A86F3ED6E378BFAB216E3E4AFB78BF99
:10FC80007F9A6C3E981279BF2F136B3EBF2979BFC4
:10FC9000BA8B693EC04079BF2204683E9A5779BF4B
:10FCA000667C663E4E6E79BF86F4643EDC8479BF26
:10FCB000836C633E439B79BF5CE4613E83B179BF53
:10FCC000135C603E9DC779BFA8D35E3E91DD79BFCE
:10FCD0001A4B5D3E5EF379BF6AC25B3E04097ABF90
:10FCE00097395A3E841E7ABFA4B0583EDD337ABF9E
:10FCF0008F27573E10497ABF589E553E1C5E7ABFEB
:10FD00000115543E02737ABF898B523EC1877ABF78
:10FD1000F101513E599C7ABF38784F3ECBB07ABF43
:10FD200060EE4D3E16C57ABF67644C3E3AD97ABF45
:10FD30004FDA4A3E37ED7ABF1850493E0E017BBF7D
:10FD4000C2C5473EBE147BBF4D3B463E48287BBFE5
:10FD5000B9B0443EAB3B7BBF0726433EE74E7BBF7B
:10FD6000379B413EFC617BBF4910403EEA747BBF3C
:10FD70003E853E3EB2877BBF15FA3C3E539A7BBF21
:10FD8000CF6E3B3ECDAC7BBF6CE3393E20BF7BBF2B
:10FD9000EC57383E4DD17BBF50CC363E53E37BBF52
:10FDA0009840353E31F57BBFC4B4333EE9067CBF95
:10FDB000D428323E7A187CBFC99C303EE5297CBFEE
:10FDC000A2102F3E283B7CBF61842D3E444C7CBF5B
:10FDD00004F82B3E3A5D7CBF8D6B2A3E086E7CBFDB
:10FDE000FCDE283EB07E7CBF5152273E318F7CBF67
:10FDF0008CC5253E8A9F7CBFAD38243EBDAF7CBFFD
:10FE0000B6AB223EC9BF7CBFA51E213EAECF7CBF94
:10FE10007B911F3E6CDF7CBF38041E3E03EF7CBF2E
:10FE2000DE761C3E73FE7CBF6BE91A3EBC0D7DBFC7
:10FE3000E05B193EDD1C7DBF3DCE173ED82B7DBF5C
:10FE40008340163EAC3A7DBFB2B2143E59497DBFE5
:10FE5000CA24133EDE577DBFCC96113E3D667DBF62
:10FE6000B708103E74747DBF8B7A0E3E85827DBFCD
:10FE70004AEC0C3E6E907DBFF35D0B3E309E7DBF25
:10FE800086CF093ECCAB7DBF0541083E40B97DBF62
:10FE90006EB2063E8CC67DBFC223053EB2D37DBF87
:10FEA0000295033EB1E07DBF2E06023E88ED7DBF88
:10FEB0004577003E38FA7DBF92D0FD3DC2067EBF39
:10FEC00073B2FA3D24137EBF2C94F73D5E1F7EBFB4
:10FED000C075F43D722B7EBF2E57F13D5E377EBF5D
:10FEE0007638EE3D23437EBF9A19EB3DC14E7EBF6F
:10FEF0009AFAE73D385A7EBF76DBE43D88657EBFDF
:10FF00002EBCE13DB0707EBFC49CDE3DB17B7EBFA8
:10FF1000377DDB3D8B867EBF895DD83D3D917EBFC1
:10FF2000B93DD53DC99B7EBFC81DD23D2DA67EBF24
:10FF3000B7FDCE3D69B07EBF86DDCB3D7FBA7EBFCB
:10FF400036BDC83D6DC47EBFC69CC53D34CE7EBFA8
:10FF5000397CC23DD4D77EBF8D5BBF3D4CE17EBFB7
:10FF6000C33ABC3D9DEA7EBFDD19B93DC7F37EBFF4
:10FF7000DAF8B53DC9FC7EBFBBD7B23DA4057FBF53
:10FF800080B6AF3D580E7FBF2B95AC3DE4167FBFCA
:10FF9000BA73A93D491F7FBF3052A63D87277FBF57
:10FFA0008C30A33D9D2F7FBFCF0EA03D8D377FBFEF
:10FFB000F9EC9C3D543F7FBF0ACB993DF4467FBF8F
:10FFC00005A9963D6D4E7FBFE786933DBF557FBF28
:10FFD000B464903DE95C7FBF6A428D3DEC637FBFB6
:10FFE0000A208A3DC76A7FBF94FD863D7B717FBF33
:10FFF0000ADB833D08787FBF6CB8803D6D7E7FBF94
:020000040802F0
:10000000742B7B3DAB847FBFE9E5743DC28A7FBF23
:1000100038A06E3DB1907FBF625A683D78967FBF31
:100020006814623D189C7FBF4CCE5B3D91A17FBFA1
:100030000E88553DE3A67FBFAF414F3D0DAC7FBF5E
:100040002FFB483D0FB17FBF91B4423DEAB57FBF62
:10005000D56D3C3D9EBA7FBFFC26363D2ABF7FBF93
:1000600007E02F3D8FC37FBFF698293DCCC77FBFE8
:10007000CC51233DE2CB7FBF880A1D3DD1CF7FBF4E
:100080002CC3163D98D37FBFB87B103D37D77FBFB9
:100090002F340A3DAFDA7FBF90EC033D00DE7FBF17
:1000A000B949FB3C29E17FBF2DBAEE3C2BE47FBF71
:1000B0007B2AE23C05E77FBFA69AD53CB8E97FBF23
:1000C000B00AC93C43EC7FBF9B7ABC3CA7EE7FBF24
:1000D00069EAAF3CE3F07FBF1C5AA33CF8F27FBF54
:1000E000B6C9963CE6F47FBF38398A3CACF67FBF90
:1000F0004B517B3C4AF87FBF0030623CC1F97FBF67
:10010000900E493C11FB7FBF02ED2F3C39FC7FBFB5
:1001100059CB163C39FD7FBF3053FB3B13FE7FBFED
:10012000890FC93BC4FE7FBFC1CB963B4EFF7FBF4B
:10013000C70F493BB1FF7FBFD40FC93AECFF7FBF68
:1001400010000000E8CC0008684C01081400000012
:100150002000000068CD0008904C0108300000002D
:100160004000000068CE0008F04C01083800000094
:100170008000000068D00008604D0108D000000039
:100180000001000068D40008004F0108B801000019
:100190000002000068DC000870520108C001000085
:1001A0000004000068EC0008F05501080807000092
:1001B00000080000680C010800640108E00E00005F
:1001C00004000000494E4600696E66004E414E0034
:1001D0006E616E00300030313233343536373839A5
:1001E00041424344454600303132333435363738A6
:1001F000396162636465660065256C6400496E66FA
:10020000696E697479004E614E005245454E542026
:100210006D616C6C6F6320737563636565646564A1
:10022000002F6275696C642F676E752D746F6F6C2B
:10023000732D666F722D73746D33325F31342E33CC
:100240002E72656C312E32303235313032372D30EE
:100250003730302F7372632F6E65776C69622F6E43
:1002600065776C69622F6C6962632F7374646C6963
:10027000622F64746F612E630042616C6C6F632047
:10028000737563636565646564002F6275696C648A
:100290002F676E752D746F6F6C732D666F722D7373
:1002A000746D33325F31342E332E72656C312E32E1
:1002B000303235313032372D303730302F73726372
:1002C0002F6E65776C69622F6E65776C69622F6C33
:1002D0006962632F7374646C69622F6D70726563F9
:1002E0002E63002E00232D302B2000686C4C0065FF
:1002F0006667454647004300504F534958002C203D
:1003000066756E6374696F6E3A200061737365720F
:1003100074696F6E2022257322206661696C6564A2
:100320003A2066696C6520222573222C206C696E48
:1003300065202564257325730A002F6275696C6436
:100340002F676E752D746F6F6C732D666F722D73C2
:10035000746D33325F31342E332E72656C312E3230
:10036000303235313032372D303730302F737263C1
:100370002F6E65776C69622F6E65776C69622F6C82
:100380006962632F7374646C69622F6764746F6150
:100390002D6765746865782E630000000500000015
:1003A000190000007D0000000080E03779C3414360
:1003B000176E05B5B5B89346F5F93FE9034F384DCB
:1003C000321D30F94877825A3CBF737FDD4F157577
:1003D000000000000000F03F00000000000024408A
:1003E00000000000000059400000000000408F4065
:1003F000000000000088C34000000000006AF840D0
:100400000000000080842E4100000000D0126341F3
:100410000000000084D797410000000065CDCD4169
:10042000000000205FA00242000000E8764837424A
:10043000000000A2941A6D42000040E59C30A242E8
:100440000000901EC4BCD64200003426F56B0C435D
:100450000080E03779C3414300A0D8855734764304
:1004600000C84E676DC1AB43003D9160E458E14365
:10047000408CB5781DAF154450EFE2D6E41A4B44DA
:1004800092D54D06CFF08044F64AE1C7022DB5441F
:10049000B49DD9794378EA4434000000CEFBFFFFD5
:1004A000CB03000001000000000000003500000048
:1004B000CEFBFFFFCB0300000100000000000000A6
:1004C000BC89D897B2D29C3C33A7A8D523F649392A
:1004D0003DA7F444FD0FA5329D978CCF08BA5B254C
:1004E000436FAC64280668110020202020202020C3
:1004F00020202828282828202020202020202020D4
:1005000020202020202020202088101010101010E3
:10051000101010101010101010040404040404042F
:1005200004040410101010101010414141414141C9
:1005300001010101010101010101010101010101AB
:1005400001010101101010101010424242424242BB
:10055000020202020202020202020202020202027B
:100560000202020210101010200000000000000023
:10057000000000000000000000000000000000007B
:10058000000000000000000000000000000000006B
:10059000000000000000000000000000000000005B
:1005A000000000000000000000000000000000004B
:1005B000000000000000000000000000000000003B
:1005C000000000000000000000000000000000002B
:1005D000000000000000000000000000000000001B
:1005E000000000000000000000000000000FC93FF4
:1005F000000F494000CB9640000FC9400053FB401C
:1006000000CB164100ED2F41000F494100316241FE
:1006100000537B41003A8A4100CB9641005CA341E4
:1006200000EDAF41007EBC41000FC94100A0D541A3
:100630000031E24100C2EE410053FB4100F20342AF
:10064000003A0A420083104200CB164200141D42B9
:10065000005C234200A5294200ED2F4200363642BD
:10066000007E3C4200C74242000F4942A200000007
:10067000F9000000830000006E0000004E00000042
:10068000440000001500000029000000FC000000EC
:100690002700000057000000D1000000F500000016
:1006A00034000000DD000000C0000000DB0000009E
:1006B0006200000095000000990000003C0000006E
:1006C000430000009000000041000000FE00000018
:1006D0005100000063000000AB000000DE000000DD
:1006E000BB000000C500000061000000B700000072
:1006F000240000006E0000003A00000042000000EC
:100700004D000000D2000000E000000006000000E4
:10071000490000002E000000EA000000090000006F
:10072000D1000000920000001C000000FE0000004C
:100730001D000000EB0000001C000000B1000000E4
:1007400029000000A70000003E000000E8000000B3
:100750008200000035000000F50000002E000000BF
:10076000BB0000004400000084000000E90000001D
:100770009C0000007000000026000000B400000093
:100780005F0000007E000000410000003900000012
:1007900091000000D6000000390000008300000036
:1007A0005300000039000000F40000009C0000002D
:1007B000840000005F0000008B000000BD0000000E
:1007C000F9000000280000003B0000001F000000AE
:1007D000F800000097000000FF000000DE000000AD
:1007E00005000000980000000F000000EF0000006E
:1007F0002F000000110000008B0000005A000000D4
:100800000A0000006D0000001F0000006D000000E5
:10081000360000007E000000CF000000270000002E
:10082000CB00000009000000B70000004F000000EE
:10083000460000003F000000660000009E0000002F
:100840005F000000EA0000002D00000075000000BD
:1008500027000000BA000000C7000000EB00000005
:10086000E5000000F10000007B0000003D000000FA
:100870000700000039000000F70000008A000000B7
:100880005200000092000000EA0000006B0000002F
:10089000FB0000005F000000B10000001F0000002E
:1008A0008D0000005D000000080000005600000000
:1008B000030000003000000046000000FC000000C3
:1008C0007B0000006B000000AB000000F0000000A7
:1008D000CF000000BC000000200000009A000000D3
:1008E000F4000000360000001D000000A900000018
:1008F000E300000091000000610000005E000000C5
:10090000E60000001B000000080000006500000079
:1009100099000000850000005F0000001400000046
:10092000A000000068000000400000008D000000F2
:10093000FF000000D8000000800000004D00000013
:1009400073000000270000003100000006000000D6
:10095000060000001500000056000000CA0000005C
:1009600073000000A8000000C90000006000000043
:10097000E20000007B000000C00000008C000000CE
:100980006B0000000000C93F0000F0390000DA37BA
:100990000000A2330000842E0000502B0000C2276C
:1009A0000000D0220000C41F0000C61B0000441736
:0C09B00004000000070000000900000027
:0809BC0054F8FD7F010000006A
:0409C400F501000831
:0409C800D101000851
:1009CC000024F40000003B43AAAAAAAA00000000DD
:1009DC00030000000C5301201C000020000000004C
:1009EC000C53012074530120DC5301200000000043
:1009FC0000000000000000000000000000000000EB
:100A0C0000000000000000000000000000000000DA
:100A1C0000000000000000000000000000000000CA
:100A2C000000000000000000430000000000000077
:100A3C0000000000000000000000000000000000AA
:100A4C000000000000000000430000000000000057
:100A5C00000000000000000000000000000000008A
:100A6C000000000000000000430000000000000037
:100A7C00000000000000000000000000000000006A
:100A8C000000000000000000430000000000000017
:100A9C00000000000000000000000000000000004A
:100AAC0000000000000000004300000000000000F7
:100ABC00000000000000000000000000000000002A
:100ACC0000000000000000004300000000000000D7
:100ADC00000000000000000000000000000000000A
:100AEC0000000000000000004300000000000000B7
:100AFC0000000000000000000000000000000000EA
:100B0C0000000000000000002BB90008ABB8000882
:100B1C0000000000E8040208E3020208390302089E
:100B2C0039030208390302083903020839030208A1
:100B3C003903020839030208390302083903020891
:100B4C00FFFFFFFFFFFFFFFFFFFFFFFFFFFF0000A7
:100B5C00010041534349490000000000000000001F
:100B6C000000000000000000000000000000000079
:100B7C000000415343494900000000000000000000
:100B8C000000000000000000000000000000000059
:040B9C000000000055
:0400000508003F7937
:00000001FF
